ORDERNUMBER,QUANTITYORDERED,PRICEEACH,ORDERLINENUMBER,SALES,ORDERDATE,STATUS,QTR_ID,MONTH_ID,YEAR_ID,PRODUCTLINE,MSRP,PRODUCTCODE,CUSTOMERNAME,PHONE,ADDRESSLINE1,ADDRESSLINE2,CITY,STATE,POSTALCODE,COUNTRY,TERRITORY,CONTACTLASTNAME,CONTACTFIRSTNAME,DEALSIZE
10107,30,95.0,2,2850.0,2003-02-24,Shipped,1,2,2003,Motorcycles,95,S10_1678,Land of Toys Inc.,2125557818,897 Long Airport Avenue,,NYC,NY,10022,USA,,Yu,Kwai,Small
10121,34,81.35,5,2765.9,2003-05-07,Shipped,2,5,2003,Motorcycles,95,S10_1678,Reims Collectables,26.47.1555,59 rue de l'Abbaye,,Reims,N/A,51100,France,EMEA,Henriot,Paul,Small
10134,41,94.74,2,3884.34,2003-07-01,Shipped,3,7,2003,Motorcycles,95,S10_1678,Lyon Souveniers,+33 1 46 62 7555,27 rue du Colonel Pierre Avia,,Paris,N/A,75508,France,EMEA,Da Cunha,Daniel,Medium
10145,45,83.26,6,3746.7,2003-08-25,Shipped,3,8,2003,Motorcycles,95,S10_1678,Toys4GrownUps.com,6265557265,78934 Hillside Dr.,,Pasadena,CA,90003,USA,,Young,Julie,Medium
10159,49,95.0,14,4655.0,2003-10-10,Shipped,4,10,2003,Motorcycles,95,S10_1678,Corporate Gift Ideas Co.,6505551386,7734 Strong St.,,San Francisco,CA,UNKNOWN,USA,,Brown,Julie,Medium
10168,36,95.0,1,3420.0,2003-10-28,Shipped,4,10,2003,Motorcycles,95,S10_1678,Technics Stores Inc.,6505556809,9408 Furth Circle,,Burlingame,CA,94217,USA,,Hirano,Juri,Medium
10180,29,86.13,9,2497.77,2003-11-11,Shipped,4,11,2003,Motorcycles,95,S10_1678,Daedalus Designs Imports,20.16.1555,"184, chausse de Tournai",,Lille,N/A,59000,France,EMEA,Rance,Martine,Small
10188,48,95.0,1,4560.0,2003-11-18,Shipped,4,11,2003,Motorcycles,95,S10_1678,Herkku Gifts,+47 2267 3215,"Drammen 121, PR 744 Sentrum",,Bergen,N/A,N 5804,Norway,EMEA,Oeztan,Veysel,Medium
10201,22,95.0,2,2090.0,2003-12-01,Shipped,4,12,2003,Motorcycles,95,S10_1678,Mini Wheels Co.,6505555787,5557 North Pendale Street,,San Francisco,CA,UNKNOWN,USA,,Murphy,Julie,Small
10211,41,95.0,14,3895.0,2004-01-15,Shipped,1,1,2004,Motorcycles,95,S10_1678,Auto Canal Petit,(1) 47.55.6555,"25, rue Lauriston",,Paris,N/A,75016,France,EMEA,Perrier,Dominique,Medium
10223,37,95.0,1,3515.0,2004-02-20,Shipped,1,2,2004,Motorcycles,95,S10_1678,"Australian Collectors, Co.",03 9520 4555,636 St Kilda Road,Level 3,Melbourne,Victoria,3004,Australia,APAC,Ferguson,Peter,Medium
10237,23,95.0,7,2185.0,2004-04-05,Shipped,2,4,2004,Motorcycles,95,S10_1678,Vitachrome Inc.,2125551500,2678 Kingston Rd.,Suite 101,NYC,NY,10022,USA,,Frick,Michael,Small
10251,28,95.0,2,2660.0,2004-05-18,Shipped,2,5,2004,Motorcycles,95,S10_1678,Tekni Collectables Inc.,2015559350,7476 Moss Rd.,,Newark,NJ,94019,USA,,Brown,William,Small
10263,34,95.0,2,3230.0,2004-06-28,Shipped,2,6,2004,Motorcycles,95,S10_1678,Gift Depot Inc.,2035552570,25593 South Bay Ln.,,Bridgewater,CT,97562,USA,,King,Julie,Medium
10275,45,92.83,1,4177.35,2004-07-23,Shipped,3,7,2004,Motorcycles,95,S10_1678,La Rochelle Gifts,40.67.8555,"67, rue des Cinquante Otages",,Nantes,N/A,44000,France,EMEA,Labrune,Janine,Medium
10285,36,95.0,6,3420.0,2004-08-27,Shipped,3,8,2004,Motorcycles,95,S10_1678,Marta's Replicas Co.,6175558555,39323 Spinnaker Dr.,,Cambridge,MA,51247,USA,,Hernandez,Marta,Medium
10299,23,95.0,9,2185.0,2004-09-30,Shipped,3,9,2004,Motorcycles,95,S10_1678,"Toys of Finland, Co.",90-224 8555,Keskuskatu 45,,Helsinki,N/A,21240,Finland,EMEA,Karttunen,Matti,Small
10309,41,95.0,5,3895.0,2004-10-15,Shipped,4,10,2004,Motorcycles,95,S10_1678,Baane Mini Imports,07-98 9555,Erling Skakkes gate 78,,Stavern,N/A,4110,Norway,EMEA,Bergulfsen,Jonas,Medium
10318,46,94.74,1,4358.04,2004-11-02,Shipped,4,11,2004,Motorcycles,95,S10_1678,Diecast Classics Inc.,2155551555,7586 Pompton St.,,Allentown,PA,70267,USA,,Yu,Kyung,Medium
10329,42,95.0,1,3990.0,2004-11-15,Shipped,4,11,2004,Motorcycles,95,S10_1678,Land of Toys Inc.,2125557818,897 Long Airport Avenue,,NYC,NY,10022,USA,,Yu,Kwai,Medium
10341,41,95.0,9,3895.0,2004-11-24,Shipped,4,11,2004,Motorcycles,95,S10_1678,Salzburg Collectables,6562-9555,Geislweg 14,,Salzburg,N/A,5020,Austria,EMEA,Pipps,Georg,Medium
10361,20,72.55,13,1451.0,2004-12-17,Shipped,4,12,2004,Motorcycles,95,S10_1678,Souveniers And Things Co.,+61 2 9495 8555,"Monitor Money Building, 815 Pacific Hwy",Level 6,Chatswood,NSW,2067,Australia,APAC,Huxley,Adrian,Small
10375,21,34.91,12,733.11,2005-02-03,Shipped,1,2,2005,Motorcycles,95,S10_1678,La Rochelle Gifts,40.67.8555,"67, rue des Cinquante Otages",,Nantes,N/A,44000,France,EMEA,Labrune,Janine,Small
10388,42,76.36,4,3207.12,2005-03-03,Shipped,1,3,2005,Motorcycles,95,S10_1678,FunGiftIdeas.com,5085552555,1785 First Street,,New Bedford,MA,50553,USA,,Benitez,Violeta,Medium
10403,24,95.0,7,2280.0,2005-04-08,Shipped,2,4,2005,Motorcycles,95,S10_1678,"UK Collectables, Ltd.",(171) 555-2282,Berkeley Gardens 12  Brewery,,Liverpool,N/A,WX1 6LT,UK,EMEA,Devon,Elizabeth,Small
10417,66,95.0,2,6270.0,2005-05-13,Disputed,2,5,2005,Motorcycles,95,S10_1678,Euro Shopping Channel,(91) 555 94 44,"C/ Moralzarzal, 86",,Madrid,N/A,28034,Spain,EMEA,Freyre,Diego,Medium
10103,26,100.0,11,2600.0,2003-01-29,Shipped,1,1,2003,Classic Cars,214,S10_1949,Baane Mini Imports,07-98 9555,Erling Skakkes gate 78,,Stavern,N/A,4110,Norway,EMEA,Bergulfsen,Jonas,Small
10112,29,100.0,1,2900.0,2003-03-24,Shipped,1,3,2003,Classic Cars,214,S10_1949,"Volvo Model Replicas, Co",0921-12 3555,Berguvsvgen  8,,Lule,N/A,S-958 22,Sweden,EMEA,Berglund,Christina,Small
10126,38,100.0,11,3800.0,2003-05-28,Shipped,2,5,2003,Classic Cars,214,S10_1949,"Corrida Auto Replicas, Ltd",(91) 555 22 82,"C/ Araquil, 67",,Madrid,N/A,28023,Spain,EMEA,Sommer,Mart¡n,Medium
10140,37,100.0,11,3700.0,2003-07-24,Shipped,3,7,2003,Classic Cars,214,S10_1949,Technics Stores Inc.,6505556809,9408 Furth Circle,,Burlingame,CA,94217,USA,,Hirano,Juri,Medium
10150,45,100.0,8,4500.0,2003-09-19,Shipped,3,9,2003,Classic Cars,214,S10_1949,"Dragon Souveniers, Ltd.",+65 221 7555,"Bronz Sok., Bronz Apt. 3/6 Tesvikiye",,Singapore,N/A,79903,Singapore,Japan,Natividad,Eric,Medium
10163,21,100.0,1,2100.0,2003-10-20,Shipped,4,10,2003,Classic Cars,214,S10_1949,Classic Legends Inc.,2125558493,5905 Pompton St.,Suite 750,NYC,NY,10022,USA,,Hernandez,Maria,Small
10174,34,100.0,4,3400.0,2003-11-06,Shipped,4,11,2003,Classic Cars,214,S10_1949,"Australian Gift Network, Co",61-7-3844-6555,31 Duncan St. West End,,South Brisbane,Queensland,4101,Australia,APAC,Calaghan,Tony,Medium
10183,23,100.0,8,2300.0,2003-11-13,Shipped,4,11,2003,Classic Cars,214,S10_1949,"Classic Gift Ideas, Inc",2155554695,782 First Street,,Philadelphia,PA,71270,USA,,Cervantes,Francisca,Small
10194,42,100.0,11,4200.0,2003-11-25,Shipped,4,11,2003,Classic Cars,214,S10_1949,"Saveley & Henriot, Co.",78.32.5555,"2, rue du Commerce",,Lyon,N/A,69004,France,EMEA,Saveley,Mary,Medium
10206,47,100.0,6,4700.0,2003-12-05,Shipped,4,12,2003,Classic Cars,214,S10_1949,Canadian Gift Exchange Network,(604) 555-3392,1900 Oak St.,,Vancouver,BC,V3F 2K1,Canada,,Tannamuri,Yoshi,Medium
10215,35,100.0,3,3500.0,2004-01-29,Shipped,1,1,2004,Classic Cars,214,S10_1949,West Coast Collectables Co.,3105553722,3675 Furth Circle,,Burbank,CA,94019,USA,,Thompson,Steve,Medium
10228,29,100.0,2,2900.0,2004-03-10,Shipped,1,3,2004,Classic Cars,214,S10_1949,Cambridge Collectables Co.,6175555555,4658 Baden Av.,,Cambridge,MA,51247,USA,,Tseng,Kyung,Small
10245,34,100.0,9,3400.0,2004-05-04,Shipped,2,5,2004,Classic Cars,214,S10_1949,Super Scale Inc.,2035559545,567 North Pendale Street,,New Haven,CT,97823,USA,,Murphy,Leslie,Medium
10258,32,100.0,6,3200.0,2004-06-15,Shipped,2,6,2004,Classic Cars,214,S10_1949,"Tokyo Collectables, Ltd",+81 3 3584 0555,2-2-8 Roppongi,,Minato-ku,Tokyo,106-0032,Japan,Japan,Shimamura,Akiko,Medium
10270,21,100.0,9,2100.0,2004-07-19,Shipped,3,7,2004,Classic Cars,214,S10_1949,Souveniers And Things Co.,+61 2 9495 8555,"Monitor Money Building, 815 Pacific Hwy",Level 6,Chatswood,NSW,2067,Australia,APAC,Huxley,Adrian,Small
10280,34,100.0,2,3400.0,2004-08-17,Shipped,3,8,2004,Classic Cars,214,S10_1949,Amica Models & Co.,011-4988555,Via Monte Bianco 34,,Torino,N/A,10100,Italy,EMEA,Accorti,Paolo,Medium
10291,37,100.0,11,3700.0,2004-09-08,Shipped,3,9,2004,Classic Cars,214,S10_1949,Scandinavian Gift Ideas,0695-34 6555,?kergatan 24,,Boras,N/A,S-844 67,Sweden,EMEA,Larsson,Maria,Medium
10304,47,100.0,6,4700.0,2004-10-11,Shipped,4,10,2004,Classic Cars,214,S10_1949,Auto Assoc. & Cie.,30.59.8555,"67, avenue de l'Europe",,Versailles,N/A,78000,France,EMEA,Tonini,Daniel,Medium
10312,48,100.0,3,4800.0,2004-10-21,Shipped,4,10,2004,Classic Cars,214,S10_1949,Mini Gifts Distributors Ltd.,4155551450,5677 Strong St.,,San Rafael,CA,97562,USA,,Nelson,Valarie,Medium
10322,40,100.0,1,4000.0,2004-11-04,Shipped,4,11,2004,Classic Cars,214,S10_1949,Online Diecast Creations Co.,6035558647,2304 Long Airport Avenue,,Nashua,NH,62005,USA,,Young,Valarie,Medium
10333,26,100.0,3,2600.0,2004-11-18,Shipped,4,11,2004,Classic Cars,214,S10_1949,Mini Wheels Co.,6505555787,5557 North Pendale Street,,San Francisco,CA,UNKNOWN,USA,,Murphy,Julie,Small
10347,30,100.0,1,3000.0,2004-11-29,Shipped,4,11,2004,Classic Cars,214,S10_1949,"Australian Collectors, Co.",03 9520 4555,636 St Kilda Road,Level 3,Melbourne,Victoria,3004,Australia,APAC,Ferguson,Peter,Medium
10357,32,100.0,10,3200.0,2004-12-10,Shipped,4,12,2004,Classic Cars,214,S10_1949,Mini Gifts Distributors Ltd.,4155551450,5677 Strong St.,,San Rafael,CA,97562,USA,,Nelson,Valarie,Medium
10369,41,100.0,2,4100.0,2005-01-20,Shipped,1,1,2005,Classic Cars,214,S10_1949,Collectables For Less Inc.,6175558555,7825 Douglas Av.,,Brickhaven,MA,58339,USA,,Nelson,Allen,Medium
10381,36,100.0,3,3600.0,2005-02-17,Shipped,1,2,2005,Classic Cars,214,S10_1949,Corporate Gift Ideas Co.,6505551386,7734 Strong St.,,San Francisco,CA,UNKNOWN,USA,,Brown,Julie,Medium
10391,24,100.0,4,2400.0,2005-03-09,Shipped,1,3,2005,Classic Cars,214,S10_1949,"Anna's Decorations, Ltd",02 9936 8555,201 Miller Street,Level 15,North Sydney,NSW,2060,Australia,APAC,O'Hara,Anna,Small
10411,23,100.0,9,2300.0,2005-05-01,Shipped,2,5,2005,Classic Cars,214,S10_1949,Quebec Home Shopping Network,(514) 555-8054,43 rue St. Laurent,,Montreal,Quebec,H1J 1C3,Canada,,Fresnisre,Jean,Small
10424,50,100.0,6,5000.0,2005-05-31,In Process,2,5,2005,Classic Cars,214,S10_1949,Euro Shopping Channel,(91) 555 94 44,"C/ Moralzarzal, 86",,Madrid,N/A,28034,Spain,EMEA,Freyre,Diego,Medium
10107,39,99.91,5,3896.49,2003-02-24,Shipped,1,2,2003,Motorcycles,118,S10_2016,Land of Toys Inc.,2125557818,897 Long Airport Avenue,,NYC,NY,10022,USA,,Yu,Kwai,Medium
10120,29,96.34,3,2793.86,2003-04-29,Shipped,2,4,2003,Motorcycles,118,S10_2016,"Australian Collectors, Co.",03 9520 4555,636 St Kilda Road,Level 3,Melbourne,Victoria,3004,Australia,APAC,Ferguson,Peter,Small
10134,27,100.0,5,2700.0,2003-07-01,Shipped,3,7,2003,Motorcycles,118,S10_2016,Lyon Souveniers,+33 1 46 62 7555,27 rue du Colonel Pierre Avia,,Paris,N/A,75508,France,EMEA,Da Cunha,Daniel,Small
10145,37,100.0,9,3700.0,2003-08-25,Shipped,3,8,2003,Motorcycles,118,S10_2016,Toys4GrownUps.com,6265557265,78934 Hillside Dr.,,Pasadena,CA,90003,USA,,Young,Julie,Medium
10159,37,100.0,17,3700.0,2003-10-10,Shipped,4,10,2003,Motorcycles,118,S10_2016,Corporate Gift Ideas Co.,6505551386,7734 Strong St.,,San Francisco,CA,UNKNOWN,USA,,Brown,Julie,Medium
10168,27,100.0,4,2700.0,2003-10-28,Shipped,4,10,2003,Motorcycles,118,S10_2016,Technics Stores Inc.,6505556809,9408 Furth Circle,,Burlingame,CA,94217,USA,,Hirano,Juri,Small
10180,42,100.0,12,4200.0,2003-11-11,Shipped,4,11,2003,Motorcycles,118,S10_2016,Daedalus Designs Imports,20.16.1555,"184, chausse de Tournai",,Lille,N/A,59000,France,EMEA,Rance,Martine,Medium
10188,38,96.34,4,3660.92,2003-11-18,Shipped,4,11,2003,Motorcycles,118,S10_2016,Herkku Gifts,+47 2267 3215,"Drammen 121, PR 744 Sentrum",,Bergen,N/A,N 5804,Norway,EMEA,Oeztan,Veysel,Medium
10201,24,100.0,5,2400.0,2003-12-01,Shipped,4,12,2003,Motorcycles,118,S10_2016,Mini Wheels Co.,6505555787,5557 North Pendale Street,,San Francisco,CA,UNKNOWN,USA,,Murphy,Julie,Small
10210,23,100.0,2,2300.0,2004-01-12,Shipped,1,1,2004,Motorcycles,118,S10_2016,Osaka Souveniers Co.,+81 06 6342 5555,"Dojima Avanza 4F, 1-6-20 Dojima, Kita-ku",,Osaka,Osaka,530-0003,Japan,Japan,Kentary,Mory,Small
10223,47,100.0,4,4700.0,2004-02-20,Shipped,1,2,2004,Motorcycles,118,S10_2016,"Australian Collectors, Co.",03 9520 4555,636 St Kilda Road,Level 3,Melbourne,Victoria,3004,Australia,APAC,Ferguson,Peter,Medium
10236,22,100.0,1,2200.0,2004-04-03,Shipped,2,4,2004,Motorcycles,118,S10_2016,Motor Mint Distributors Inc.,2155559857,11328 Douglas Av.,,Philadelphia,PA,71270,USA,,Hernandez,Rosa,Small
10251,44,100.0,5,4400.0,2004-05-18,Shipped,2,5,2004,Motorcycles,118,S10_2016,Tekni Collectables Inc.,2015559350,7476 Moss Rd.,,Newark,NJ,94019,USA,,Brown,William,Medium
10263,40,100.0,5,4000.0,2004-06-28,Shipped,2,6,2004,Motorcycles,118,S10_2016,Gift Depot Inc.,2035552570,25593 South Bay Ln.,,Bridgewater,CT,97562,USA,,King,Julie,Medium
10275,22,100.0,4,2200.0,2004-07-23,Shipped,3,7,2004,Motorcycles,118,S10_2016,La Rochelle Gifts,40.67.8555,"67, rue des Cinquante Otages",,Nantes,N/A,44000,France,EMEA,Labrune,Janine,Small
10285,47,100.0,9,4700.0,2004-08-27,Shipped,3,8,2004,Motorcycles,118,S10_2016,Marta's Replicas Co.,6175558555,39323 Spinnaker Dr.,,Cambridge,MA,51247,USA,,Hernandez,Marta,Medium
10298,39,96.34,1,3757.26,2004-09-27,Shipped,3,9,2004,Motorcycles,118,S10_2016,Atelier graphique,40.32.2555,"54, rue Royale",,Nantes,N/A,44000,France,EMEA,Schmitt,Carine,Medium
10308,34,100.0,2,3400.0,2004-10-15,Shipped,4,10,2004,Motorcycles,118,S10_2016,Mini Classics,9145554562,3758 North Pendale Street,,White Plains,NY,24067,USA,,Frick,Steve,Medium
10318,45,100.0,4,4500.0,2004-11-02,Shipped,4,11,2004,Motorcycles,118,S10_2016,Diecast Classics Inc.,2155551555,7586 Pompton St.,,Allentown,PA,70267,USA,,Yu,Kyung,Medium
10329,20,100.0,2,2000.0,2004-11-15,Shipped,4,11,2004,Motorcycles,118,S10_2016,Land of Toys Inc.,2125557818,897 Long Airport Avenue,,NYC,NY,10022,USA,,Yu,Kwai,Small
10339,40,68.92,4,2756.8,2004-11-23,Shipped,4,11,2004,Motorcycles,118,S10_2016,"Tokyo Collectables, Ltd",+81 3 3584 0555,2-2-8 Roppongi,,Minato-ku,Tokyo,106-0032,Japan,Japan,Shimamura,Akiko,Small
10361,26,51.15,8,1329.9,2004-12-17,Shipped,4,12,2004,Motorcycles,118,S10_2016,Souveniers And Things Co.,+61 2 9495 8555,"Monitor Money Building, 815 Pacific Hwy",Level 6,Chatswood,NSW,2067,Australia,APAC,Huxley,Adrian,Small
10374,39,100.0,5,3900.0,2005-02-02,Shipped,1,2,2005,Motorcycles,118,S10_2016,"Australian Gift Network, Co",61-7-3844-6555,31 Duncan St. West End,,South Brisbane,Queensland,4101,Australia,APAC,Calaghan,Tony,Medium
10388,50,44.51,5,2225.5,2005-03-03,Shipped,1,3,2005,Motorcycles,118,S10_2016,FunGiftIdeas.com,5085552555,1785 First Street,,New Bedford,MA,50553,USA,,Benitez,Violeta,Small
10402,45,100.0,1,4500.0,2005-04-07,Shipped,2,4,2005,Motorcycles,118,S10_2016,Auto Canal Petit,(1) 47.55.6555,"25, rue Lauriston",,Paris,N/A,75016,France,EMEA,Perrier,Dominique,Medium
10417,45,100.0,5,4500.0,2005-05-13,Disputed,2,5,2005,Motorcycles,118,S10_2016,Euro Shopping Channel,(91) 555 94 44,"C/ Moralzarzal, 86",,Madrid,N/A,28034,Spain,EMEA,Freyre,Diego,Medium
10107,27,100.0,4,2700.0,2003-02-24,Shipped,1,2,2003,Motorcycles,193,S10_4698,Land of Toys Inc.,2125557818,897 Long Airport Avenue,,NYC,NY,10022,USA,,Yu,Kwai,Small
10120,46,100.0,2,4600.0,2003-04-29,Shipped,2,4,2003,Motorcycles,193,S10_4698,"Australian Collectors, Co.",03 9520 4555,636 St Kilda Road,Level 3,Melbourne,Victoria,3004,Australia,APAC,Ferguson,Peter,Medium
10134,31,100.0,4,3100.0,2003-07-01,Shipped,3,7,2003,Motorcycles,193,S10_4698,Lyon Souveniers,+33 1 46 62 7555,27 rue du Colonel Pierre Avia,,Paris,N/A,75508,France,EMEA,Da Cunha,Daniel,Medium
10145,33,100.0,8,3300.0,2003-08-25,Shipped,3,8,2003,Motorcycles,193,S10_4698,Toys4GrownUps.com,6265557265,78934 Hillside Dr.,,Pasadena,CA,90003,USA,,Young,Julie,Medium
10159,22,100.0,16,2200.0,2003-10-10,Shipped,4,10,2003,Motorcycles,193,S10_4698,Corporate Gift Ideas Co.,6505551386,7734 Strong St.,,San Francisco,CA,UNKNOWN,USA,,Brown,Julie,Small
10168,20,100.0,3,2000.0,2003-10-28,Shipped,4,10,2003,Motorcycles,193,S10_4698,Technics Stores Inc.,6505556809,9408 Furth Circle,,Burlingame,CA,94217,USA,,Hirano,Juri,Small
10180,41,100.0,11,4100.0,2003-11-11,Shipped,4,11,2003,Motorcycles,193,S10_4698,Daedalus Designs Imports,20.16.1555,"184, chausse de Tournai",,Lille,N/A,59000,France,EMEA,Rance,Martine,Medium
10188,45,100.0,3,4500.0,2003-11-18,Shipped,4,11,2003,Motorcycles,193,S10_4698,Herkku Gifts,+47 2267 3215,"Drammen 121, PR 744 Sentrum",,Bergen,N/A,N 5804,Norway,EMEA,Oeztan,Veysel,Medium
10201,49,100.0,4,4900.0,2003-12-01,Shipped,4,12,2003,Motorcycles,193,S10_4698,Mini Wheels Co.,6505555787,5557 North Pendale Street,,San Francisco,CA,UNKNOWN,USA,,Murphy,Julie,Medium
10210,34,100.0,1,3400.0,2004-01-12,Shipped,1,1,2004,Motorcycles,193,S10_4698,Osaka Souveniers Co.,+81 06 6342 5555,"Dojima Avanza 4F, 1-6-20 Dojima, Kita-ku",,Osaka,Osaka,530-0003,Japan,Japan,Kentary,Mory,Medium
10223,49,100.0,3,4900.0,2004-02-20,Shipped,1,2,2004,Motorcycles,193,S10_4698,"Australian Collectors, Co.",03 9520 4555,636 St Kilda Road,Level 3,Melbourne,Victoria,3004,Australia,APAC,Ferguson,Peter,Medium
10237,39,100.0,9,3900.0,2004-04-05,Shipped,2,4,2004,Motorcycles,193,S10_4698,Vitachrome Inc.,2125551500,2678 Kingston Rd.,Suite 101,NYC,NY,10022,USA,,Frick,Michael,Medium
10251,43,100.0,4,4300.0,2004-05-18,Shipped,2,5,2004,Motorcycles,193,S10_4698,Tekni Collectables Inc.,2015559350,7476 Moss Rd.,,Newark,NJ,94019,USA,,Brown,William,Medium
10263,41,100.0,4,4100.0,2004-06-28,Shipped,2,6,2004,Motorcycles,193,S10_4698,Gift Depot Inc.,2035552570,25593 South Bay Ln.,,Bridgewater,CT,97562,USA,,King,Julie,Medium
10275,36,100.0,3,3600.0,2004-07-23,Shipped,3,7,2004,Motorcycles,193,S10_4698,La Rochelle Gifts,40.67.8555,"67, rue des Cinquante Otages",,Nantes,N/A,44000,France,EMEA,Labrune,Janine,Medium
10285,27,100.0,8,2700.0,2004-08-27,Shipped,3,8,2004,Motorcycles,193,S10_4698,Marta's Replicas Co.,6175558555,39323 Spinnaker Dr.,,Cambridge,MA,51247,USA,,Hernandez,Marta,Small
10299,29,100.0,11,2900.0,2004-09-30,Shipped,3,9,2004,Motorcycles,193,S10_4698,"Toys of Finland, Co.",90-224 8555,Keskuskatu 45,,Helsinki,N/A,21240,Finland,EMEA,Karttunen,Matti,Small
10308,20,100.0,1,2000.0,2004-10-15,Shipped,4,10,2004,Motorcycles,193,S10_4698,Mini Classics,9145554562,3758 North Pendale Street,,White Plains,NY,24067,USA,,Frick,Steve,Small
10318,37,100.0,3,3700.0,2004-11-02,Shipped,4,11,2004,Motorcycles,193,S10_4698,Diecast Classics Inc.,2155551555,7586 Pompton St.,,Allentown,PA,70267,USA,,Yu,Kyung,Medium
10329,26,100.0,3,2600.0,2004-11-15,Shipped,4,11,2004,Motorcycles,193,S10_4698,Land of Toys Inc.,2125557818,897 Long Airport Avenue,,NYC,NY,10022,USA,,Yu,Kwai,Small
10339,39,76.67,3,2990.13,2004-11-23,Shipped,4,11,2004,Motorcycles,193,S10_4698,"Tokyo Collectables, Ltd",+81 3 3584 0555,2-2-8 Roppongi,,Minato-ku,Tokyo,106-0032,Japan,Japan,Shimamura,Akiko,Small
10362,22,100.0,4,2200.0,2005-01-05,Shipped,1,1,2005,Motorcycles,193,S10_4698,Technics Stores Inc.,6505556809,9408 Furth Circle,,Burlingame,CA,94217,USA,,Hirano,Juri,Small
10374,22,100.0,1,2200.0,2005-02-02,Shipped,1,2,2005,Motorcycles,193,S10_4698,"Australian Gift Network, Co",61-7-3844-6555,31 Duncan St. West End,,South Brisbane,Queensland,4101,Australia,APAC,Calaghan,Tony,Small
10388,21,86.77,7,1822.17,2005-03-03,Shipped,1,3,2005,Motorcycles,193,S10_4698,FunGiftIdeas.com,5085552555,1785 First Street,,New Bedford,MA,50553,USA,,Benitez,Violeta,Small
10403,66,100.0,9,6600.0,2005-04-08,Shipped,2,4,2005,Motorcycles,193,S10_4698,"UK Collectables, Ltd.",(171) 555-2282,Berkeley Gardens 12  Brewery,,Liverpool,N/A,WX1 6LT,UK,EMEA,Devon,Elizabeth,Medium
10417,56,100.0,4,5600.0,2005-05-13,Disputed,2,5,2005,Motorcycles,193,S10_4698,Euro Shopping Channel,(91) 555 94 44,"C/ Moralzarzal, 86",,Madrid,N/A,28034,Spain,EMEA,Freyre,Diego,Medium
10105,50,100.0,2,5000.0,2003-02-11,Shipped,1,2,2003,Classic Cars,136,S10_4757,Danish Wholesale Imports,31 12 3555,Vinb'ltet 34,,Kobenhavn,N/A,1734,Denmark,EMEA,Petersen,Jytte,Medium
10119,46,100.0,11,4600.0,2003-04-28,Shipped,2,4,2003,Classic Cars,136,S10_4757,Salzburg Collectables,6562-9555,Geislweg 14,,Salzburg,N/A,5020,Austria,EMEA,Pipps,Georg,Medium
10129,33,100.0,2,3300.0,2003-06-12,Shipped,2,6,2003,Classic Cars,136,S10_4757,"Stylish Desk Decors, Co.",(171) 555-0297,35 King George,,London,N/A,WX3 6FW,UK,EMEA,Brown,Ann,Medium
10143,49,100.0,15,4900.0,2003-08-10,Shipped,3,8,2003,Classic Cars,136,S10_4757,Mini Creations Ltd.,5085559555,4575 Hillside Dr.,,New Bedford,MA,50553,USA,,Tam,Wing C,Medium
10155,32,100.0,13,3200.0,2003-10-06,Shipped,4,10,2003,Classic Cars,136,S10_4757,"Toys of Finland, Co.",90-224 8555,Keskuskatu 45,,Helsinki,N/A,21240,Finland,EMEA,Karttunen,Matti,Medium
10167,44,100.0,9,4400.0,2003-10-23,Cancelled,4,10,2003,Classic Cars,136,S10_4757,Scandinavian Gift Ideas,0695-34 6555,?kergatan 24,,Boras,N/A,S-844 67,Sweden,EMEA,Larsson,Maria,Medium
10178,24,100.0,12,2400.0,2003-11-08,Shipped,4,11,2003,Classic Cars,136,S10_4757,Alpha Cognac,61.77.6555,1 rue Alsace-Lorraine,,Toulouse,N/A,31000,France,EMEA,Roulet,Annette,Small
10186,26,100.0,9,2600.0,2003-11-14,Shipped,4,11,2003,Classic Cars,136,S10_4757,"Double Decker Gift Stores, Ltd",(171) 555-7555,120 Hanover Sq.,,London,N/A,WA1 1DP,UK,EMEA,Hardy,Thomas,Small
10197,45,100.0,6,4500.0,2003-11-26,Shipped,4,11,2003,Classic Cars,136,S10_4757,Enaco Distributors,(93) 203 4555,"Rambla de Catalu¤a, 23",,Barcelona,N/A,8022,Spain,EMEA,Saavedra,Eduardo,Medium
10209,39,100.0,8,3900.0,2004-01-09,Shipped,1,1,2004,Classic Cars,136,S10_4757,"Men 'R' US Retailers, Ltd.",2155554369,6047 Douglas Av.,,Los Angeles,CA,UNKNOWN,USA,,Chandler,Michael,Medium
10222,49,100.0,12,4900.0,2004-02-19,Shipped,1,2,2004,Classic Cars,136,S10_4757,Collectable Mini Designs Co.,7605558146,361 Furth Circle,,San Diego,CA,91217,USA,,Thompson,Valarie,Medium
10248,20,100.0,3,2000.0,2004-05-07,Cancelled,2,5,2004,Classic Cars,136,S10_4757,Land of Toys Inc.,2125557818,897 Long Airport Avenue,,NYC,NY,10022,USA,,Yu,Kwai,Small
10261,27,100.0,1,2700.0,2004-06-17,Shipped,2,6,2004,Classic Cars,136,S10_4757,Quebec Home Shopping Network,(514) 555-8054,43 rue St. Laurent,,Montreal,Quebec,H1J 1C3,Canada,,Fresnisre,Jean,Small
10273,30,100.0,4,3000.0,2004-07-21,Shipped,3,7,2004,Classic Cars,136,S10_4757,Petit Auto,(02) 5554 67,Rue Joseph-Bens 532,,Bruxelles,N/A,B-1180,Belgium,EMEA,Dewey,Catherine,Medium
10283,25,100.0,6,2500.0,2004-08-20,Shipped,3,8,2004,Classic Cars,136,S10_4757,"Royal Canadian Collectables, Ltd.",(604) 555-4555,23 Tsawassen Blvd.,,Tsawassen,BC,T2F 8M4,Canada,,Lincoln,Elizabeth,Small
10295,24,100.0,1,2400.0,2004-09-10,Shipped,3,9,2004,Classic Cars,136,S10_4757,Gifts4AllAges.com,6175559555,8616 Spinnaker Dr.,,Boston,MA,51003,USA,,Yoshido,Juri,Small
10307,22,100.0,9,2200.0,2004-10-14,Shipped,4,10,2004,Classic Cars,136,S10_4757,"Classic Gift Ideas, Inc",2155554695,782 First Street,,Philadelphia,PA,71270,USA,,Cervantes,Francisca,Small
10316,33,100.0,17,3300.0,2004-11-01,Shipped,4,11,2004,Classic Cars,136,S10_4757,giftsbymail.co.uk,(198) 555-8888,Garden House Crowther Way,,Cowes,Isle of Wight,PO31 7PJ,UK,EMEA,Bennett,Helen,Medium
10325,47,64.93,6,3051.71,2004-11-05,Shipped,4,11,2004,Classic Cars,136,S10_4757,Baane Mini Imports,07-98 9555,Erling Skakkes gate 78,,Stavern,N/A,4110,Norway,EMEA,Bergulfsen,Jonas,Medium
10337,25,48.05,8,1201.25,2004-11-21,Shipped,4,11,2004,Classic Cars,136,S10_4757,Classic Legends Inc.,2125558493,5905 Pompton St.,Suite 750,NYC,NY,10022,USA,,Hernandez,Maria,Small
10350,26,75.47,5,1962.22,2004-12-02,Shipped,4,12,2004,Classic Cars,136,S10_4757,Euro Shopping Channel,(91) 555 94 44,"C/ Moralzarzal, 86",,Madrid,N/A,28034,Spain,EMEA,Freyre,Diego,Small
10359,48,54.68,6,2624.64,2004-12-15,Shipped,4,12,2004,Classic Cars,136,S10_4757,Reims Collectables,26.47.1555,59 rue de l'Abbaye,,Reims,N/A,51100,France,EMEA,Henriot,Paul,Small
10373,39,100.0,3,3900.0,2005-01-31,Shipped,1,1,2005,Classic Cars,136,S10_4757,"Oulu Toy Supplies, Inc.",981-443655,Torikatu 38,,Oulu,N/A,90110,Finland,EMEA,Koskitalo,Pirkko,Medium
10384,34,100.0,4,3400.0,2005-02-23,Shipped,1,2,2005,Classic Cars,136,S10_4757,Corporate Gift Ideas Co.,6505551386,7734 Strong St.,,San Francisco,CA,UNKNOWN,USA,,Brown,Julie,Medium
10395,32,100.0,2,3200.0,2005-03-17,Shipped,1,3,2005,Classic Cars,136,S10_4757,Lyon Souveniers,+33 1 46 62 7555,27 rue du Colonel Pierre Avia,,Paris,N/A,75508,France,EMEA,Da Cunha,Daniel,Medium
10400,64,100.0,9,6400.0,2005-04-01,Shipped,2,4,2005,Classic Cars,136,S10_4757,The Sharp Gifts Warehouse,4085553659,3086 Ingle Ln.,,San Jose,CA,94217,USA,,Frick,Sue,Medium
10414,19,100.0,3,1900.0,2005-05-06,On Hold,2,5,2005,Classic Cars,136,S10_4757,Gifts4AllAges.com,6175559555,8616 Spinnaker Dr.,,Boston,MA,51003,USA,,Yoshido,Juri,Small
10103,42,100.0,4,4200.0,2003-01-29,Shipped,1,1,2003,Classic Cars,147,S10_4962,Baane Mini Imports,07-98 9555,Erling Skakkes gate 78,,Stavern,N/A,4110,Norway,EMEA,Bergulfsen,Jonas,Medium
10114,31,100.0,8,3100.0,2003-04-01,Shipped,2,4,2003,Classic Cars,147,S10_4962,"La Corne D'abondance, Co.",(1) 42.34.2555,"265, boulevard Charonne",,Paris,N/A,75012,France,EMEA,Bertrand,Marie,Medium
10126,22,100.0,4,2200.0,2003-05-28,Shipped,2,5,2003,Classic Cars,147,S10_4962,"Corrida Auto Replicas, Ltd",(91) 555 22 82,"C/ Araquil, 67",,Madrid,N/A,28023,Spain,EMEA,Sommer,Mart¡n,Small
10140,26,100.0,4,2600.0,2003-07-24,Shipped,3,7,2003,Classic Cars,147,S10_4962,Technics Stores Inc.,6505556809,9408 Furth Circle,,Burlingame,CA,94217,USA,,Hirano,Juri,Small
10150,20,100.0,1,2000.0,2003-09-19,Shipped,3,9,2003,Classic Cars,147,S10_4962,"Dragon Souveniers, Ltd.",+65 221 7555,"Bronz Sok., Bronz Apt. 3/6 Tesvikiye",,Singapore,N/A,79903,Singapore,Japan,Natividad,Eric,Small
10164,21,100.0,2,2100.0,2003-10-21,Resolved,4,10,2003,Classic Cars,147,S10_4962,Mini Auto Werke,7675-3555,Kirchgasse 6,,Graz,N/A,8010,Austria,EMEA,Mendel,Roland,Small
10175,33,100.0,9,3300.0,2003-11-06,Shipped,4,11,2003,Classic Cars,147,S10_4962,"Stylish Desk Decors, Co.",(171) 555-0297,35 King George,,London,N/A,WX3 6FW,UK,EMEA,Brown,Ann,Medium
10183,28,100.0,1,2800.0,2003-11-13,Shipped,4,11,2003,Classic Cars,147,S10_4962,"Classic Gift Ideas, Inc",2155554695,782 First Street,,Philadelphia,PA,71270,USA,,Cervantes,Francisca,Small
10194,26,100.0,4,2600.0,2003-11-25,Shipped,4,11,2003,Classic Cars,147,S10_4962,"Saveley & Henriot, Co.",78.32.5555,"2, rue du Commerce",,Lyon,N/A,69004,France,EMEA,Saveley,Mary,Small
10207,31,100.0,15,3100.0,2003-12-09,Shipped,4,12,2003,Classic Cars,147,S10_4962,Diecast Collectables,6175552555,6251 Ingle Ln.,,Boston,MA,51003,USA,,Franco,Valarie,Medium
10217,48,100.0,4,4800.0,2004-02-04,Shipped,1,2,2004,Classic Cars,147,S10_4962,Handji Gifts& Co,+65 224 1555,Village Close - 106 Linden Road Sandown,2nd Floor,Singapore,N/A,69045,Singapore,Japan,Victorino,Wendy,Medium
10229,50,100.0,9,5000.0,2004-03-11,Shipped,1,3,2004,Classic Cars,147,S10_4962,Mini Gifts Distributors Ltd.,4155551450,5677 Strong St.,,San Rafael,CA,97562,USA,,Nelson,Valarie,Medium
10245,28,100.0,2,2800.0,2004-05-04,Shipped,2,5,2004,Classic Cars,147,S10_4962,Super Scale Inc.,2035559545,567 North Pendale Street,,New Haven,CT,97823,USA,,Murphy,Leslie,Small
10259,26,100.0,12,2600.0,2004-06-15,Shipped,2,6,2004,Classic Cars,147,S10_4962,Handji Gifts& Co,+65 224 1555,Village Close - 106 Linden Road Sandown,2nd Floor,Singapore,N/A,69045,Singapore,Japan,Victorino,Wendy,Small
10270,32,100.0,2,3200.0,2004-07-19,Shipped,3,7,2004,Classic Cars,147,S10_4962,Souveniers And Things Co.,+61 2 9495 8555,"Monitor Money Building, 815 Pacific Hwy",Level 6,Chatswood,NSW,2067,Australia,APAC,Huxley,Adrian,Medium
10281,44,100.0,9,4400.0,2004-08-19,Shipped,3,8,2004,Classic Cars,147,S10_4962,Diecast Classics Inc.,2155551555,7586 Pompton St.,,Allentown,PA,70267,USA,,Yu,Kyung,Medium
10291,30,100.0,4,3000.0,2004-09-08,Shipped,3,9,2004,Classic Cars,147,S10_4962,Scandinavian Gift Ideas,0695-34 6555,?kergatan 24,,Boras,N/A,S-844 67,Sweden,EMEA,Larsson,Maria,Medium
10305,38,100.0,13,3800.0,2004-10-13,Shipped,4,10,2004,Classic Cars,147,S10_4962,Marta's Replicas Co.,6175558555,39323 Spinnaker Dr.,,Cambridge,MA,51247,USA,,Hernandez,Marta,Medium
10313,40,100.0,7,4000.0,2004-10-22,Shipped,4,10,2004,Classic Cars,147,S10_4962,Canadian Gift Exchange Network,(604) 555-3392,1900 Oak St.,,Vancouver,BC,V3F 2K1,Canada,,Tannamuri,Yoshi,Medium
10322,46,61.99,8,2851.54,2004-11-04,Shipped,4,11,2004,Classic Cars,147,S10_4962,Online Diecast Creations Co.,6035558647,2304 Long Airport Avenue,,Nashua,NH,62005,USA,,Young,Valarie,Small
10334,26,100.0,2,2600.0,2004-11-19,On Hold,4,11,2004,Classic Cars,147,S10_4962,"Volvo Model Replicas, Co",0921-12 3555,Berguvsvgen  8,,Lule,N/A,S-958 22,Sweden,EMEA,Berglund,Christina,Small
10347,27,100.0,2,2700.0,2004-11-29,Shipped,4,11,2004,Classic Cars,147,S10_4962,"Australian Collectors, Co.",03 9520 4555,636 St Kilda Road,Level 3,Melbourne,Victoria,3004,Australia,APAC,Ferguson,Peter,Small
10357,43,100.0,9,4300.0,2004-12-10,Shipped,4,12,2004,Classic Cars,147,S10_4962,Mini Gifts Distributors Ltd.,4155551450,5677 Strong St.,,San Rafael,CA,97562,USA,,Nelson,Valarie,Medium
10370,35,65.63,4,2297.05,2005-01-20,Shipped,1,1,2005,Classic Cars,147,S10_4962,"Anna's Decorations, Ltd",02 9936 8555,201 Miller Street,Level 15,North Sydney,NSW,2060,Australia,APAC,O'Hara,Anna,Small
10381,37,100.0,6,3700.0,2005-02-17,Shipped,1,2,2005,Classic Cars,147,S10_4962,Corporate Gift Ideas Co.,6505551386,7734 Strong St.,,San Francisco,CA,UNKNOWN,USA,,Brown,Julie,Medium
10391,37,46.9,7,1735.3,2005-03-09,Shipped,1,3,2005,Classic Cars,147,S10_4962,"Anna's Decorations, Ltd",02 9936 8555,201 Miller Street,Level 15,North Sydney,NSW,2060,Australia,APAC,O'Hara,Anna,Small
10411,27,100.0,2,2700.0,2005-05-01,Shipped,2,5,2005,Classic Cars,147,S10_4962,Quebec Home Shopping Network,(514) 555-8054,43 rue St. Laurent,,Montreal,Quebec,H1J 1C3,Canada,,Fresnisre,Jean,Small
10425,38,100.0,12,3800.0,2005-05-31,In Process,2,5,2005,Classic Cars,147,S10_4962,La Rochelle Gifts,40.67.8555,"67, rue des Cinquante Otages",,Nantes,N/A,44000,France,EMEA,Labrune,Janine,Medium
10108,33,100.0,6,3300.0,2003-03-03,Shipped,1,3,2003,Classic Cars,194,S12_1099,Cruz & Sons Co.,+63 2 555 3587,15 McCallum Street - NatWest Center #13-03,,Makati City,N/A,1227 MM,Philippines,Japan,Cruz,Arnold,Medium
10122,42,100.0,10,4200.0,2003-05-08,Shipped,2,5,2003,Classic Cars,194,S12_1099,Marseille Mini Autos,91.24.4555,"12, rue des Bouchers",,Marseille,N/A,13008,France,EMEA,Lebihan,Laurence,Medium
10135,42,100.0,7,4200.0,2003-07-02,Shipped,3,7,2003,Classic Cars,194,S12_1099,Mini Gifts Distributors Ltd.,4155551450,5677 Strong St.,,San Rafael,CA,97562,USA,,Nelson,Valarie,Medium
10147,48,100.0,7,4800.0,2003-09-05,Shipped,3,9,2003,Classic Cars,194,S12_1099,Collectables For Less Inc.,6175558555,7825 Douglas Av.,,Brickhaven,MA,58339,USA,,Nelson,Allen,Medium
10159,41,100.0,2,4100.0,2003-10-10,Shipped,4,10,2003,Classic Cars,194,S12_1099,Corporate Gift Ideas Co.,6505551386,7734 Strong St.,,San Francisco,CA,UNKNOWN,USA,,Brown,Julie,Medium
10169,30,100.0,2,3000.0,2003-11-04,Shipped,4,11,2003,Classic Cars,194,S12_1099,"Anna's Decorations, Ltd",02 9936 8555,201 Miller Street,Level 15,North Sydney,NSW,2060,Australia,APAC,O'Hara,Anna,Medium
10181,27,100.0,14,2700.0,2003-11-12,Shipped,4,11,2003,Classic Cars,194,S12_1099,Herkku Gifts,+47 2267 3215,"Drammen 121, PR 744 Sentrum",,Bergen,N/A,N 5804,Norway,EMEA,Oeztan,Veysel,Small
10191,21,100.0,3,2100.0,2003-11-20,Shipped,4,11,2003,Classic Cars,194,S12_1099,"Toms Spezialitten, Ltd",0221-5554327,Mehrheimerstr. 369,,Koln,N/A,50739,Germany,EMEA,Pfalzheim,Henriette,Small
10203,20,100.0,8,2000.0,2003-12-02,Shipped,4,12,2003,Classic Cars,194,S12_1099,Euro Shopping Channel,(91) 555 94 44,"C/ Moralzarzal, 86",,Madrid,N/A,28034,Spain,EMEA,Freyre,Diego,Small
10211,41,100.0,2,4100.0,2004-01-15,Shipped,1,1,2004,Classic Cars,194,S12_1099,Auto Canal Petit,(1) 47.55.6555,"25, rue Lauriston",,Paris,N/A,75016,France,EMEA,Perrier,Dominique,Medium
10225,27,100.0,9,2700.0,2004-02-22,Shipped,1,2,2004,Classic Cars,194,S12_1099,"Vida Sport, Ltd",0897-034555,Grenzacherweg 237,,Gensve,N/A,1203,Switzerland,EMEA,Holz,Michael,Small
10238,28,100.0,3,2800.0,2004-04-09,Shipped,2,4,2004,Classic Cars,194,S12_1099,Danish Wholesale Imports,31 12 3555,Vinb'ltet 34,,Kobenhavn,N/A,1734,Denmark,EMEA,Petersen,Jytte,Small
10253,24,100.0,13,2400.0,2004-06-01,Cancelled,2,6,2004,Classic Cars,194,S12_1099,"UK Collectables, Ltd.",(171) 555-2282,Berkeley Gardens 12  Brewery,,Liverpool,N/A,WX1 6LT,UK,EMEA,Devon,Elizabeth,Small
10266,44,100.0,14,4400.0,2004-07-06,Shipped,3,7,2004,Classic Cars,194,S12_1099,L'ordine Souveniers,0522-556555,Strada Provinciale 124,,Reggio Emilia,N/A,42100,Italy,EMEA,Moroni,Maurizio,Medium
10276,50,100.0,3,5000.0,2004-08-02,Shipped,3,8,2004,Classic Cars,194,S12_1099,Online Mini Collectables,6175557555,7635 Spinnaker Dr.,,Brickhaven,MA,58339,USA,,Barajas,Miguel,Medium
10287,21,100.0,12,2100.0,2004-08-30,Shipped,3,8,2004,Classic Cars,194,S12_1099,"Vida Sport, Ltd",0897-034555,Grenzacherweg 237,,Gensve,N/A,1203,Switzerland,EMEA,Holz,Michael,Small
10300,33,100.0,5,3300.0,2003-10-04,Shipped,4,10,2003,Classic Cars,194,S12_1099,"Blauer See Auto, Co.",+49 69 66 90 2555,Lyonerstr. 34,,Frankfurt,N/A,60528,Germany,EMEA,Keitel,Roland,Medium
10310,33,100.0,10,3300.0,2004-10-16,Shipped,4,10,2004,Classic Cars,194,S12_1099,"Toms Spezialitten, Ltd",0221-5554327,Mehrheimerstr. 369,,Koln,N/A,50739,Germany,EMEA,Pfalzheim,Henriette,Medium
10320,31,100.0,3,3100.0,2004-11-03,Shipped,4,11,2004,Classic Cars,194,S12_1099,"Volvo Model Replicas, Co",0921-12 3555,Berguvsvgen  8,,Lule,N/A,S-958 22,Sweden,EMEA,Berglund,Christina,Medium
10329,41,71.47,5,2930.27,2004-11-15,Shipped,4,11,2004,Classic Cars,194,S12_1099,Land of Toys Inc.,2125557818,897 Long Airport Avenue,,NYC,NY,10022,USA,,Yu,Kwai,Small
10341,45,79.65,2,3584.25,2004-11-24,Shipped,4,11,2004,Classic Cars,194,S12_1099,Salzburg Collectables,6562-9555,Geislweg 14,,Salzburg,N/A,5020,Austria,EMEA,Pipps,Georg,Medium
10363,33,85.39,3,2817.87,2005-01-06,Shipped,1,1,2005,Classic Cars,194,S12_1099,Suominen Souveniers,+358 9 8045 555,"Software Engineering Center, SEC Oy",,Espoo,N/A,FIN-02271,Finland,EMEA,Suominen,Kalle,Small
10375,45,76.0,7,3420.0,2005-02-03,Shipped,1,2,2005,Classic Cars,194,S12_1099,La Rochelle Gifts,40.67.8555,"67, rue des Cinquante Otages",,Nantes,N/A,44000,France,EMEA,Labrune,Janine,Medium
10389,26,99.04,4,2575.04,2005-03-03,Shipped,1,3,2005,Classic Cars,194,S12_1099,Scandinavian Gift Ideas,0695-34 6555,?kergatan 24,,Boras,N/A,S-844 67,Sweden,EMEA,Larsson,Maria,Small
10419,12,100.0,13,1200.0,2005-05-17,Shipped,2,5,2005,Classic Cars,194,S12_1099,Salzburg Collectables,6562-9555,Geislweg 14,,Salzburg,N/A,5020,Austria,EMEA,Pipps,Georg,Small
10105,41,100.0,15,4100.0,2003-02-11,Shipped,1,2,2003,Classic Cars,207,S12_1108,Danish Wholesale Imports,31 12 3555,Vinb'ltet 34,,Kobenhavn,N/A,1734,Denmark,EMEA,Petersen,Jytte,Medium
10117,33,100.0,9,3300.0,2003-04-16,Shipped,2,4,2003,Classic Cars,207,S12_1108,"Dragon Souveniers, Ltd.",+65 221 7555,"Bronz Sok., Bronz Apt. 3/6 Tesvikiye",,Singapore,N/A,79903,Singapore,Japan,Natividad,Eric,Medium
10127,46,100.0,2,4600.0,2003-06-03,Shipped,2,6,2003,Classic Cars,207,S12_1108,Muscle Machine Inc,2125557413,4092 Furth Circle,Suite 400,NYC,NY,10022,USA,,Young,Jeff,Medium
10142,33,100.0,12,3300.0,2003-08-08,Shipped,3,8,2003,Classic Cars,207,S12_1108,Mini Gifts Distributors Ltd.,4155551450,5677 Strong St.,,San Rafael,CA,97562,USA,,Nelson,Valarie,Medium
10153,20,100.0,11,2000.0,2003-09-28,Shipped,3,9,2003,Classic Cars,207,S12_1108,Euro Shopping Channel,(91) 555 94 44,"C/ Moralzarzal, 86",,Madrid,N/A,28034,Spain,EMEA,Freyre,Diego,Small
10165,44,100.0,3,4400.0,2003-10-22,Shipped,4,10,2003,Classic Cars,207,S12_1108,"Dragon Souveniers, Ltd.",+65 221 7555,"Bronz Sok., Bronz Apt. 3/6 Tesvikiye",,Singapore,N/A,79903,Singapore,Japan,Natividad,Eric,Medium
10176,33,100.0,2,3300.0,2003-11-06,Shipped,4,11,2003,Classic Cars,207,S12_1108,L'ordine Souveniers,0522-556555,Strada Provinciale 124,,Reggio Emilia,N/A,42100,Italy,EMEA,Moroni,Maurizio,Medium
10185,21,100.0,13,2100.0,2003-11-14,Shipped,4,11,2003,Classic Cars,207,S12_1108,Mini Creations Ltd.,5085559555,4575 Hillside Dr.,,New Bedford,MA,50553,USA,,Tam,Wing C,Small
10196,47,100.0,5,4700.0,2003-11-26,Shipped,4,11,2003,Classic Cars,207,S12_1108,Super Scale Inc.,2035559545,567 North Pendale Street,,New Haven,CT,97823,USA,,Murphy,Leslie,Medium
10208,46,100.0,13,4600.0,2004-01-02,Shipped,1,1,2004,Classic Cars,207,S12_1108,"Saveley & Henriot, Co.",78.32.5555,"2, rue du Commerce",,Lyon,N/A,69004,France,EMEA,Saveley,Mary,Medium
10220,32,100.0,2,3200.0,2004-02-12,Shipped,1,2,2004,Classic Cars,207,S12_1108,"Clover Collections, Co.",+353 1862 1555,25 Maiden Lane,Floor No. 4,Dublin,N/A,2,Ireland,EMEA,Cassidy,Dean,Medium
10231,42,100.0,2,4200.0,2004-03-19,Shipped,1,3,2004,Classic Cars,207,S12_1108,CAF Imports,+34 913 728 555,"Merchants House, 27-30 Merchant's Quay",,Madrid,N/A,28023,Spain,EMEA,Fernandez,Jesus,Medium
10247,44,100.0,2,4400.0,2004-05-05,Shipped,2,5,2004,Classic Cars,207,S12_1108,Suominen Souveniers,+358 9 8045 555,"Software Engineering Center, SEC Oy",,Espoo,N/A,FIN-02271,Finland,EMEA,Suominen,Kalle,Medium
10272,35,100.0,2,3500.0,2004-07-20,Shipped,3,7,2004,Classic Cars,207,S12_1108,Diecast Classics Inc.,2155551555,7586 Pompton St.,,Allentown,PA,70267,USA,,Yu,Kyung,Medium
10282,41,100.0,5,4100.0,2004-08-20,Shipped,3,8,2004,Classic Cars,207,S12_1108,Mini Gifts Distributors Ltd.,4155551450,5677 Strong St.,,San Rafael,CA,97562,USA,,Nelson,Valarie,Medium
10293,46,100.0,8,4600.0,2004-09-09,Shipped,3,9,2004,Classic Cars,207,S12_1108,Amica Models & Co.,011-4988555,Via Monte Bianco 34,,Torino,N/A,10100,Italy,EMEA,Accorti,Paolo,Medium
10306,31,100.0,13,3100.0,2004-10-14,Shipped,4,10,2004,Classic Cars,207,S12_1108,"AV Stores, Co.",(171) 555-1555,Fauntleroy Circus,,Manchester,N/A,EC2 5NT,UK,EMEA,Ashworth,Victoria,Medium
10314,38,100.0,5,3800.0,2004-10-22,Shipped,4,10,2004,Classic Cars,207,S12_1108,Heintze Collectables,86 21 3555,Smagsloget 45,,Aaarhus,N/A,8200,Denmark,EMEA,Ibsen,Palle,Medium
10325,42,64.0,8,2688.0,2004-11-05,Shipped,4,11,2004,Classic Cars,207,S12_1108,Baane Mini Imports,07-98 9555,Erling Skakkes gate 78,,Stavern,N/A,4110,Norway,EMEA,Bergulfsen,Jonas,Small
10336,33,57.22,10,1888.26,2004-11-20,Shipped,4,11,2004,Classic Cars,207,S12_1108,"La Corne D'abondance, Co.",(1) 42.34.2555,"265, boulevard Charonne",,Paris,N/A,75012,France,EMEA,Bertrand,Marie,Small
10348,48,52.36,8,2513.28,2004-11-01,Shipped,4,11,2004,Classic Cars,207,S12_1108,"Corrida Auto Replicas, Ltd",(91) 555 22 82,"C/ Araquil, 67",,Madrid,N/A,28023,Spain,EMEA,Sommer,Mart¡n,Small
10359,42,100.0,8,4200.0,2004-12-15,Shipped,4,12,2004,Classic Cars,207,S12_1108,Reims Collectables,26.47.1555,59 rue de l'Abbaye,,Reims,N/A,51100,France,EMEA,Henriot,Paul,Medium
10371,32,100.0,6,3200.0,2005-01-23,Shipped,1,1,2005,Classic Cars,207,S12_1108,Mini Gifts Distributors Ltd.,4155551450,5677 Strong St.,,San Rafael,CA,97562,USA,,Nelson,Valarie,Medium
10382,34,100.0,10,3400.0,2005-02-17,Shipped,1,2,2005,Classic Cars,207,S12_1108,Mini Gifts Distributors Ltd.,4155551450,5677 Strong St.,,San Rafael,CA,97562,USA,,Nelson,Valarie,Medium
10395,33,69.12,1,2280.96,2005-03-17,Shipped,1,3,2005,Classic Cars,207,S12_1108,Lyon Souveniers,+33 1 46 62 7555,27 rue du Colonel Pierre Avia,,Paris,N/A,75508,France,EMEA,Da Cunha,Daniel,Small
10413,36,100.0,2,3600.0,2005-05-05,Shipped,2,5,2005,Classic Cars,207,S12_1108,Gift Depot Inc.,2035552570,25593 South Bay Ln.,,Bridgewater,CT,97562,USA,,King,Julie,Medium
10103,27,100.0,8,2700.0,2003-01-29,Shipped,1,1,2003,Trucks and Buses,136,S12_1666,Baane Mini Imports,07-98 9555,Erling Skakkes gate 78,,Stavern,N/A,4110,Norway,EMEA,Bergulfsen,Jonas,Small
10113,21,100.0,2,2100.0,2003-03-26,Shipped,1,3,2003,Trucks and Buses,136,S12_1666,Mini Gifts Distributors Ltd.,4155551450,5677 Strong St.,,San Rafael,CA,97562,USA,,Nelson,Valarie,Small
10126,21,100.0,8,2100.0,2003-05-28,Shipped,2,5,2003,Trucks and Buses,136,S12_1666,"Corrida Auto Replicas, Ltd",(91) 555 22 82,"C/ Araquil, 67",,Madrid,N/A,28023,Spain,EMEA,Sommer,Mart¡n,Small
10140,38,100.0,8,3800.0,2003-07-24,Shipped,3,7,2003,Trucks and Buses,136,S12_1666,Technics Stores Inc.,6505556809,9408 Furth Circle,,Burlingame,CA,94217,USA,,Hirano,Juri,Medium
10150,30,100.0,5,3000.0,2003-09-19,Shipped,3,9,2003,Trucks and Buses,136,S12_1666,"Dragon Souveniers, Ltd.",+65 221 7555,"Bronz Sok., Bronz Apt. 3/6 Tesvikiye",,Singapore,N/A,79903,Singapore,Japan,Natividad,Eric,Medium
10164,49,100.0,6,4900.0,2003-10-21,Resolved,4,10,2003,Trucks and Buses,136,S12_1666,Mini Auto Werke,7675-3555,Kirchgasse 6,,Graz,N/A,8010,Austria,EMEA,Mendel,Roland,Medium
10174,43,100.0,1,4300.0,2003-11-06,Shipped,4,11,2003,Trucks and Buses,136,S12_1666,"Australian Gift Network, Co",61-7-3844-6555,31 Duncan St. West End,,South Brisbane,Queensland,4101,Australia,APAC,Calaghan,Tony,Medium
10183,41,100.0,5,4100.0,2003-11-13,Shipped,4,11,2003,Trucks and Buses,136,S12_1666,"Classic Gift Ideas, Inc",2155554695,782 First Street,,Philadelphia,PA,71270,USA,,Cervantes,Francisca,Medium
10194,38,100.0,8,3800.0,2003-11-25,Shipped,4,11,2003,Trucks and Buses,136,S12_1666,"Saveley & Henriot, Co.",78.32.5555,"2, rue du Commerce",,Lyon,N/A,69004,France,EMEA,Saveley,Mary,Medium
10206,28,100.0,3,2800.0,2003-12-05,Shipped,4,12,2003,Trucks and Buses,136,S12_1666,Canadian Gift Exchange Network,(604) 555-3392,1900 Oak St.,,Vancouver,BC,V3F 2K1,Canada,,Tannamuri,Yoshi,Small
10216,43,100.0,1,4300.0,2004-02-02,Shipped,1,2,2004,Trucks and Buses,136,S12_1666,Auto Assoc. & Cie.,30.59.8555,"67, avenue de l'Europe",,Versailles,N/A,78000,France,EMEA,Tonini,Daniel,Medium
10229,25,100.0,13,2500.0,2004-03-11,Shipped,1,3,2004,Trucks and Buses,136,S12_1666,Mini Gifts Distributors Ltd.,4155551450,5677 Strong St.,,San Rafael,CA,97562,USA,,Nelson,Valarie,Small
10245,38,100.0,6,3800.0,2004-05-04,Shipped,2,5,2004,Trucks and Buses,136,S12_1666,Super Scale Inc.,2035559545,567 North Pendale Street,,New Haven,CT,97823,USA,,Murphy,Leslie,Medium
10258,41,100.0,3,4100.0,2004-06-15,Shipped,2,6,2004,Trucks and Buses,136,S12_1666,"Tokyo Collectables, Ltd",+81 3 3584 0555,2-2-8 Roppongi,,Minato-ku,Tokyo,106-0032,Japan,Japan,Shimamura,Akiko,Medium
10270,28,100.0,6,2800.0,2004-07-19,Shipped,3,7,2004,Trucks and Buses,136,S12_1666,Souveniers And Things Co.,+61 2 9495 8555,"Monitor Money Building, 815 Pacific Hwy",Level 6,Chatswood,NSW,2067,Australia,APAC,Huxley,Adrian,Small
10281,25,100.0,13,2500.0,2004-08-19,Shipped,3,8,2004,Trucks and Buses,136,S12_1666,Diecast Classics Inc.,2155551555,7586 Pompton St.,,Allentown,PA,70267,USA,,Yu,Kyung,Small
10291,41,100.0,8,4100.0,2004-09-08,Shipped,3,9,2004,Trucks and Buses,136,S12_1666,Scandinavian Gift Ideas,0695-34 6555,?kergatan 24,,Boras,N/A,S-844 67,Sweden,EMEA,Larsson,Maria,Medium
10304,39,100.0,3,3900.0,2004-10-11,Shipped,4,10,2004,Trucks and Buses,136,S12_1666,Auto Assoc. & Cie.,30.59.8555,"67, avenue de l'Europe",,Versailles,N/A,78000,France,EMEA,Tonini,Daniel,Medium
10313,21,100.0,11,2100.0,2004-10-22,Shipped,4,10,2004,Trucks and Buses,136,S12_1666,Canadian Gift Exchange Network,(604) 555-3392,1900 Oak St.,,Vancouver,BC,V3F 2K1,Canada,,Tannamuri,Yoshi,Small
10322,27,100.0,9,2700.0,2004-11-04,Shipped,4,11,2004,Trucks and Buses,136,S12_1666,Online Diecast Creations Co.,6035558647,2304 Long Airport Avenue,,Nashua,NH,62005,USA,,Young,Valarie,Small
10333,33,99.21,6,3273.93,2004-11-18,Shipped,4,11,2004,Trucks and Buses,136,S12_1666,Mini Wheels Co.,6505555787,5557 North Pendale Street,,San Francisco,CA,UNKNOWN,USA,,Murphy,Julie,Medium
10347,29,100.0,3,2900.0,2004-11-29,Shipped,4,11,2004,Trucks and Buses,136,S12_1666,"Australian Collectors, Co.",03 9520 4555,636 St Kilda Road,Level 3,Melbourne,Victoria,3004,Australia,APAC,Ferguson,Peter,Small
10357,49,100.0,8,4900.0,2004-12-10,Shipped,4,12,2004,Trucks and Buses,136,S12_1666,Mini Gifts Distributors Ltd.,4155551450,5677 Strong St.,,San Rafael,CA,97562,USA,,Nelson,Valarie,Medium
10370,49,100.0,8,4900.0,2005-01-20,Shipped,1,1,2005,Trucks and Buses,136,S12_1666,"Anna's Decorations, Ltd",02 9936 8555,201 Miller Street,Level 15,North Sydney,NSW,2060,Australia,APAC,O'Hara,Anna,Medium
10381,20,100.0,1,2000.0,2005-02-17,Shipped,1,2,2005,Trucks and Buses,136,S12_1666,Corporate Gift Ideas Co.,6505551386,7734 Strong St.,,San Francisco,CA,UNKNOWN,USA,,Brown,Julie,Small
10391,39,63.2,9,2464.8,2005-03-09,Shipped,1,3,2005,Trucks and Buses,136,S12_1666,"Anna's Decorations, Ltd",02 9936 8555,201 Miller Street,Level 15,North Sydney,NSW,2060,Australia,APAC,O'Hara,Anna,Small
10411,40,100.0,6,4000.0,2005-05-01,Shipped,2,5,2005,Trucks and Buses,136,S12_1666,Quebec Home Shopping Network,(514) 555-8054,43 rue St. Laurent,,Montreal,Quebec,H1J 1C3,Canada,,Fresnisre,Jean,Medium
10424,49,100.0,3,4900.0,2005-05-31,In Process,2,5,2005,Trucks and Buses,136,S12_1666,Euro Shopping Channel,(91) 555 94 44,"C/ Moralzarzal, 86",,Madrid,N/A,28034,Spain,EMEA,Freyre,Diego,Medium
10107,21,100.0,1,2100.0,2003-02-24,Shipped,1,2,2003,Motorcycles,150,S12_2823,Land of Toys Inc.,2125557818,897 Long Airport Avenue,,NYC,NY,10022,USA,,Yu,Kwai,Small
10121,50,100.0,4,5000.0,2003-05-07,Shipped,2,5,2003,Motorcycles,150,S12_2823,Reims Collectables,26.47.1555,59 rue de l'Abbaye,,Reims,N/A,51100,France,EMEA,Henriot,Paul,Medium
10134,20,100.0,1,2000.0,2003-07-01,Shipped,3,7,2003,Motorcycles,150,S12_2823,Lyon Souveniers,+33 1 46 62 7555,27 rue du Colonel Pierre Avia,,Paris,N/A,75508,France,EMEA,Da Cunha,Daniel,Small
10145,49,100.0,5,4900.0,2003-08-25,Shipped,3,8,2003,Motorcycles,150,S12_2823,Toys4GrownUps.com,6265557265,78934 Hillside Dr.,,Pasadena,CA,90003,USA,,Young,Julie,Medium
10159,38,100.0,13,3800.0,2003-10-10,Shipped,4,10,2003,Motorcycles,150,S12_2823,Corporate Gift Ideas Co.,6505551386,7734 Strong St.,,San Francisco,CA,UNKNOWN,USA,,Brown,Julie,Medium
10169,35,100.0,13,3500.0,2003-11-04,Shipped,4,11,2003,Motorcycles,150,S12_2823,"Anna's Decorations, Ltd",02 9936 8555,201 Miller Street,Level 15,North Sydney,NSW,2060,Australia,APAC,O'Hara,Anna,Medium
10180,40,100.0,8,4000.0,2003-11-11,Shipped,4,11,2003,Motorcycles,150,S12_2823,Daedalus Designs Imports,20.16.1555,"184, chausse de Tournai",,Lille,N/A,59000,France,EMEA,Rance,Martine,Medium
10189,28,100.0,1,2800.0,2003-11-18,Shipped,4,11,2003,Motorcycles,150,S12_2823,Toys4GrownUps.com,6265557265,78934 Hillside Dr.,,Pasadena,CA,90003,USA,,Young,Julie,Small
10201,25,100.0,1,2500.0,2003-12-01,Shipped,4,12,2003,Motorcycles,150,S12_2823,Mini Wheels Co.,6505555787,5557 North Pendale Street,,San Francisco,CA,UNKNOWN,USA,,Murphy,Julie,Small
10211,36,100.0,13,3600.0,2004-01-15,Shipped,1,1,2004,Motorcycles,150,S12_2823,Auto Canal Petit,(1) 47.55.6555,"25, rue Lauriston",,Paris,N/A,75016,France,EMEA,Perrier,Dominique,Medium
10224,43,100.0,6,4300.0,2004-02-21,Shipped,1,2,2004,Motorcycles,150,S12_2823,Daedalus Designs Imports,20.16.1555,"184, chausse de Tournai",,Lille,N/A,59000,France,EMEA,Rance,Martine,Medium
10237,32,100.0,6,3200.0,2004-04-05,Shipped,2,4,2004,Motorcycles,150,S12_2823,Vitachrome Inc.,2125551500,2678 Kingston Rd.,Suite 101,NYC,NY,10022,USA,,Frick,Michael,Medium
10251,46,100.0,1,4600.0,2004-05-18,Shipped,2,5,2004,Motorcycles,150,S12_2823,Tekni Collectables Inc.,2015559350,7476 Moss Rd.,,Newark,NJ,94019,USA,,Brown,William,Medium
10263,48,100.0,1,4800.0,2004-06-28,Shipped,2,6,2004,Motorcycles,150,S12_2823,Gift Depot Inc.,2035552570,25593 South Bay Ln.,,Bridgewater,CT,97562,USA,,King,Julie,Medium
10276,43,100.0,14,4300.0,2004-08-02,Shipped,3,8,2004,Motorcycles,150,S12_2823,Online Mini Collectables,6175557555,7635 Spinnaker Dr.,,Brickhaven,MA,58339,USA,,Barajas,Miguel,Medium
10285,49,100.0,5,4900.0,2004-08-27,Shipped,3,8,2004,Motorcycles,150,S12_2823,Marta's Replicas Co.,6175558555,39323 Spinnaker Dr.,,Cambridge,MA,51247,USA,,Hernandez,Marta,Medium
10299,24,100.0,8,2400.0,2004-09-30,Shipped,3,9,2004,Motorcycles,150,S12_2823,"Toys of Finland, Co.",90-224 8555,Keskuskatu 45,,Helsinki,N/A,21240,Finland,EMEA,Karttunen,Matti,Small
10309,26,100.0,4,2600.0,2004-10-15,Shipped,4,10,2004,Motorcycles,150,S12_2823,Baane Mini Imports,07-98 9555,Erling Skakkes gate 78,,Stavern,N/A,4110,Norway,EMEA,Bergulfsen,Jonas,Small
10319,30,100.0,9,3000.0,2004-11-03,Shipped,4,11,2004,Motorcycles,150,S12_2823,Microscale Inc.,2125551957,5290 North Pendale Street,Suite 200,NYC,NY,10022,USA,,Kuo,Kee,Medium
10329,24,100.0,6,2400.0,2004-11-15,Shipped,4,11,2004,Motorcycles,150,S12_2823,Land of Toys Inc.,2125557818,897 Long Airport Avenue,,NYC,NY,10022,USA,,Yu,Kwai,Small
10341,55,100.0,8,5500.0,2004-11-24,Shipped,4,11,2004,Motorcycles,150,S12_2823,Salzburg Collectables,6562-9555,Geislweg 14,,Salzburg,N/A,5020,Austria,EMEA,Pipps,Georg,Medium
10362,22,100.0,1,2200.0,2005-01-05,Shipped,1,1,2005,Motorcycles,150,S12_2823,Technics Stores Inc.,6505556809,9408 Furth Circle,,Burlingame,CA,94217,USA,,Hirano,Juri,Small
10375,49,78.92,13,3867.08,2005-02-03,Shipped,1,2,2005,Motorcycles,150,S12_2823,La Rochelle Gifts,40.67.8555,"67, rue des Cinquante Otages",,Nantes,N/A,44000,France,EMEA,Labrune,Janine,Medium
10388,44,100.0,6,4400.0,2005-03-03,Shipped,1,3,2005,Motorcycles,150,S12_2823,FunGiftIdeas.com,5085552555,1785 First Street,,New Bedford,MA,50553,USA,,Benitez,Violeta,Medium
10403,66,100.0,6,6600.0,2005-04-08,Shipped,2,4,2005,Motorcycles,150,S12_2823,"UK Collectables, Ltd.",(171) 555-2282,Berkeley Gardens 12  Brewery,,Liverpool,N/A,WX1 6LT,UK,EMEA,Devon,Elizabeth,Medium
10417,21,100.0,1,2100.0,2005-05-13,Disputed,2,5,2005,Motorcycles,150,S12_2823,Euro Shopping Channel,(91) 555 94 44,"C/ Moralzarzal, 86",,Madrid,N/A,28034,Spain,EMEA,Freyre,Diego,Small
10104,34,100.0,1,3400.0,2003-01-31,Shipped,1,1,2003,Classic Cars,151,S12_3148,Euro Shopping Channel,(91) 555 94 44,"C/ Moralzarzal, 86",,Madrid,N/A,28034,Spain,EMEA,Freyre,Diego,Medium
10117,43,100.0,10,4300.0,2003-04-16,Shipped,2,4,2003,Classic Cars,151,S12_3148,"Dragon Souveniers, Ltd.",+65 221 7555,"Bronz Sok., Bronz Apt. 3/6 Tesvikiye",,Singapore,N/A,79903,Singapore,Japan,Natividad,Eric,Medium
10127,46,100.0,3,4600.0,2003-06-03,Shipped,2,6,2003,Classic Cars,151,S12_3148,Muscle Machine Inc,2125557413,4092 Furth Circle,Suite 400,NYC,NY,10022,USA,,Young,Jeff,Medium
10142,33,100.0,13,3300.0,2003-08-08,Shipped,3,8,2003,Classic Cars,151,S12_3148,Mini Gifts Distributors Ltd.,4155551450,5677 Strong St.,,San Rafael,CA,97562,USA,,Nelson,Valarie,Medium
10153,42,100.0,12,4200.0,2003-09-28,Shipped,3,9,2003,Classic Cars,151,S12_3148,Euro Shopping Channel,(91) 555 94 44,"C/ Moralzarzal, 86",,Madrid,N/A,28034,Spain,EMEA,Freyre,Diego,Medium
10165,34,100.0,4,3400.0,2003-10-22,Shipped,4,10,2003,Classic Cars,151,S12_3148,"Dragon Souveniers, Ltd.",+65 221 7555,"Bronz Sok., Bronz Apt. 3/6 Tesvikiye",,Singapore,N/A,79903,Singapore,Japan,Natividad,Eric,Medium
10176,47,100.0,3,4700.0,2003-11-06,Shipped,4,11,2003,Classic Cars,151,S12_3148,L'ordine Souveniers,0522-556555,Strada Provinciale 124,,Reggio Emilia,N/A,42100,Italy,EMEA,Moroni,Maurizio,Medium
10185,33,100.0,14,3300.0,2003-11-14,Shipped,4,11,2003,Classic Cars,151,S12_3148,Mini Creations Ltd.,5085559555,4575 Hillside Dr.,,New Bedford,MA,50553,USA,,Tam,Wing C,Medium
10196,24,100.0,6,2400.0,2003-11-26,Shipped,4,11,2003,Classic Cars,151,S12_3148,Super Scale Inc.,2035559545,567 North Pendale Street,,New Haven,CT,97823,USA,,Murphy,Leslie,Small
10208,26,100.0,14,2600.0,2004-01-02,Shipped,1,1,2004,Classic Cars,151,S12_3148,"Saveley & Henriot, Co.",78.32.5555,"2, rue du Commerce",,Lyon,N/A,69004,France,EMEA,Saveley,Mary,Small
10220,30,100.0,3,3000.0,2004-02-12,Shipped,1,2,2004,Classic Cars,151,S12_3148,"Clover Collections, Co.",+353 1862 1555,25 Maiden Lane,Floor No. 4,Dublin,N/A,2,Ireland,EMEA,Cassidy,Dean,Medium
10230,43,100.0,1,4300.0,2004-03-15,Shipped,1,3,2004,Classic Cars,151,S12_3148,"Blauer See Auto, Co.",+49 69 66 90 2555,Lyonerstr. 34,,Frankfurt,N/A,60528,Germany,EMEA,Keitel,Roland,Medium
10247,25,100.0,3,2500.0,2004-05-05,Shipped,2,5,2004,Classic Cars,151,S12_3148,Suominen Souveniers,+358 9 8045 555,"Software Engineering Center, SEC Oy",,Espoo,N/A,FIN-02271,Finland,EMEA,Suominen,Kalle,Small
10272,27,100.0,3,2700.0,2004-07-20,Shipped,3,7,2004,Classic Cars,151,S12_3148,Diecast Classics Inc.,2155551555,7586 Pompton St.,,Allentown,PA,70267,USA,,Yu,Kyung,Small
10282,27,100.0,6,2700.0,2004-08-20,Shipped,3,8,2004,Classic Cars,151,S12_3148,Mini Gifts Distributors Ltd.,4155551450,5677 Strong St.,,San Rafael,CA,97562,USA,,Nelson,Valarie,Small
10293,24,100.0,9,2400.0,2004-09-09,Shipped,3,9,2004,Classic Cars,151,S12_3148,Amica Models & Co.,011-4988555,Via Monte Bianco 34,,Torino,N/A,10100,Italy,EMEA,Accorti,Paolo,Small
10306,34,100.0,14,3400.0,2004-10-14,Shipped,4,10,2004,Classic Cars,151,S12_3148,"AV Stores, Co.",(171) 555-1555,Fauntleroy Circus,,Manchester,N/A,EC2 5NT,UK,EMEA,Ashworth,Victoria,Medium
10314,46,100.0,6,4600.0,2004-10-22,Shipped,4,10,2004,Classic Cars,151,S12_3148,Heintze Collectables,86 21 3555,Smagsloget 45,,Aaarhus,N/A,8200,Denmark,EMEA,Ibsen,Palle,Medium
10324,27,54.33,1,1466.91,2004-11-05,Shipped,4,11,2004,Classic Cars,151,S12_3148,Vitachrome Inc.,2125551500,2678 Kingston Rd.,Suite 101,NYC,NY,10022,USA,,Frick,Michael,Small
10336,33,100.0,11,3300.0,2004-11-20,Shipped,4,11,2004,Classic Cars,151,S12_3148,"La Corne D'abondance, Co.",(1) 42.34.2555,"265, boulevard Charonne",,Paris,N/A,75012,France,EMEA,Bertrand,Marie,Medium
10348,47,100.0,4,4700.0,2004-11-01,Shipped,4,11,2004,Classic Cars,151,S12_3148,"Corrida Auto Replicas, Ltd",(91) 555 22 82,"C/ Araquil, 67",,Madrid,N/A,28023,Spain,EMEA,Sommer,Mart¡n,Medium
10358,49,55.34,5,2711.66,2004-12-10,Shipped,4,12,2004,Classic Cars,151,S12_3148,Euro Shopping Channel,(91) 555 94 44,"C/ Moralzarzal, 86",,Madrid,N/A,28034,Spain,EMEA,Freyre,Diego,Small
10372,40,100.0,4,4000.0,2005-01-26,Shipped,1,1,2005,Classic Cars,151,S12_3148,"Tokyo Collectables, Ltd",+81 3 3584 0555,2-2-8 Roppongi,,Minato-ku,Tokyo,106-0032,Japan,Japan,Shimamura,Akiko,Medium
10382,37,100.0,11,3700.0,2005-02-17,Shipped,1,2,2005,Classic Cars,151,S12_3148,Mini Gifts Distributors Ltd.,4155551450,5677 Strong St.,,San Rafael,CA,97562,USA,,Nelson,Valarie,Medium
10413,47,100.0,3,4700.0,2005-05-05,Shipped,2,5,2005,Classic Cars,151,S12_3148,Gift Depot Inc.,2035552570,25593 South Bay Ln.,,Bridgewater,CT,97562,USA,,King,Julie,Medium
10108,45,100.0,4,4500.0,2003-03-03,Shipped,1,3,2003,Classic Cars,117,S12_3380,Cruz & Sons Co.,+63 2 555 3587,15 McCallum Street - NatWest Center #13-03,,Makati City,N/A,1227 MM,Philippines,Japan,Cruz,Arnold,Medium
10122,37,99.82,8,3693.34,2003-05-08,Shipped,2,5,2003,Classic Cars,117,S12_3380,Marseille Mini Autos,91.24.4555,"12, rue des Bouchers",,Marseille,N/A,13008,France,EMEA,Lebihan,Laurence,Medium
10135,48,100.0,5,4800.0,2003-07-02,Shipped,3,7,2003,Classic Cars,117,S12_3380,Mini Gifts Distributors Ltd.,4155551450,5677 Strong St.,,San Rafael,CA,97562,USA,,Nelson,Valarie,Medium
10147,31,100.0,5,3100.0,2003-09-05,Shipped,3,9,2003,Classic Cars,117,S12_3380,Collectables For Less Inc.,6175558555,7825 Douglas Av.,,Brickhaven,MA,58339,USA,,Nelson,Allen,Medium
10160,46,100.0,6,4600.0,2003-10-11,Shipped,4,10,2003,Classic Cars,117,S12_3380,"Men 'R' US Retailers, Ltd.",2155554369,6047 Douglas Av.,,Los Angeles,CA,UNKNOWN,USA,,Chandler,Michael,Medium
10170,47,100.0,4,4700.0,2003-11-04,Shipped,4,11,2003,Classic Cars,117,S12_3380,Mini Auto Werke,7675-3555,Kirchgasse 6,,Graz,N/A,8010,Austria,EMEA,Mendel,Roland,Medium
10181,28,100.0,12,2800.0,2003-11-12,Shipped,4,11,2003,Classic Cars,117,S12_3380,Herkku Gifts,+47 2267 3215,"Drammen 121, PR 744 Sentrum",,Bergen,N/A,N 5804,Norway,EMEA,Oeztan,Veysel,Small
10191,40,100.0,1,4000.0,2003-11-20,Shipped,4,11,2003,Classic Cars,117,S12_3380,"Toms Spezialitten, Ltd",0221-5554327,Mehrheimerstr. 369,,Koln,N/A,50739,Germany,EMEA,Pfalzheim,Henriette,Medium
10203,20,100.0,6,2000.0,2003-12-02,Shipped,4,12,2003,Classic Cars,117,S12_3380,Euro Shopping Channel,(91) 555 94 44,"C/ Moralzarzal, 86",,Madrid,N/A,28034,Spain,EMEA,Freyre,Diego,Small
10212,39,100.0,16,3900.0,2004-01-16,Shipped,1,1,2004,Classic Cars,117,S12_3380,Euro Shopping Channel,(91) 555 94 44,"C/ Moralzarzal, 86",,Madrid,N/A,28034,Spain,EMEA,Freyre,Diego,Medium
10225,25,99.82,7,2495.5,2004-02-22,Shipped,1,2,2004,Classic Cars,117,S12_3380,"Vida Sport, Ltd",0897-034555,Grenzacherweg 237,,Gensve,N/A,1203,Switzerland,EMEA,Holz,Michael,Small
10238,29,100.0,1,2900.0,2004-04-09,Shipped,2,4,2004,Classic Cars,117,S12_3380,Danish Wholesale Imports,31 12 3555,Vinb'ltet 34,,Kobenhavn,N/A,1734,Denmark,EMEA,Petersen,Jytte,Small
10253,22,100.0,11,2200.0,2004-06-01,Cancelled,2,6,2004,Classic Cars,117,S12_3380,"UK Collectables, Ltd.",(171) 555-2282,Berkeley Gardens 12  Brewery,,Liverpool,N/A,WX1 6LT,UK,EMEA,Devon,Elizabeth,Small
10266,22,100.0,12,2200.0,2004-07-06,Shipped,3,7,2004,Classic Cars,117,S12_3380,L'ordine Souveniers,0522-556555,Strada Provinciale 124,,Reggio Emilia,N/A,42100,Italy,EMEA,Moroni,Maurizio,Small
10276,47,100.0,1,4700.0,2004-08-02,Shipped,3,8,2004,Classic Cars,117,S12_3380,Online Mini Collectables,6175557555,7635 Spinnaker Dr.,,Brickhaven,MA,58339,USA,,Barajas,Miguel,Medium
10287,45,100.0,10,4500.0,2004-08-30,Shipped,3,8,2004,Classic Cars,117,S12_3380,"Vida Sport, Ltd",0897-034555,Grenzacherweg 237,,Gensve,N/A,1203,Switzerland,EMEA,Holz,Michael,Medium
10300,29,100.0,3,2900.0,2003-10-04,Shipped,4,10,2003,Classic Cars,117,S12_3380,"Blauer See Auto, Co.",+49 69 66 90 2555,Lyonerstr. 34,,Frankfurt,N/A,60528,Germany,EMEA,Keitel,Roland,Small
10310,24,100.0,8,2400.0,2004-10-16,Shipped,4,10,2004,Classic Cars,117,S12_3380,"Toms Spezialitten, Ltd",0221-5554327,Mehrheimerstr. 369,,Koln,N/A,50739,Germany,EMEA,Pfalzheim,Henriette,Small
10320,35,100.0,1,3500.0,2004-11-03,Shipped,4,11,2004,Classic Cars,117,S12_3380,"Volvo Model Replicas, Co",0921-12 3555,Berguvsvgen  8,,Lule,N/A,S-958 22,Sweden,EMEA,Berglund,Christina,Medium
10329,46,83.63,13,3846.98,2004-11-15,Shipped,4,11,2004,Classic Cars,117,S12_3380,Land of Toys Inc.,2125557818,897 Long Airport Avenue,,NYC,NY,10022,USA,,Yu,Kwai,Medium
10341,44,95.93,1,4220.92,2004-11-24,Shipped,4,11,2004,Classic Cars,117,S12_3380,Salzburg Collectables,6562-9555,Geislweg 14,,Salzburg,N/A,5020,Austria,EMEA,Pipps,Georg,Medium
10363,34,96.73,4,3288.82,2005-01-06,Shipped,1,1,2005,Classic Cars,117,S12_3380,Suominen Souveniers,+358 9 8045 555,"Software Engineering Center, SEC Oy",,Espoo,N/A,FIN-02271,Finland,EMEA,Suominen,Kalle,Medium
10376,35,100.0,1,3500.0,2005-02-08,Shipped,1,2,2005,Classic Cars,117,S12_3380,Boards & Toys Co.,3105552373,4097 Douglas Av.,,Glendale,CA,92561,USA,,Young,Leslie,Medium
10389,25,72.38,6,1809.5,2005-03-03,Shipped,1,3,2005,Classic Cars,117,S12_3380,Scandinavian Gift Ideas,0695-34 6555,?kergatan 24,,Boras,N/A,S-844 67,Sweden,EMEA,Larsson,Maria,Small
10419,10,100.0,11,1000.0,2005-05-17,Shipped,2,5,2005,Classic Cars,117,S12_3380,Salzburg Collectables,6562-9555,Geislweg 14,,Salzburg,N/A,5020,Austria,EMEA,Pipps,Georg,Small
10105,29,100.0,14,2900.0,2003-02-11,Shipped,1,2,2003,Classic Cars,173,S12_3891,Danish Wholesale Imports,31 12 3555,Vinb'ltet 34,,Kobenhavn,N/A,1734,Denmark,EMEA,Petersen,Jytte,Small
10117,39,100.0,8,3900.0,2003-04-16,Shipped,2,4,2003,Classic Cars,173,S12_3891,"Dragon Souveniers, Ltd.",+65 221 7555,"Bronz Sok., Bronz Apt. 3/6 Tesvikiye",,Singapore,N/A,79903,Singapore,Japan,Natividad,Eric,Medium
10127,42,100.0,1,4200.0,2003-06-03,Shipped,2,6,2003,Classic Cars,173,S12_3891,Muscle Machine Inc,2125557413,4092 Furth Circle,Suite 400,NYC,NY,10022,USA,,Young,Jeff,Medium
10142,46,100.0,11,4600.0,2003-08-08,Shipped,3,8,2003,Classic Cars,173,S12_3891,Mini Gifts Distributors Ltd.,4155551450,5677 Strong St.,,San Rafael,CA,97562,USA,,Nelson,Valarie,Medium
10153,49,100.0,10,4900.0,2003-09-28,Shipped,3,9,2003,Classic Cars,173,S12_3891,Euro Shopping Channel,(91) 555 94 44,"C/ Moralzarzal, 86",,Madrid,N/A,28034,Spain,EMEA,Freyre,Diego,Medium
10165,27,100.0,2,2700.0,2003-10-22,Shipped,4,10,2003,Classic Cars,173,S12_3891,"Dragon Souveniers, Ltd.",+65 221 7555,"Bronz Sok., Bronz Apt. 3/6 Tesvikiye",,Singapore,N/A,79903,Singapore,Japan,Natividad,Eric,Small
10176,50,100.0,1,5000.0,2003-11-06,Shipped,4,11,2003,Classic Cars,173,S12_3891,L'ordine Souveniers,0522-556555,Strada Provinciale 124,,Reggio Emilia,N/A,42100,Italy,EMEA,Moroni,Maurizio,Medium
10185,43,100.0,12,4300.0,2003-11-14,Shipped,4,11,2003,Classic Cars,173,S12_3891,Mini Creations Ltd.,5085559555,4575 Hillside Dr.,,New Bedford,MA,50553,USA,,Tam,Wing C,Medium
10196,38,100.0,4,3800.0,2003-11-26,Shipped,4,11,2003,Classic Cars,173,S12_3891,Super Scale Inc.,2035559545,567 North Pendale Street,,New Haven,CT,97823,USA,,Murphy,Leslie,Medium
10208,20,100.0,12,2000.0,2004-01-02,Shipped,1,1,2004,Classic Cars,173,S12_3891,"Saveley & Henriot, Co.",78.32.5555,"2, rue du Commerce",,Lyon,N/A,69004,France,EMEA,Saveley,Mary,Small
10220,27,100.0,1,2700.0,2004-02-12,Shipped,1,2,2004,Classic Cars,173,S12_3891,"Clover Collections, Co.",+353 1862 1555,25 Maiden Lane,Floor No. 4,Dublin,N/A,2,Ireland,EMEA,Cassidy,Dean,Small
10231,49,100.0,1,4900.0,2004-03-19,Shipped,1,3,2004,Classic Cars,173,S12_3891,CAF Imports,+34 913 728 555,"Merchants House, 27-30 Merchant's Quay",,Madrid,N/A,28023,Spain,EMEA,Fernandez,Jesus,Medium
10247,27,100.0,1,2700.0,2004-05-05,Shipped,2,5,2004,Classic Cars,173,S12_3891,Suominen Souveniers,+358 9 8045 555,"Software Engineering Center, SEC Oy",,Espoo,N/A,FIN-02271,Finland,EMEA,Suominen,Kalle,Small
10272,39,100.0,1,3900.0,2004-07-20,Shipped,3,7,2004,Classic Cars,173,S12_3891,Diecast Classics Inc.,2155551555,7586 Pompton St.,,Allentown,PA,70267,USA,,Yu,Kyung,Medium
10282,24,100.0,4,2400.0,2004-08-20,Shipped,3,8,2004,Classic Cars,173,S12_3891,Mini Gifts Distributors Ltd.,4155551450,5677 Strong St.,,San Rafael,CA,97562,USA,,Nelson,Valarie,Small
10293,45,100.0,7,4500.0,2004-09-09,Shipped,3,9,2004,Classic Cars,173,S12_3891,Amica Models & Co.,011-4988555,Via Monte Bianco 34,,Torino,N/A,10100,Italy,EMEA,Accorti,Paolo,Medium
10306,20,100.0,12,2000.0,2004-10-14,Shipped,4,10,2004,Classic Cars,173,S12_3891,"AV Stores, Co.",(171) 555-1555,Fauntleroy Circus,,Manchester,N/A,EC2 5NT,UK,EMEA,Ashworth,Victoria,Small
10314,36,100.0,4,3600.0,2004-10-22,Shipped,4,10,2004,Classic Cars,173,S12_3891,Heintze Collectables,86 21 3555,Smagsloget 45,,Aaarhus,N/A,8200,Denmark,EMEA,Ibsen,Palle,Medium
10325,24,100.0,1,2400.0,2004-11-05,Shipped,4,11,2004,Classic Cars,173,S12_3891,Baane Mini Imports,07-98 9555,Erling Skakkes gate 78,,Stavern,N/A,4110,Norway,EMEA,Bergulfsen,Jonas,Small
10336,49,63.38,1,3105.62,2004-11-20,Shipped,4,11,2004,Classic Cars,173,S12_3891,"La Corne D'abondance, Co.",(1) 42.34.2555,"265, boulevard Charonne",,Paris,N/A,75012,France,EMEA,Bertrand,Marie,Medium
10349,26,100.0,10,2600.0,2004-12-01,Shipped,4,12,2004,Classic Cars,173,S12_3891,Muscle Machine Inc,2125557413,4092 Furth Circle,Suite 400,NYC,NY,10022,USA,,Young,Jeff,Small
10359,49,62.09,5,3042.41,2004-12-15,Shipped,4,12,2004,Classic Cars,173,S12_3891,Reims Collectables,26.47.1555,59 rue de l'Abbaye,,Reims,N/A,51100,France,EMEA,Henriot,Paul,Medium
10372,34,100.0,1,3400.0,2005-01-26,Shipped,1,1,2005,Classic Cars,173,S12_3891,"Tokyo Collectables, Ltd",+81 3 3584 0555,2-2-8 Roppongi,,Minato-ku,Tokyo,106-0032,Japan,Japan,Shimamura,Akiko,Medium
10382,34,95.35,12,3241.9,2005-02-17,Shipped,1,2,2005,Classic Cars,173,S12_3891,Mini Gifts Distributors Ltd.,4155551450,5677 Strong St.,,San Rafael,CA,97562,USA,,Nelson,Valarie,Medium
10396,33,100.0,3,3300.0,2005-03-23,Shipped,1,3,2005,Classic Cars,173,S12_3891,Mini Gifts Distributors Ltd.,4155551450,5677 Strong St.,,San Rafael,CA,97562,USA,,Nelson,Valarie,Medium
10413,22,100.0,1,2200.0,2005-05-05,Shipped,2,5,2005,Classic Cars,173,S12_3891,Gift Depot Inc.,2035552570,25593 South Bay Ln.,,Bridgewater,CT,97562,USA,,King,Julie,Small
10108,39,79.0,7,3081.0,2003-03-03,Shipped,1,3,2003,Classic Cars,79,S12_3990,Cruz & Sons Co.,+63 2 555 3587,15 McCallum Street - NatWest Center #13-03,,Makati City,N/A,1227 MM,Philippines,Japan,Cruz,Arnold,Medium
10122,32,63.84,11,2042.88,2003-05-08,Shipped,2,5,2003,Classic Cars,79,S12_3990,Marseille Mini Autos,91.24.4555,"12, rue des Bouchers",,Marseille,N/A,13008,France,EMEA,Lebihan,Laurence,Small
10135,24,75.01,8,1800.24,2003-07-02,Shipped,3,7,2003,Classic Cars,79,S12_3990,Mini Gifts Distributors Ltd.,4155551450,5677 Strong St.,,San Rafael,CA,97562,USA,,Nelson,Valarie,Small
10147,21,63.84,8,1340.64,2003-09-05,Shipped,3,9,2003,Classic Cars,79,S12_3990,Collectables For Less Inc.,6175558555,7825 Douglas Av.,,Brickhaven,MA,58339,USA,,Nelson,Allen,Small
10159,24,73.42,3,1762.08,2003-10-10,Shipped,4,10,2003,Classic Cars,79,S12_3990,Corporate Gift Ideas Co.,6505551386,7734 Strong St.,,San Francisco,CA,UNKNOWN,USA,,Brown,Julie,Small
10169,36,63.84,3,2298.24,2003-11-04,Shipped,4,11,2003,Classic Cars,79,S12_3990,"Anna's Decorations, Ltd",02 9936 8555,201 Miller Street,Level 15,North Sydney,NSW,2060,Australia,APAC,O'Hara,Anna,Small
10181,20,79.0,15,1580.0,2003-11-12,Shipped,4,11,2003,Classic Cars,79,S12_3990,Herkku Gifts,+47 2267 3215,"Drammen 121, PR 744 Sentrum",,Bergen,N/A,N 5804,Norway,EMEA,Oeztan,Veysel,Small
10191,30,64.64,4,1939.2,2003-11-20,Shipped,4,11,2003,Classic Cars,79,S12_3990,"Toms Spezialitten, Ltd",0221-5554327,Mehrheimerstr. 369,,Koln,N/A,50739,Germany,EMEA,Pfalzheim,Henriette,Small
10203,44,79.0,9,3476.0,2003-12-02,Shipped,4,12,2003,Classic Cars,79,S12_3990,Euro Shopping Channel,(91) 555 94 44,"C/ Moralzarzal, 86",,Madrid,N/A,28034,Spain,EMEA,Freyre,Diego,Medium
10211,28,79.0,3,2212.0,2004-01-15,Shipped,1,1,2004,Classic Cars,79,S12_3990,Auto Canal Petit,(1) 47.55.6555,"25, rue Lauriston",,Paris,N/A,75016,France,EMEA,Perrier,Dominique,Small
10225,37,77.41,10,2864.17,2004-02-22,Shipped,1,2,2004,Classic Cars,79,S12_3990,"Vida Sport, Ltd",0897-034555,Grenzacherweg 237,,Gensve,N/A,1203,Switzerland,EMEA,Holz,Michael,Small
10238,20,74.21,4,1484.2,2004-04-09,Shipped,2,4,2004,Classic Cars,79,S12_3990,Danish Wholesale Imports,31 12 3555,Vinb'ltet 34,,Kobenhavn,N/A,1734,Denmark,EMEA,Petersen,Jytte,Small
10253,25,79.0,14,1975.0,2004-06-01,Cancelled,2,6,2004,Classic Cars,79,S12_3990,"UK Collectables, Ltd.",(171) 555-2282,Berkeley Gardens 12  Brewery,,Liverpool,N/A,WX1 6LT,UK,EMEA,Devon,Elizabeth,Small
10266,35,76.61,15,2681.35,2004-07-06,Shipped,3,7,2004,Classic Cars,79,S12_3990,L'ordine Souveniers,0522-556555,Strada Provinciale 124,,Reggio Emilia,N/A,42100,Italy,EMEA,Moroni,Maurizio,Small
10276,38,79.0,4,3002.0,2004-08-02,Shipped,3,8,2004,Classic Cars,79,S12_3990,Online Mini Collectables,6175557555,7635 Spinnaker Dr.,,Brickhaven,MA,58339,USA,,Barajas,Miguel,Medium
10287,41,69.43,13,2846.63,2004-08-30,Shipped,3,8,2004,Classic Cars,79,S12_3990,"Vida Sport, Ltd",0897-034555,Grenzacherweg 237,,Gensve,N/A,1203,Switzerland,EMEA,Holz,Michael,Small
10300,22,76.61,6,1685.42,2003-10-04,Shipped,4,10,2003,Classic Cars,79,S12_3990,"Blauer See Auto, Co.",+49 69 66 90 2555,Lyonerstr. 34,,Frankfurt,N/A,60528,Germany,EMEA,Keitel,Roland,Small
10310,49,79.0,11,3871.0,2004-10-16,Shipped,4,10,2004,Classic Cars,79,S12_3990,"Toms Spezialitten, Ltd",0221-5554327,Mehrheimerstr. 369,,Koln,N/A,50739,Germany,EMEA,Pfalzheim,Henriette,Medium
10320,38,73.42,4,2789.96,2004-11-03,Shipped,4,11,2004,Classic Cars,79,S12_3990,"Volvo Model Replicas, Co",0921-12 3555,Berguvsvgen  8,,Lule,N/A,S-958 22,Sweden,EMEA,Berglund,Christina,Small
10329,33,79.0,14,2607.0,2004-11-15,Shipped,4,11,2004,Classic Cars,79,S12_3990,Land of Toys Inc.,2125557818,897 Long Airport Avenue,,NYC,NY,10022,USA,,Yu,Kwai,Small
10341,36,79.0,10,2844.0,2004-11-24,Shipped,4,11,2004,Classic Cars,79,S12_3990,Salzburg Collectables,6562-9555,Geislweg 14,,Salzburg,N/A,5020,Austria,EMEA,Pipps,Georg,Small
10363,34,79.0,5,2686.0,2005-01-06,Shipped,1,1,2005,Classic Cars,79,S12_3990,Suominen Souveniers,+358 9 8045 555,"Software Engineering Center, SEC Oy",,Espoo,N/A,FIN-02271,Finland,EMEA,Suominen,Kalle,Small
10377,24,67.83,5,1627.92,2005-02-09,Shipped,1,2,2005,Classic Cars,79,S12_3990,"Toys of Finland, Co.",90-224 8555,Keskuskatu 45,,Helsinki,N/A,21240,Finland,EMEA,Karttunen,Matti,Small
10389,36,70.26,7,2529.36,2005-03-03,Shipped,1,3,2005,Classic Cars,79,S12_3990,Scandinavian Gift Ideas,0695-34 6555,?kergatan 24,,Boras,N/A,S-844 67,Sweden,EMEA,Larsson,Maria,Small
10419,34,79.0,14,2686.0,2005-05-17,Shipped,2,5,2005,Classic Cars,79,S12_3990,Salzburg Collectables,6562-9555,Geislweg 14,,Salzburg,N/A,5020,Austria,EMEA,Pipps,Georg,Small
10104,41,100.0,9,4100.0,2003-01-31,Shipped,1,1,2003,Trucks and Buses,118,S12_4473,Euro Shopping Channel,(91) 555 94 44,"C/ Moralzarzal, 86",,Madrid,N/A,28034,Spain,EMEA,Freyre,Diego,Medium
10115,46,100.0,5,4600.0,2003-04-04,Shipped,2,4,2003,Trucks and Buses,118,S12_4473,Classic Legends Inc.,2125558493,5905 Pompton St.,Suite 750,NYC,NY,10022,USA,,Hernandez,Maria,Medium
10127,24,100.0,11,2400.0,2003-06-03,Shipped,2,6,2003,Trucks and Buses,118,S12_4473,Muscle Machine Inc,2125557413,4092 Furth Circle,Suite 400,NYC,NY,10022,USA,,Young,Jeff,Small
10141,21,100.0,5,2100.0,2003-08-01,Shipped,3,8,2003,Trucks and Buses,118,S12_4473,Suominen Souveniers,+358 9 8045 555,"Software Engineering Center, SEC Oy",,Espoo,N/A,FIN-02271,Finland,EMEA,Suominen,Kalle,Small
10151,24,100.0,3,2400.0,2003-09-21,Shipped,3,9,2003,Trucks and Buses,118,S12_4473,"Oulu Toy Supplies, Inc.",981-443655,Torikatu 38,,Oulu,N/A,90110,Finland,EMEA,Koskitalo,Pirkko,Small
10165,48,100.0,12,4800.0,2003-10-22,Shipped,4,10,2003,Trucks and Buses,118,S12_4473,"Dragon Souveniers, Ltd.",+65 221 7555,"Bronz Sok., Bronz Apt. 3/6 Tesvikiye",,Singapore,N/A,79903,Singapore,Japan,Natividad,Eric,Medium
10175,26,100.0,1,2600.0,2003-11-06,Shipped,4,11,2003,Trucks and Buses,118,S12_4473,"Stylish Desk Decors, Co.",(171) 555-0297,35 King George,,London,N/A,WX3 6FW,UK,EMEA,Brown,Ann,Small
10184,37,100.0,6,3700.0,2003-11-14,Shipped,4,11,2003,Trucks and Buses,118,S12_4473,"Iberia Gift Imports, Corp.",(95) 555 82 82,"C/ Romero, 33",,Sevilla,N/A,41101,Spain,EMEA,Roel,Jose Pedro,Medium
10195,49,100.0,6,4900.0,2003-11-25,Shipped,4,11,2003,Trucks and Buses,118,S12_4473,Mini Classics,9145554562,3758 North Pendale Street,,White Plains,NY,24067,USA,,Frick,Steve,Medium
10207,34,99.54,7,3384.36,2003-12-09,Shipped,4,12,2003,Trucks and Buses,118,S12_4473,Diecast Collectables,6175552555,6251 Ingle Ln.,,Boston,MA,51003,USA,,Franco,Valarie,Medium
10219,48,100.0,2,4800.0,2004-02-10,Shipped,1,2,2004,Trucks and Buses,118,S12_4473,Signal Collectibles Ltd.,4155554312,2793 Furth Circle,,Brisbane,CA,94217,USA,,Taylor,Sue,Medium
10229,36,100.0,1,3600.0,2004-03-11,Shipped,1,3,2004,Trucks and Buses,118,S12_4473,Mini Gifts Distributors Ltd.,4155551450,5677 Strong St.,,San Rafael,CA,97562,USA,,Nelson,Valarie,Medium
10246,46,100.0,5,4600.0,2004-05-05,Shipped,2,5,2004,Trucks and Buses,118,S12_4473,Euro Shopping Channel,(91) 555 94 44,"C/ Moralzarzal, 86",,Madrid,N/A,28034,Spain,EMEA,Freyre,Diego,Medium
10259,46,100.0,4,4600.0,2004-06-15,Shipped,2,6,2004,Trucks and Buses,118,S12_4473,Handji Gifts& Co,+65 224 1555,Village Close - 106 Linden Road Sandown,2nd Floor,Singapore,N/A,69045,Singapore,Japan,Victorino,Wendy,Medium
10271,31,97.17,5,3012.27,2004-07-20,Shipped,3,7,2004,Trucks and Buses,118,S12_4473,Mini Gifts Distributors Ltd.,4155551450,5677 Strong St.,,San Rafael,CA,97562,USA,,Nelson,Valarie,Medium
10281,41,100.0,1,4100.0,2004-08-19,Shipped,3,8,2004,Trucks and Buses,118,S12_4473,Diecast Classics Inc.,2155551555,7586 Pompton St.,,Allentown,PA,70267,USA,,Yu,Kyung,Medium
10292,21,100.0,8,2100.0,2004-09-08,Shipped,3,9,2004,Trucks and Buses,118,S12_4473,Land of Toys Inc.,2125557818,897 Long Airport Avenue,,NYC,NY,10022,USA,,Yu,Kwai,Small
10305,38,100.0,5,3800.0,2004-10-13,Shipped,4,10,2004,Trucks and Buses,118,S12_4473,Marta's Replicas Co.,6175558555,39323 Spinnaker Dr.,,Cambridge,MA,51247,USA,,Hernandez,Marta,Medium
10314,45,100.0,14,4500.0,2004-10-22,Shipped,4,10,2004,Trucks and Buses,118,S12_4473,Heintze Collectables,86 21 3555,Smagsloget 45,,Aaarhus,N/A,8200,Denmark,EMEA,Ibsen,Palle,Medium
10324,26,58.38,7,1517.88,2004-11-05,Shipped,4,11,2004,Trucks and Buses,118,S12_4473,Vitachrome Inc.,2125551500,2678 Kingston Rd.,Suite 101,NYC,NY,10022,USA,,Frick,Michael,Small
10336,38,100.0,3,3800.0,2004-11-20,Shipped,4,11,2004,Trucks and Buses,118,S12_4473,"La Corne D'abondance, Co.",(1) 42.34.2555,"265, boulevard Charonne",,Paris,N/A,75012,France,EMEA,Bertrand,Marie,Medium
10349,48,100.0,9,4800.0,2004-12-01,Shipped,4,12,2004,Trucks and Buses,118,S12_4473,Muscle Machine Inc,2125557413,4092 Furth Circle,Suite 400,NYC,NY,10022,USA,,Young,Jeff,Medium
10358,42,64.16,9,2694.72,2004-12-10,Shipped,4,12,2004,Trucks and Buses,118,S12_4473,Euro Shopping Channel,(91) 555 94 44,"C/ Moralzarzal, 86",,Madrid,N/A,28034,Spain,EMEA,Freyre,Diego,Small
10371,49,35.71,4,1749.79,2005-01-23,Shipped,1,1,2005,Trucks and Buses,118,S12_4473,Mini Gifts Distributors Ltd.,4155551450,5677 Strong St.,,San Rafael,CA,97562,USA,,Nelson,Valarie,Small
10382,32,66.58,13,2130.56,2005-02-17,Shipped,1,2,2005,Trucks and Buses,118,S12_4473,Mini Gifts Distributors Ltd.,4155551450,5677 Strong St.,,San Rafael,CA,97562,USA,,Nelson,Valarie,Small
10412,54,100.0,5,5400.0,2005-05-03,Shipped,2,5,2005,Trucks and Buses,118,S12_4473,Euro Shopping Channel,(91) 555 94 44,"C/ Moralzarzal, 86",,Madrid,N/A,28034,Spain,EMEA,Freyre,Diego,Medium
10425,33,100.0,4,3300.0,2005-05-31,In Process,2,5,2005,Trucks and Buses,118,S12_4473,La Rochelle Gifts,40.67.8555,"67, rue des Cinquante Otages",,Nantes,N/A,44000,France,EMEA,Labrune,Janine,Medium
10108,36,100.0,3,3600.0,2003-03-03,Shipped,1,3,2003,Classic Cars,115,S12_4675,Cruz & Sons Co.,+63 2 555 3587,15 McCallum Street - NatWest Center #13-03,,Makati City,N/A,1227 MM,Philippines,Japan,Cruz,Arnold,Medium
10122,20,100.0,7,2000.0,2003-05-08,Shipped,2,5,2003,Classic Cars,115,S12_4675,Marseille Mini Autos,91.24.4555,"12, rue des Bouchers",,Marseille,N/A,13008,France,EMEA,Lebihan,Laurence,Small
10135,29,97.89,4,2838.81,2003-07-02,Shipped,3,7,2003,Classic Cars,115,S12_4675,Mini Gifts Distributors Ltd.,4155551450,5677 Strong St.,,San Rafael,CA,97562,USA,,Nelson,Valarie,Small
10147,33,97.89,4,3230.37,2003-09-05,Shipped,3,9,2003,Classic Cars,115,S12_4675,Collectables For Less Inc.,6175558555,7825 Douglas Av.,,Brickhaven,MA,58339,USA,,Nelson,Allen,Medium
10160,50,100.0,5,5000.0,2003-10-11,Shipped,4,10,2003,Classic Cars,115,S12_4675,"Men 'R' US Retailers, Ltd.",2155554369,6047 Douglas Av.,,Los Angeles,CA,UNKNOWN,USA,,Chandler,Michael,Medium
10170,41,100.0,3,4100.0,2003-11-04,Shipped,4,11,2003,Classic Cars,115,S12_4675,Mini Auto Werke,7675-3555,Kirchgasse 6,,Graz,N/A,8010,Austria,EMEA,Mendel,Roland,Medium
10181,36,100.0,11,3600.0,2003-11-12,Shipped,4,11,2003,Classic Cars,115,S12_4675,Herkku Gifts,+47 2267 3215,"Drammen 121, PR 744 Sentrum",,Bergen,N/A,N 5804,Norway,EMEA,Oeztan,Veysel,Medium
10192,27,100.0,16,2700.0,2003-11-20,Shipped,4,11,2003,Classic Cars,115,S12_4675,Online Diecast Creations Co.,6035558647,2304 Long Airport Avenue,,Nashua,NH,62005,USA,,Young,Valarie,Small
10203,47,100.0,5,4700.0,2003-12-02,Shipped,4,12,2003,Classic Cars,115,S12_4675,Euro Shopping Channel,(91) 555 94 44,"C/ Moralzarzal, 86",,Madrid,N/A,28034,Spain,EMEA,Freyre,Diego,Medium
10212,33,100.0,15,3300.0,2004-01-16,Shipped,1,1,2004,Classic Cars,115,S12_4675,Euro Shopping Channel,(91) 555 94 44,"C/ Moralzarzal, 86",,Madrid,N/A,28034,Spain,EMEA,Freyre,Diego,Medium
10225,21,100.0,6,2100.0,2004-02-22,Shipped,1,2,2004,Classic Cars,115,S12_4675,"Vida Sport, Ltd",0897-034555,Grenzacherweg 237,,Gensve,N/A,1203,Switzerland,EMEA,Holz,Michael,Small
10239,21,93.28,5,1958.88,2004-04-12,Shipped,2,4,2004,Classic Cars,115,S12_4675,"Oulu Toy Supplies, Inc.",981-443655,Torikatu 38,,Oulu,N/A,90110,Finland,EMEA,Koskitalo,Pirkko,Small
10253,41,100.0,10,4100.0,2004-06-01,Cancelled,2,6,2004,Classic Cars,115,S12_4675,"UK Collectables, Ltd.",(171) 555-2282,Berkeley Gardens 12  Brewery,,Liverpool,N/A,WX1 6LT,UK,EMEA,Devon,Elizabeth,Medium
10266,40,100.0,11,4000.0,2004-07-06,Shipped,3,7,2004,Classic Cars,115,S12_4675,L'ordine Souveniers,0522-556555,Strada Provinciale 124,,Reggio Emilia,N/A,42100,Italy,EMEA,Moroni,Maurizio,Medium
10277,28,100.0,1,2800.0,2004-08-04,Shipped,3,8,2004,Classic Cars,115,S12_4675,"Dragon Souveniers, Ltd.",+65 221 7555,"Bronz Sok., Bronz Apt. 3/6 Tesvikiye",,Singapore,N/A,79903,Singapore,Japan,Natividad,Eric,Small
10287,23,100.0,9,2300.0,2004-08-30,Shipped,3,8,2004,Classic Cars,115,S12_4675,"Vida Sport, Ltd",0897-034555,Grenzacherweg 237,,Gensve,N/A,1203,Switzerland,EMEA,Holz,Michael,Small
10300,23,100.0,2,2300.0,2003-10-04,Shipped,4,10,2003,Classic Cars,115,S12_4675,"Blauer See Auto, Co.",+49 69 66 90 2555,Lyonerstr. 34,,Frankfurt,N/A,60528,Germany,EMEA,Keitel,Roland,Small
10310,25,100.0,7,2500.0,2004-10-16,Shipped,4,10,2004,Classic Cars,115,S12_4675,"Toms Spezialitten, Ltd",0221-5554327,Mehrheimerstr. 369,,Koln,N/A,50739,Germany,EMEA,Pfalzheim,Henriette,Small
10321,24,100.0,15,2400.0,2004-11-04,Shipped,4,11,2004,Classic Cars,115,S12_4675,FunGiftIdeas.com,5085552555,1785 First Street,,New Bedford,MA,50553,USA,,Benitez,Violeta,Small
10329,39,64.74,15,2524.86,2004-11-15,Shipped,4,11,2004,Classic Cars,115,S12_4675,Land of Toys Inc.,2125557818,897 Long Airport Avenue,,NYC,NY,10022,USA,,Yu,Kwai,Small
10341,55,75.2,7,4136.0,2004-11-24,Shipped,4,11,2004,Classic Cars,115,S12_4675,Salzburg Collectables,6562-9555,Geislweg 14,,Salzburg,N/A,5020,Austria,EMEA,Pipps,Georg,Medium
10363,46,88.45,6,4068.7,2005-01-06,Shipped,1,1,2005,Classic Cars,115,S12_4675,Suominen Souveniers,+358 9 8045 555,"Software Engineering Center, SEC Oy",,Espoo,N/A,FIN-02271,Finland,EMEA,Suominen,Kalle,Medium
10377,50,100.0,1,5000.0,2005-02-09,Shipped,1,2,2005,Classic Cars,115,S12_4675,"Toys of Finland, Co.",90-224 8555,Keskuskatu 45,,Helsinki,N/A,21240,Finland,EMEA,Karttunen,Matti,Medium
10389,47,100.0,8,4700.0,2005-03-03,Shipped,1,3,2005,Classic Cars,115,S12_4675,Scandinavian Gift Ideas,0695-34 6555,?kergatan 24,,Boras,N/A,S-844 67,Sweden,EMEA,Larsson,Maria,Medium
10405,97,93.28,5,9048.16,2005-04-14,Shipped,2,4,2005,Classic Cars,115,S12_4675,Mini Caravy,88.60.1555,"24, place Kluber",,Strasbourg,N/A,67000,France,EMEA,Citeaux,Frederique,Large
10419,32,100.0,10,3200.0,2005-05-17,Shipped,2,5,2005,Classic Cars,115,S12_4675,Salzburg Collectables,6562-9555,Geislweg 14,,Salzburg,N/A,5020,Austria,EMEA,Pipps,Georg,Medium
10103,35,100.0,10,3500.0,2003-01-29,Shipped,1,1,2003,Trucks and Buses,116,S18_1097,Baane Mini Imports,07-98 9555,Erling Skakkes gate 78,,Stavern,N/A,4110,Norway,EMEA,Bergulfsen,Jonas,Medium
10113,49,100.0,4,4900.0,2003-03-26,Shipped,1,3,2003,Trucks and Buses,116,S18_1097,Mini Gifts Distributors Ltd.,4155551450,5677 Strong St.,,San Rafael,CA,97562,USA,,Nelson,Valarie,Medium
10126,38,100.0,10,3800.0,2003-05-28,Shipped,2,5,2003,Trucks and Buses,116,S18_1097,"Corrida Auto Replicas, Ltd",(91) 555 22 82,"C/ Araquil, 67",,Madrid,N/A,28023,Spain,EMEA,Sommer,Mart¡n,Medium
10140,32,100.0,10,3200.0,2003-07-24,Shipped,3,7,2003,Trucks and Buses,116,S18_1097,Technics Stores Inc.,6505556809,9408 Furth Circle,,Burlingame,CA,94217,USA,,Hirano,Juri,Medium
10150,34,100.0,7,3400.0,2003-09-19,Shipped,3,9,2003,Trucks and Buses,116,S18_1097,"Dragon Souveniers, Ltd.",+65 221 7555,"Bronz Sok., Bronz Apt. 3/6 Tesvikiye",,Singapore,N/A,79903,Singapore,Japan,Natividad,Eric,Medium
10164,36,99.17,8,3570.12,2003-10-21,Resolved,4,10,2003,Trucks and Buses,116,S18_1097,Mini Auto Werke,7675-3555,Kirchgasse 6,,Graz,N/A,8010,Austria,EMEA,Mendel,Roland,Medium
10174,48,93.34,3,4480.32,2003-11-06,Shipped,4,11,2003,Trucks and Buses,116,S18_1097,"Australian Gift Network, Co",61-7-3844-6555,31 Duncan St. West End,,South Brisbane,Queensland,4101,Australia,APAC,Calaghan,Tony,Medium
10183,21,96.84,7,2033.64,2003-11-13,Shipped,4,11,2003,Trucks and Buses,116,S18_1097,"Classic Gift Ideas, Inc",2155554695,782 First Street,,Philadelphia,PA,71270,USA,,Cervantes,Francisca,Small
10194,21,93.34,10,1960.14,2003-11-25,Shipped,4,11,2003,Trucks and Buses,116,S18_1097,"Saveley & Henriot, Co.",78.32.5555,"2, rue du Commerce",,Lyon,N/A,69004,France,EMEA,Saveley,Mary,Small
10206,34,100.0,5,3400.0,2003-12-05,Shipped,4,12,2003,Trucks and Buses,116,S18_1097,Canadian Gift Exchange Network,(604) 555-3392,1900 Oak St.,,Vancouver,BC,V3F 2K1,Canada,,Tannamuri,Yoshi,Medium
10215,46,100.0,2,4600.0,2004-01-29,Shipped,1,1,2004,Trucks and Buses,116,S18_1097,West Coast Collectables Co.,3105553722,3675 Furth Circle,,Burbank,CA,94019,USA,,Thompson,Steve,Medium
10228,32,100.0,1,3200.0,2004-03-10,Shipped,1,3,2004,Trucks and Buses,116,S18_1097,Cambridge Collectables Co.,6175555555,4658 Baden Av.,,Cambridge,MA,51247,USA,,Tseng,Kyung,Medium
10245,29,100.0,8,2900.0,2004-05-04,Shipped,2,5,2004,Trucks and Buses,116,S18_1097,Super Scale Inc.,2035559545,567 North Pendale Street,,New Haven,CT,97823,USA,,Murphy,Leslie,Small
10258,41,100.0,5,4100.0,2004-06-15,Shipped,2,6,2004,Trucks and Buses,116,S18_1097,"Tokyo Collectables, Ltd",+81 3 3584 0555,2-2-8 Roppongi,,Minato-ku,Tokyo,106-0032,Japan,Japan,Shimamura,Akiko,Medium
10270,43,96.84,8,4164.12,2004-07-19,Shipped,3,7,2004,Trucks and Buses,116,S18_1097,Souveniers And Things Co.,+61 2 9495 8555,"Monitor Money Building, 815 Pacific Hwy",Level 6,Chatswood,NSW,2067,Australia,APAC,Huxley,Adrian,Medium
10280,24,100.0,1,2400.0,2004-08-17,Shipped,3,8,2004,Trucks and Buses,116,S18_1097,Amica Models & Co.,011-4988555,Via Monte Bianco 34,,Torino,N/A,10100,Italy,EMEA,Accorti,Paolo,Small
10291,41,100.0,10,4100.0,2004-09-08,Shipped,3,9,2004,Trucks and Buses,116,S18_1097,Scandinavian Gift Ideas,0695-34 6555,?kergatan 24,,Boras,N/A,S-844 67,Sweden,EMEA,Larsson,Maria,Medium
10304,46,98.0,5,4508.0,2004-10-11,Shipped,4,10,2004,Trucks and Buses,116,S18_1097,Auto Assoc. & Cie.,30.59.8555,"67, avenue de l'Europe",,Versailles,N/A,78000,France,EMEA,Tonini,Daniel,Medium
10312,32,100.0,2,3200.0,2004-10-21,Shipped,4,10,2004,Trucks and Buses,116,S18_1097,Mini Gifts Distributors Ltd.,4155551450,5677 Strong St.,,San Rafael,CA,97562,USA,,Nelson,Valarie,Medium
10322,22,100.0,10,2200.0,2004-11-04,Shipped,4,11,2004,Trucks and Buses,116,S18_1097,Online Diecast Creations Co.,6035558647,2304 Long Airport Avenue,,Nashua,NH,62005,USA,,Young,Valarie,Small
10333,29,40.25,7,1167.25,2004-11-18,Shipped,4,11,2004,Trucks and Buses,116,S18_1097,Mini Wheels Co.,6505555787,5557 North Pendale Street,,San Francisco,CA,UNKNOWN,USA,,Murphy,Julie,Small
10347,42,49.6,5,2083.2,2004-11-29,Shipped,4,11,2004,Trucks and Buses,116,S18_1097,"Australian Collectors, Co.",03 9520 4555,636 St Kilda Road,Level 3,Melbourne,Victoria,3004,Australia,APAC,Ferguson,Peter,Small
10357,39,98.0,1,3822.0,2004-12-10,Shipped,4,12,2004,Trucks and Buses,116,S18_1097,Mini Gifts Distributors Ltd.,4155551450,5677 Strong St.,,San Rafael,CA,97562,USA,,Nelson,Valarie,Medium
10370,27,100.0,1,2700.0,2005-01-20,Shipped,1,1,2005,Trucks and Buses,116,S18_1097,"Anna's Decorations, Ltd",02 9936 8555,201 Miller Street,Level 15,North Sydney,NSW,2060,Australia,APAC,O'Hara,Anna,Small
10381,48,98.0,2,4704.0,2005-02-17,Shipped,1,2,2005,Trucks and Buses,116,S18_1097,Corporate Gift Ideas Co.,6505551386,7734 Strong St.,,San Francisco,CA,UNKNOWN,USA,,Brown,Julie,Medium
10391,29,85.1,10,2467.9,2005-03-09,Shipped,1,3,2005,Trucks and Buses,116,S18_1097,"Anna's Decorations, Ltd",02 9936 8555,201 Miller Street,Level 15,North Sydney,NSW,2060,Australia,APAC,O'Hara,Anna,Small
10411,27,100.0,8,2700.0,2005-05-01,Shipped,2,5,2005,Trucks and Buses,116,S18_1097,Quebec Home Shopping Network,(514) 555-8054,43 rue St. Laurent,,Montreal,Quebec,H1J 1C3,Canada,,Fresnisre,Jean,Small
10424,54,100.0,5,5400.0,2005-05-31,In Process,2,5,2005,Trucks and Buses,116,S18_1097,Euro Shopping Channel,(91) 555 94 44,"C/ Moralzarzal, 86",,Madrid,N/A,28034,Spain,EMEA,Freyre,Diego,Medium
10109,26,100.0,4,2600.0,2003-03-10,Shipped,1,3,2003,Classic Cars,141,S18_1129,Motor Mint Distributors Inc.,2155559857,11328 Douglas Av.,,Philadelphia,PA,71270,USA,,Hernandez,Rosa,Small
10122,34,100.0,2,3400.0,2003-05-08,Shipped,2,5,2003,Classic Cars,141,S18_1129,Marseille Mini Autos,91.24.4555,"12, rue des Bouchers",,Marseille,N/A,13008,France,EMEA,Lebihan,Laurence,Medium
10136,25,100.0,2,2500.0,2003-07-04,Shipped,3,7,2003,Classic Cars,141,S18_1129,Alpha Cognac,61.77.6555,1 rue Alsace-Lorraine,,Toulouse,N/A,31000,France,EMEA,Roulet,Annette,Small
10148,23,100.0,13,2300.0,2003-09-11,Shipped,3,9,2003,Classic Cars,141,S18_1129,"Anna's Decorations, Ltd",02 9936 8555,201 Miller Street,Level 15,North Sydney,NSW,2060,Australia,APAC,O'Hara,Anna,Small
10161,28,100.0,12,2800.0,2003-10-17,Shipped,4,10,2003,Classic Cars,141,S18_1129,Heintze Collectables,86 21 3555,Smagsloget 45,,Aaarhus,N/A,8200,Denmark,EMEA,Ibsen,Palle,Small
10171,35,100.0,2,3500.0,2003-11-05,Shipped,4,11,2003,Classic Cars,141,S18_1129,Quebec Home Shopping Network,(514) 555-8054,43 rue St. Laurent,,Montreal,Quebec,H1J 1C3,Canada,,Fresnisre,Jean,Medium
10181,44,100.0,6,4400.0,2003-11-12,Shipped,4,11,2003,Classic Cars,141,S18_1129,Herkku Gifts,+47 2267 3215,"Drammen 121, PR 744 Sentrum",,Bergen,N/A,N 5804,Norway,EMEA,Oeztan,Veysel,Medium
10192,22,100.0,11,2200.0,2003-11-20,Shipped,4,11,2003,Classic Cars,141,S18_1129,Online Diecast Creations Co.,6035558647,2304 Long Airport Avenue,,Nashua,NH,62005,USA,,Young,Valarie,Small
10204,42,100.0,17,4200.0,2003-12-02,Shipped,4,12,2003,Classic Cars,141,S18_1129,Muscle Machine Inc,2125557413,4092 Furth Circle,Suite 400,NYC,NY,10022,USA,,Young,Jeff,Medium
10212,29,100.0,10,2900.0,2004-01-16,Shipped,1,1,2004,Classic Cars,141,S18_1129,Euro Shopping Channel,(91) 555 94 44,"C/ Moralzarzal, 86",,Madrid,N/A,28034,Spain,EMEA,Freyre,Diego,Small
10225,32,100.0,1,3200.0,2004-02-22,Shipped,1,2,2004,Classic Cars,141,S18_1129,"Vida Sport, Ltd",0897-034555,Grenzacherweg 237,,Gensve,N/A,1203,Switzerland,EMEA,Holz,Michael,Medium
10240,41,100.0,3,4100.0,2004-04-13,Shipped,2,4,2004,Classic Cars,141,S18_1129,Osaka Souveniers Co.,+81 06 6342 5555,"Dojima Avanza 4F, 1-6-20 Dojima, Kita-ku",,Osaka,Osaka,530-0003,Japan,Japan,Kentary,Mory,Medium
10253,26,100.0,5,2600.0,2004-06-01,Cancelled,2,6,2004,Classic Cars,141,S18_1129,"UK Collectables, Ltd.",(171) 555-2282,Berkeley Gardens 12  Brewery,,Liverpool,N/A,WX1 6LT,UK,EMEA,Devon,Elizabeth,Small
10266,21,100.0,6,2100.0,2004-07-06,Shipped,3,7,2004,Classic Cars,141,S18_1129,L'ordine Souveniers,0522-556555,Strada Provinciale 124,,Reggio Emilia,N/A,42100,Italy,EMEA,Moroni,Maurizio,Small
10278,34,100.0,6,3400.0,2004-08-06,Shipped,3,8,2004,Classic Cars,141,S18_1129,Signal Gift Stores,7025551838,8489 Strong St.,,Las Vegas,NV,83030,USA,,King,Sue,Medium
10287,41,100.0,4,4100.0,2004-08-30,Shipped,3,8,2004,Classic Cars,141,S18_1129,"Vida Sport, Ltd",0897-034555,Grenzacherweg 237,,Gensve,N/A,1203,Switzerland,EMEA,Holz,Michael,Medium
10301,37,100.0,8,3700.0,2003-10-05,Shipped,4,10,2003,Classic Cars,141,S18_1129,"Norway Gifts By Mail, Co.",+47 2212 1555,"Drammensveien 126 A, PB 744 Sentrum",,Oslo,N/A,N 0106,Norway,EMEA,Klaeboe,Jan,Medium
10310,37,100.0,2,3700.0,2004-10-16,Shipped,4,10,2004,Classic Cars,141,S18_1129,"Toms Spezialitten, Ltd",0221-5554327,Mehrheimerstr. 369,,Koln,N/A,50739,Germany,EMEA,Pfalzheim,Henriette,Medium
10321,41,100.0,10,4100.0,2004-11-04,Shipped,4,11,2004,Classic Cars,141,S18_1129,FunGiftIdeas.com,5085552555,1785 First Street,,New Bedford,MA,50553,USA,,Benitez,Violeta,Medium
10331,46,100.0,6,4600.0,2004-11-17,Shipped,4,11,2004,Classic Cars,141,S18_1129,Motor Mint Distributors Inc.,2155559857,11328 Douglas Av.,,Philadelphia,PA,71270,USA,,Hernandez,Rosa,Medium
10342,40,100.0,2,4000.0,2004-11-24,Shipped,4,11,2004,Classic Cars,141,S18_1129,"Australian Collectors, Co.",03 9520 4555,636 St Kilda Road,Level 3,Melbourne,Victoria,3004,Australia,APAC,Ferguson,Peter,Medium
10356,43,97.6,8,4196.8,2004-12-09,Shipped,4,12,2004,Classic Cars,141,S18_1129,Lyon Souveniers,+33 1 46 62 7555,27 rue du Colonel Pierre Avia,,Paris,N/A,75508,France,EMEA,Da Cunha,Daniel,Medium
10365,30,87.06,1,2611.8,2005-01-07,Shipped,1,1,2005,Classic Cars,141,S18_1129,Mini Creations Ltd.,5085559555,4575 Hillside Dr.,,New Bedford,MA,50553,USA,,Tam,Wing C,Small
10377,35,100.0,2,3500.0,2005-02-09,Shipped,1,2,2005,Classic Cars,141,S18_1129,"Toys of Finland, Co.",90-224 8555,Keskuskatu 45,,Helsinki,N/A,21240,Finland,EMEA,Karttunen,Matti,Medium
10390,36,93.77,14,3375.72,2005-03-04,Shipped,1,3,2005,Classic Cars,141,S18_1129,Mini Gifts Distributors Ltd.,4155551450,5677 Strong St.,,San Rafael,CA,97562,USA,,Nelson,Valarie,Medium
10406,61,100.0,3,6100.0,2005-04-15,Disputed,2,4,2005,Classic Cars,141,S18_1129,Danish Wholesale Imports,31 12 3555,Vinb'ltet 34,,Kobenhavn,N/A,1734,Denmark,EMEA,Petersen,Jytte,Medium
10419,38,100.0,5,3800.0,2005-05-17,Shipped,2,5,2005,Classic Cars,141,S18_1129,Salzburg Collectables,6562-9555,Geislweg 14,,Salzburg,N/A,5020,Austria,EMEA,Pipps,Georg,Medium
10102,39,100.0,2,3900.0,2003-01-10,Shipped,1,1,2003,Vintage Cars,102,S18_1342,Vitachrome Inc.,2125551500,2678 Kingston Rd.,Suite 101,NYC,NY,10022,USA,,Frick,Michael,Medium
10111,33,99.66,6,3288.78,2003-03-25,Shipped,1,3,2003,Vintage Cars,102,S18_1342,Mini Wheels Co.,6505555787,5557 North Pendale Street,,San Francisco,CA,UNKNOWN,USA,,Murphy,Julie,Medium
10125,32,100.0,1,3200.0,2003-05-21,Shipped,2,5,2003,Vintage Cars,102,S18_1342,"Australian Collectors, Co.",03 9520 4555,636 St Kilda Road,Level 3,Melbourne,Victoria,3004,Australia,APAC,Ferguson,Peter,Medium
10139,31,100.0,7,3100.0,2003-07-16,Shipped,3,7,2003,Vintage Cars,102,S18_1342,Souveniers And Things Co.,+61 2 9495 8555,"Monitor Money Building, 815 Pacific Hwy",Level 6,Chatswood,NSW,2067,Australia,APAC,Huxley,Adrian,Medium
10149,50,100.0,4,5000.0,2003-09-12,Shipped,3,9,2003,Vintage Cars,102,S18_1342,Signal Collectibles Ltd.,4155554312,2793 Furth Circle,,Brisbane,CA,94217,USA,,Taylor,Sue,Medium
10162,48,91.44,2,4389.12,2003-10-18,Shipped,4,10,2003,Vintage Cars,102,S18_1342,Corporate Gift Ideas Co.,6505551386,7734 Strong St.,,San Francisco,CA,UNKNOWN,USA,,Brown,Julie,Medium
10173,43,100.0,6,4300.0,2003-11-05,Shipped,4,11,2003,Vintage Cars,102,S18_1342,Rovelli Gifts,035-640555,Via Ludovico il Moro 22,,Bergamo,N/A,24100,Italy,EMEA,Rovelli,Giovanni,Medium
10182,25,87.33,3,2183.25,2003-11-12,Shipped,4,11,2003,Vintage Cars,102,S18_1342,Mini Gifts Distributors Ltd.,4155551450,5677 Strong St.,,San Rafael,CA,97562,USA,,Nelson,Valarie,Small
10193,28,100.0,7,2800.0,2003-11-21,Shipped,4,11,2003,Vintage Cars,102,S18_1342,"Australian Collectables, Ltd",61-9-3844-6555,7 Allen Street,,Glen Waverly,Victoria,3150,Australia,APAC,Connery,Sean,Small
10205,36,100.0,2,3600.0,2003-12-03,Shipped,4,12,2003,Vintage Cars,102,S18_1342,Euro Shopping Channel,(91) 555 94 44,"C/ Moralzarzal, 86",,Madrid,N/A,28034,Spain,EMEA,Freyre,Diego,Medium
10215,27,89.38,10,2413.26,2004-01-29,Shipped,1,1,2004,Vintage Cars,102,S18_1342,West Coast Collectables Co.,3105553722,3675 Furth Circle,,Burbank,CA,94019,USA,,Thompson,Steve,Small
10227,25,100.0,3,2500.0,2004-03-02,Shipped,1,3,2004,Vintage Cars,102,S18_1342,"Saveley & Henriot, Co.",78.32.5555,"2, rue du Commerce",,Lyon,N/A,69004,France,EMEA,Saveley,Mary,Small
10244,40,100.0,7,4000.0,2004-04-29,Shipped,2,4,2004,Vintage Cars,102,S18_1342,Euro Shopping Channel,(91) 555 94 44,"C/ Moralzarzal, 86",,Madrid,N/A,28034,Spain,EMEA,Freyre,Diego,Medium
10256,34,95.55,2,3248.7,2004-06-08,Shipped,2,6,2004,Vintage Cars,102,S18_1342,Danish Wholesale Imports,31 12 3555,Vinb'ltet 34,,Kobenhavn,N/A,1734,Denmark,EMEA,Petersen,Jytte,Medium
10280,50,100.0,9,5000.0,2004-08-17,Shipped,3,8,2004,Vintage Cars,102,S18_1342,Amica Models & Co.,011-4988555,Via Monte Bianco 34,,Torino,N/A,10100,Italy,EMEA,Accorti,Paolo,Medium
10289,38,100.0,2,3800.0,2004-09-03,Shipped,3,9,2004,Vintage Cars,102,S18_1342,Herkku Gifts,+47 2267 3215,"Drammen 121, PR 744 Sentrum",,Bergen,N/A,N 5804,Norway,EMEA,Oeztan,Veysel,Medium
10304,37,95.55,13,3535.35,2004-10-11,Shipped,4,10,2004,Vintage Cars,102,S18_1342,Auto Assoc. & Cie.,30.59.8555,"67, avenue de l'Europe",,Versailles,N/A,78000,France,EMEA,Tonini,Daniel,Medium
10312,43,89.38,10,3843.34,2004-10-21,Shipped,4,10,2004,Vintage Cars,102,S18_1342,Mini Gifts Distributors Ltd.,4155551450,5677 Strong St.,,San Rafael,CA,97562,USA,,Nelson,Valarie,Medium
10322,43,86.3,14,3710.9,2004-11-04,Shipped,4,11,2004,Vintage Cars,102,S18_1342,Online Diecast Creations Co.,6035558647,2304 Long Airport Avenue,,Nashua,NH,62005,USA,,Young,Valarie,Medium
10332,46,95.13,15,4375.98,2004-11-17,Shipped,4,11,2004,Vintage Cars,102,S18_1342,"AV Stores, Co.",(171) 555-1555,Fauntleroy Circus,,Manchester,N/A,EC2 5NT,UK,EMEA,Ashworth,Victoria,Medium
10346,42,36.11,3,1516.62,2004-11-29,Shipped,4,11,2004,Vintage Cars,102,S18_1342,Signal Gift Stores,7025551838,8489 Strong St.,,Las Vegas,NV,83030,USA,,King,Sue,Small
10356,50,50.18,9,2509.0,2004-12-09,Shipped,4,12,2004,Vintage Cars,102,S18_1342,Lyon Souveniers,+33 1 46 62 7555,27 rue du Colonel Pierre Avia,,Paris,N/A,75508,France,EMEA,Da Cunha,Daniel,Small
10369,44,100.0,8,4400.0,2005-01-20,Shipped,1,1,2005,Vintage Cars,102,S18_1342,Collectables For Less Inc.,6175558555,7825 Douglas Av.,,Brickhaven,MA,58339,USA,,Nelson,Allen,Medium
10380,27,93.16,13,2515.32,2005-02-16,Shipped,1,2,2005,Vintage Cars,102,S18_1342,Euro Shopping Channel,(91) 555 94 44,"C/ Moralzarzal, 86",,Madrid,N/A,28034,Spain,EMEA,Freyre,Diego,Small
10391,35,100.0,2,3500.0,2005-03-09,Shipped,1,3,2005,Vintage Cars,102,S18_1342,"Anna's Decorations, Ltd",02 9936 8555,201 Miller Street,Level 15,North Sydney,NSW,2060,Australia,APAC,O'Hara,Anna,Medium
10422,51,95.55,2,4873.05,2005-05-30,In Process,2,5,2005,Vintage Cars,102,S18_1342,Diecast Classics Inc.,2155551555,7586 Pompton St.,,Allentown,PA,70267,USA,,Yu,Kyung,Medium
10102,41,50.14,1,2055.74,2003-01-10,Shipped,1,1,2003,Vintage Cars,53,S18_1367,Vitachrome Inc.,2125551500,2678 Kingston Rd.,Suite 101,NYC,NY,10022,USA,,Frick,Michael,Small
10111,48,49.06,5,2354.88,2003-03-25,Shipped,1,3,2003,Vintage Cars,53,S18_1367,Mini Wheels Co.,6505555787,5557 North Pendale Street,,San Francisco,CA,UNKNOWN,USA,,Murphy,Julie,Small
10126,42,53.0,17,2226.0,2003-05-28,Shipped,2,5,2003,Vintage Cars,53,S18_1367,"Corrida Auto Replicas, Ltd",(91) 555 22 82,"C/ Araquil, 67",,Madrid,N/A,28023,Spain,EMEA,Sommer,Mart¡n,Small
10139,49,43.13,6,2113.37,2003-07-16,Shipped,3,7,2003,Vintage Cars,53,S18_1367,Souveniers And Things Co.,+61 2 9495 8555,"Monitor Money Building, 815 Pacific Hwy",Level 6,Chatswood,NSW,2067,Australia,APAC,Huxley,Adrian,Small
10149,30,53.0,3,1590.0,2003-09-12,Shipped,3,9,2003,Vintage Cars,53,S18_1367,Signal Collectibles Ltd.,4155554312,2793 Furth Circle,,Brisbane,CA,94217,USA,,Taylor,Sue,Small
10162,45,51.21,1,2304.45,2003-10-18,Shipped,4,10,2003,Vintage Cars,53,S18_1367,Corporate Gift Ideas Co.,6505551386,7734 Strong St.,,San Francisco,CA,UNKNOWN,USA,,Brown,Julie,Small
10173,48,44.21,5,2122.08,2003-11-05,Shipped,4,11,2003,Vintage Cars,53,S18_1367,Rovelli Gifts,035-640555,Via Ludovico il Moro 22,,Bergamo,N/A,24100,Italy,EMEA,Rovelli,Giovanni,Small
10182,32,53.0,2,1696.0,2003-11-12,Shipped,4,11,2003,Vintage Cars,53,S18_1367,Mini Gifts Distributors Ltd.,4155551450,5677 Strong St.,,San Rafael,CA,97562,USA,,Nelson,Valarie,Small
10193,46,53.0,6,2438.0,2003-11-21,Shipped,4,11,2003,Vintage Cars,53,S18_1367,"Australian Collectables, Ltd",61-9-3844-6555,7 Allen Street,,Glen Waverly,Victoria,3150,Australia,APAC,Connery,Sean,Small
10205,48,53.0,1,2544.0,2003-12-03,Shipped,4,12,2003,Vintage Cars,53,S18_1367,Euro Shopping Channel,(91) 555 94 44,"C/ Moralzarzal, 86",,Madrid,N/A,28034,Spain,EMEA,Freyre,Diego,Small
10215,33,43.13,9,1423.29,2004-01-29,Shipped,1,1,2004,Vintage Cars,53,S18_1367,West Coast Collectables Co.,3105553722,3675 Furth Circle,,Burbank,CA,94019,USA,,Thompson,Steve,Small
10227,31,48.52,2,1504.12,2004-03-02,Shipped,1,3,2004,Vintage Cars,53,S18_1367,"Saveley & Henriot, Co.",78.32.5555,"2, rue du Commerce",,Lyon,N/A,69004,France,EMEA,Saveley,Mary,Small
10244,20,53.0,6,1060.0,2004-04-29,Shipped,2,4,2004,Vintage Cars,53,S18_1367,Euro Shopping Channel,(91) 555 94 44,"C/ Moralzarzal, 86",,Madrid,N/A,28034,Spain,EMEA,Freyre,Diego,Small
10256,29,51.75,1,1500.75,2004-06-08,Shipped,2,6,2004,Vintage Cars,53,S18_1367,Danish Wholesale Imports,31 12 3555,Vinb'ltet 34,,Kobenhavn,N/A,1734,Denmark,EMEA,Petersen,Jytte,Small
10280,27,53.0,8,1431.0,2004-08-17,Shipped,3,8,2004,Vintage Cars,53,S18_1367,Amica Models & Co.,011-4988555,Via Monte Bianco 34,,Torino,N/A,10100,Italy,EMEA,Accorti,Paolo,Small
10289,24,53.0,1,1272.0,2004-09-03,Shipped,3,9,2004,Vintage Cars,53,S18_1367,Herkku Gifts,+47 2267 3215,"Drammen 121, PR 744 Sentrum",,Bergen,N/A,N 5804,Norway,EMEA,Oeztan,Veysel,Small
10304,37,48.52,12,1795.24,2004-10-11,Shipped,4,10,2004,Vintage Cars,53,S18_1367,Auto Assoc. & Cie.,30.59.8555,"67, avenue de l'Europe",,Versailles,N/A,78000,France,EMEA,Tonini,Daniel,Small
10312,25,44.21,9,1105.25,2004-10-21,Shipped,4,10,2004,Vintage Cars,53,S18_1367,Mini Gifts Distributors Ltd.,4155551450,5677 Strong St.,,San Rafael,CA,97562,USA,,Nelson,Valarie,Small
10322,41,53.0,5,2173.0,2004-11-04,Shipped,4,11,2004,Vintage Cars,53,S18_1367,Online Diecast Creations Co.,6035558647,2304 Long Airport Avenue,,Nashua,NH,62005,USA,,Young,Valarie,Small
10332,27,53.0,16,1431.0,2004-11-17,Shipped,4,11,2004,Vintage Cars,53,S18_1367,"AV Stores, Co.",(171) 555-1555,Fauntleroy Circus,,Manchester,N/A,EC2 5NT,UK,EMEA,Ashworth,Victoria,Small
10347,21,53.0,7,1113.0,2004-11-29,Shipped,4,11,2004,Vintage Cars,53,S18_1367,"Australian Collectors, Co.",03 9520 4555,636 St Kilda Road,Level 3,Melbourne,Victoria,3004,Australia,APAC,Ferguson,Peter,Small
10356,22,53.0,6,1166.0,2004-12-09,Shipped,4,12,2004,Vintage Cars,53,S18_1367,Lyon Souveniers,+33 1 46 62 7555,27 rue du Colonel Pierre Avia,,Paris,N/A,75508,France,EMEA,Da Cunha,Daniel,Small
10369,32,53.0,7,1696.0,2005-01-20,Shipped,1,1,2005,Vintage Cars,53,S18_1367,Collectables For Less Inc.,6175558555,7825 Douglas Av.,,Brickhaven,MA,58339,USA,,Nelson,Allen,Small
10381,25,52.83,9,1320.75,2005-02-17,Shipped,1,2,2005,Vintage Cars,53,S18_1367,Corporate Gift Ideas Co.,6505551386,7734 Strong St.,,San Francisco,CA,UNKNOWN,USA,,Brown,Julie,Small
10391,42,53.0,3,2226.0,2005-03-09,Shipped,1,3,2005,Vintage Cars,53,S18_1367,"Anna's Decorations, Ltd",02 9936 8555,201 Miller Street,Level 15,North Sydney,NSW,2060,Australia,APAC,O'Hara,Anna,Small
10422,25,51.75,1,1293.75,2005-05-30,In Process,2,5,2005,Vintage Cars,53,S18_1367,Diecast Classics Inc.,2155551555,7586 Pompton St.,,Allentown,PA,70267,USA,,Yu,Kyung,Small
10110,37,100.0,16,3700.0,2003-03-18,Shipped,1,3,2003,Classic Cars,124,S18_1589,"AV Stores, Co.",(171) 555-1555,Fauntleroy Circus,,Manchester,N/A,EC2 5NT,UK,EMEA,Ashworth,Victoria,Medium
10123,26,100.0,2,2600.0,2003-05-20,Shipped,2,5,2003,Classic Cars,124,S18_1589,Atelier graphique,40.32.2555,"54, rue Royale",,Nantes,N/A,44000,France,EMEA,Schmitt,Carine,Small
10137,44,99.55,2,4380.2,2003-07-10,Shipped,3,7,2003,Classic Cars,124,S18_1589,Reims Collectables,26.47.1555,59 rue de l'Abbaye,,Reims,N/A,51100,France,EMEA,Henriot,Paul,Medium
10148,47,100.0,9,4700.0,2003-09-11,Shipped,3,9,2003,Classic Cars,124,S18_1589,"Anna's Decorations, Ltd",02 9936 8555,201 Miller Street,Level 15,North Sydney,NSW,2060,Australia,APAC,O'Hara,Anna,Medium
10161,43,100.0,8,4300.0,2003-10-17,Shipped,4,10,2003,Classic Cars,124,S18_1589,Heintze Collectables,86 21 3555,Smagsloget 45,,Aaarhus,N/A,8200,Denmark,EMEA,Ibsen,Palle,Medium
10172,42,100.0,6,4200.0,2003-11-05,Shipped,4,11,2003,Classic Cars,124,S18_1589,Gift Depot Inc.,2035552570,25593 South Bay Ln.,,Bridgewater,CT,97562,USA,,King,Julie,Medium
10181,42,100.0,2,4200.0,2003-11-12,Shipped,4,11,2003,Classic Cars,124,S18_1589,Herkku Gifts,+47 2267 3215,"Drammen 121, PR 744 Sentrum",,Bergen,N/A,N 5804,Norway,EMEA,Oeztan,Veysel,Medium
10192,29,100.0,7,2900.0,2003-11-20,Shipped,4,11,2003,Classic Cars,124,S18_1589,Online Diecast Creations Co.,6035558647,2304 Long Airport Avenue,,Nashua,NH,62005,USA,,Young,Valarie,Small
10204,40,100.0,13,4000.0,2003-12-02,Shipped,4,12,2003,Classic Cars,124,S18_1589,Muscle Machine Inc,2125557413,4092 Furth Circle,Suite 400,NYC,NY,10022,USA,,Young,Jeff,Medium
10212,38,100.0,6,3800.0,2004-01-16,Shipped,1,1,2004,Classic Cars,124,S18_1589,Euro Shopping Channel,(91) 555 94 44,"C/ Moralzarzal, 86",,Madrid,N/A,28034,Spain,EMEA,Freyre,Diego,Medium
10226,38,100.0,4,3800.0,2004-02-26,Shipped,1,2,2004,Classic Cars,124,S18_1589,Collectable Mini Designs Co.,7605558146,361 Furth Circle,,San Diego,CA,91217,USA,,Thompson,Valarie,Medium
10241,21,100.0,11,2100.0,2004-04-13,Shipped,2,4,2004,Classic Cars,124,S18_1589,Mini Caravy,88.60.1555,"24, place Kluber",,Strasbourg,N/A,67000,France,EMEA,Citeaux,Frederique,Small
10253,24,100.0,1,2400.0,2004-06-01,Cancelled,2,6,2004,Classic Cars,124,S18_1589,"UK Collectables, Ltd.",(171) 555-2282,Berkeley Gardens 12  Brewery,,Liverpool,N/A,WX1 6LT,UK,EMEA,Devon,Elizabeth,Small
10266,36,100.0,2,3600.0,2004-07-06,Shipped,3,7,2004,Classic Cars,124,S18_1589,L'ordine Souveniers,0522-556555,Strada Provinciale 124,,Reggio Emilia,N/A,42100,Italy,EMEA,Moroni,Maurizio,Medium
10278,23,100.0,2,2300.0,2004-08-06,Shipped,3,8,2004,Classic Cars,124,S18_1589,Signal Gift Stores,7025551838,8489 Strong St.,,Las Vegas,NV,83030,USA,,King,Sue,Small
10288,20,100.0,14,2000.0,2004-09-01,Shipped,3,9,2004,Classic Cars,124,S18_1589,Handji Gifts& Co,+65 224 1555,Village Close - 106 Linden Road Sandown,2nd Floor,Singapore,N/A,69045,Singapore,Japan,Victorino,Wendy,Small
10301,32,100.0,4,3200.0,2003-10-05,Shipped,4,10,2003,Classic Cars,124,S18_1589,"Norway Gifts By Mail, Co.",+47 2212 1555,"Drammensveien 126 A, PB 744 Sentrum",,Oslo,N/A,N 0106,Norway,EMEA,Klaeboe,Jan,Medium
10311,29,100.0,9,2900.0,2004-10-16,Shipped,4,10,2004,Classic Cars,124,S18_1589,Euro Shopping Channel,(91) 555 94 44,"C/ Moralzarzal, 86",,Madrid,N/A,28034,Spain,EMEA,Freyre,Diego,Small
10321,44,100.0,6,4400.0,2004-11-04,Shipped,4,11,2004,Classic Cars,124,S18_1589,FunGiftIdeas.com,5085552555,1785 First Street,,New Bedford,MA,50553,USA,,Benitez,Violeta,Medium
10331,44,100.0,14,4400.0,2004-11-17,Shipped,4,11,2004,Classic Cars,124,S18_1589,Motor Mint Distributors Inc.,2155559857,11328 Douglas Av.,,Philadelphia,PA,71270,USA,,Hernandez,Rosa,Medium
10343,36,100.0,4,3600.0,2004-11-24,Shipped,4,11,2004,Classic Cars,124,S18_1589,Reims Collectables,26.47.1555,59 rue de l'Abbaye,,Reims,N/A,51100,France,EMEA,Henriot,Paul,Medium
10367,49,56.3,1,2758.7,2005-01-12,Resolved,1,1,2005,Classic Cars,124,S18_1589,Toys4GrownUps.com,6265557265,78934 Hillside Dr.,,Pasadena,CA,90003,USA,,Young,Julie,Small
10378,34,42.64,5,1449.76,2005-02-10,Shipped,1,2,2005,Classic Cars,124,S18_1589,Euro Shopping Channel,(91) 555 94 44,"C/ Moralzarzal, 86",,Madrid,N/A,28034,Spain,EMEA,Freyre,Diego,Small
10407,59,100.0,11,5900.0,2005-04-22,On Hold,2,4,2005,Classic Cars,124,S18_1589,The Sharp Gifts Warehouse,4085553659,3086 Ingle Ln.,,San Jose,CA,94217,USA,,Frick,Sue,Medium
10419,37,100.0,1,3700.0,2005-05-17,Shipped,2,5,2005,Classic Cars,124,S18_1589,Salzburg Collectables,6562-9555,Geislweg 14,,Salzburg,N/A,5020,Austria,EMEA,Pipps,Georg,Medium
10106,36,100.0,12,3600.0,2003-02-17,Shipped,1,2,2003,Planes,157,S18_1662,Rovelli Gifts,035-640555,Via Ludovico il Moro 22,,Bergamo,N/A,24100,Italy,EMEA,Rovelli,Giovanni,Medium
10119,43,100.0,3,4300.0,2003-04-28,Shipped,2,4,2003,Planes,157,S18_1662,Salzburg Collectables,6562-9555,Geislweg 14,,Salzburg,N/A,5020,Austria,EMEA,Pipps,Georg,Medium
10131,21,100.0,4,2100.0,2003-06-16,Shipped,2,6,2003,Planes,157,S18_1662,Gift Ideas Corp.,2035554407,2440 Pompton St.,,Glendale,CT,97561,USA,,Lewis,Dan,Small
10143,32,100.0,7,3200.0,2003-08-10,Shipped,3,8,2003,Planes,157,S18_1662,Mini Creations Ltd.,5085559555,4575 Hillside Dr.,,New Bedford,MA,50553,USA,,Tam,Wing C,Medium
10155,38,100.0,5,3800.0,2003-10-06,Shipped,4,10,2003,Planes,157,S18_1662,"Toys of Finland, Co.",90-224 8555,Keskuskatu 45,,Helsinki,N/A,21240,Finland,EMEA,Karttunen,Matti,Medium
10167,43,100.0,1,4300.0,2003-10-23,Cancelled,4,10,2003,Planes,157,S18_1662,Scandinavian Gift Ideas,0695-34 6555,?kergatan 24,,Boras,N/A,S-844 67,Sweden,EMEA,Larsson,Maria,Medium
10178,42,100.0,4,4200.0,2003-11-08,Shipped,4,11,2003,Planes,157,S18_1662,Alpha Cognac,61.77.6555,1 rue Alsace-Lorraine,,Toulouse,N/A,31000,France,EMEA,Roulet,Annette,Medium
10186,32,100.0,1,3200.0,2003-11-14,Shipped,4,11,2003,Planes,157,S18_1662,"Double Decker Gift Stores, Ltd",(171) 555-7555,120 Hanover Sq.,,London,N/A,WA1 1DP,UK,EMEA,Hardy,Thomas,Medium
10198,42,100.0,4,4200.0,2003-11-27,Shipped,4,11,2003,Planes,157,S18_1662,Cruz & Sons Co.,+63 2 555 3587,15 McCallum Street - NatWest Center #13-03,,Makati City,N/A,1227 MM,Philippines,Japan,Cruz,Arnold,Medium
10210,31,100.0,17,3100.0,2004-01-12,Shipped,1,1,2004,Planes,157,S18_1662,Osaka Souveniers Co.,+81 06 6342 5555,"Dojima Avanza 4F, 1-6-20 Dojima, Kita-ku",,Osaka,Osaka,530-0003,Japan,Japan,Kentary,Mory,Medium
10222,49,100.0,4,4900.0,2004-02-19,Shipped,1,2,2004,Planes,157,S18_1662,Collectable Mini Designs Co.,7605558146,361 Furth Circle,,San Diego,CA,91217,USA,,Thompson,Valarie,Medium
10250,45,100.0,14,4500.0,2004-05-11,Shipped,2,5,2004,Planes,157,S18_1662,The Sharp Gifts Warehouse,4085553659,3086 Ingle Ln.,,San Jose,CA,94217,USA,,Frick,Sue,Medium
10262,49,100.0,9,4900.0,2004-06-24,Cancelled,2,6,2004,Planes,157,S18_1662,Euro Shopping Channel,(91) 555 94 44,"C/ Moralzarzal, 86",,Madrid,N/A,28034,Spain,EMEA,Freyre,Diego,Medium
10274,41,100.0,1,4100.0,2004-07-21,Shipped,3,7,2004,Planes,157,S18_1662,Collectables For Less Inc.,6175558555,7825 Douglas Av.,,Brickhaven,MA,58339,USA,,Nelson,Allen,Medium
10284,45,100.0,11,4500.0,2004-08-21,Shipped,3,8,2004,Planes,157,S18_1662,"Norway Gifts By Mail, Co.",+47 2212 1555,"Drammensveien 126 A, PB 744 Sentrum",,Oslo,N/A,N 0106,Norway,EMEA,Klaeboe,Jan,Medium
10296,36,100.0,7,3600.0,2004-09-15,Shipped,3,9,2004,Planes,157,S18_1662,"Bavarian Collectables Imports, Co.",+49 89 61 08 9555,Hansastr. 15,,Munich,N/A,80686,Germany,EMEA,Donnermeyer,Michael,Medium
10307,39,100.0,1,3900.0,2004-10-14,Shipped,4,10,2004,Planes,157,S18_1662,"Classic Gift Ideas, Inc",2155554695,782 First Street,,Philadelphia,PA,71270,USA,,Cervantes,Francisca,Medium
10316,27,100.0,9,2700.0,2004-11-01,Shipped,4,11,2004,Planes,157,S18_1662,giftsbymail.co.uk,(198) 555-8888,Garden House Crowther Way,,Cowes,Isle of Wight,PO31 7PJ,UK,EMEA,Bennett,Helen,Small
10327,25,100.0,6,2500.0,2004-11-10,Resolved,4,11,2004,Planes,157,S18_1662,Danish Wholesale Imports,31 12 3555,Vinb'ltet 34,,Kobenhavn,N/A,1734,Denmark,EMEA,Petersen,Jytte,Small
10338,41,100.0,1,4100.0,2004-11-22,Shipped,4,11,2004,Planes,157,S18_1662,Royale Belge,(071) 23 67 2555,"Boulevard Tirou, 255",,Charleroi,N/A,B-6000,Belgium,EMEA,Cartrain,Pascale,Medium
10351,39,99.52,1,3881.28,2004-12-03,Shipped,4,12,2004,Planes,157,S18_1662,"Stylish Desk Decors, Co.",(171) 555-0297,35 King George,,London,N/A,WX3 6FW,UK,EMEA,Brown,Ann,Medium
10373,28,57.55,4,1611.4,2005-01-31,Shipped,1,1,2005,Planes,157,S18_1662,"Oulu Toy Supplies, Inc.",981-443655,Torikatu 38,,Oulu,N/A,90110,Finland,EMEA,Koskitalo,Pirkko,Small
10386,25,54.57,7,1364.25,2005-03-01,Resolved,1,3,2005,Planes,157,S18_1662,Euro Shopping Channel,(91) 555 94 44,"C/ Moralzarzal, 86",,Madrid,N/A,28034,Spain,EMEA,Freyre,Diego,Small
10398,33,100.0,11,3300.0,2005-03-30,Shipped,1,3,2005,Planes,157,S18_1662,Reims Collectables,26.47.1555,59 rue de l'Abbaye,,Reims,N/A,51100,France,EMEA,Henriot,Paul,Medium
10400,34,100.0,1,3400.0,2005-04-01,Shipped,2,4,2005,Planes,157,S18_1662,The Sharp Gifts Warehouse,4085553659,3086 Ingle Ln.,,San Jose,CA,94217,USA,,Frick,Sue,Medium
10416,24,100.0,14,2400.0,2005-05-10,Shipped,2,5,2005,Planes,157,S18_1662,L'ordine Souveniers,0522-556555,Strada Provinciale 124,,Reggio Emilia,N/A,42100,Italy,EMEA,Moroni,Maurizio,Small
10100,30,100.0,3,3000.0,2003-01-06,Shipped,1,1,2003,Vintage Cars,170,S18_1749,Online Diecast Creations Co.,6035558647,2304 Long Airport Avenue,,Nashua,NH,62005,USA,,Young,Valarie,Medium
10110,42,100.0,7,4200.0,2003-03-18,Shipped,1,3,2003,Vintage Cars,170,S18_1749,"AV Stores, Co.",(171) 555-1555,Fauntleroy Circus,,Manchester,N/A,EC2 5NT,UK,EMEA,Ashworth,Victoria,Medium
10124,21,100.0,6,2100.0,2003-05-21,Shipped,2,5,2003,Vintage Cars,170,S18_1749,Signal Gift Stores,7025551838,8489 Strong St.,,Las Vegas,NV,83030,USA,,King,Sue,Small
10149,34,100.0,11,3400.0,2003-09-12,Shipped,3,9,2003,Vintage Cars,170,S18_1749,Signal Collectibles Ltd.,4155554312,2793 Furth Circle,,Brisbane,CA,94217,USA,,Taylor,Sue,Medium
10162,29,100.0,9,2900.0,2003-10-18,Shipped,4,10,2003,Vintage Cars,170,S18_1749,Corporate Gift Ideas Co.,6505551386,7734 Strong St.,,San Francisco,CA,UNKNOWN,USA,,Brown,Julie,Small
10173,24,100.0,13,2400.0,2003-11-05,Shipped,4,11,2003,Vintage Cars,170,S18_1749,Rovelli Gifts,035-640555,Via Ludovico il Moro 22,,Bergamo,N/A,24100,Italy,EMEA,Rovelli,Giovanni,Small
10182,44,100.0,10,4400.0,2003-11-12,Shipped,4,11,2003,Vintage Cars,170,S18_1749,Mini Gifts Distributors Ltd.,4155551450,5677 Strong St.,,San Rafael,CA,97562,USA,,Nelson,Valarie,Medium
10193,21,100.0,14,2100.0,2003-11-21,Shipped,4,11,2003,Vintage Cars,170,S18_1749,"Australian Collectables, Ltd",61-9-3844-6555,7 Allen Street,,Glen Waverly,Victoria,3150,Australia,APAC,Connery,Sean,Small
10204,33,100.0,4,3300.0,2003-12-02,Shipped,4,12,2003,Vintage Cars,170,S18_1749,Muscle Machine Inc,2125557413,4092 Furth Circle,Suite 400,NYC,NY,10022,USA,,Young,Jeff,Medium
10214,30,100.0,7,3000.0,2004-01-26,Shipped,1,1,2004,Vintage Cars,170,S18_1749,"Corrida Auto Replicas, Ltd",(91) 555 22 82,"C/ Araquil, 67",,Madrid,N/A,28023,Spain,EMEA,Sommer,Mart¡n,Medium
10227,26,100.0,10,2600.0,2004-03-02,Shipped,1,3,2004,Vintage Cars,170,S18_1749,"Saveley & Henriot, Co.",78.32.5555,"2, rue du Commerce",,Lyon,N/A,69004,France,EMEA,Saveley,Mary,Small
10241,41,100.0,2,4100.0,2004-04-13,Shipped,2,4,2004,Vintage Cars,170,S18_1749,Mini Caravy,88.60.1555,"24, place Kluber",,Strasbourg,N/A,67000,France,EMEA,Citeaux,Frederique,Medium
10280,26,100.0,16,2600.0,2004-08-17,Shipped,3,8,2004,Vintage Cars,170,S18_1749,Amica Models & Co.,011-4988555,Via Monte Bianco 34,,Torino,N/A,10100,Italy,EMEA,Accorti,Paolo,Small
10288,32,100.0,5,3200.0,2004-09-01,Shipped,3,9,2004,Vintage Cars,170,S18_1749,Handji Gifts& Co,+65 224 1555,Village Close - 106 Linden Road Sandown,2nd Floor,Singapore,N/A,69045,Singapore,Japan,Victorino,Wendy,Medium
10302,43,100.0,1,4300.0,2003-10-06,Shipped,4,10,2003,Vintage Cars,170,S18_1749,"UK Collectables, Ltd.",(171) 555-2282,Berkeley Gardens 12  Brewery,,Liverpool,N/A,WX1 6LT,UK,EMEA,Devon,Elizabeth,Medium
10312,48,100.0,17,4800.0,2004-10-21,Shipped,4,10,2004,Vintage Cars,170,S18_1749,Mini Gifts Distributors Ltd.,4155551450,5677 Strong St.,,San Rafael,CA,97562,USA,,Nelson,Valarie,Medium
10331,44,74.04,7,3257.76,2004-11-17,Shipped,4,11,2004,Vintage Cars,170,S18_1749,Motor Mint Distributors Inc.,2155559857,11328 Douglas Av.,,Philadelphia,PA,71270,USA,,Hernandez,Rosa,Medium
10344,45,100.0,1,4500.0,2004-11-25,Shipped,4,11,2004,Vintage Cars,170,S18_1749,Marseille Mini Autos,91.24.4555,"12, rue des Bouchers",,Marseille,N/A,13008,France,EMEA,Lebihan,Laurence,Medium
10367,37,100.0,3,3700.0,2005-01-12,Resolved,1,1,2005,Vintage Cars,170,S18_1749,Toys4GrownUps.com,6265557265,78934 Hillside Dr.,,Pasadena,CA,90003,USA,,Young,Julie,Medium
10379,39,100.0,2,3900.0,2005-02-10,Shipped,1,2,2005,Vintage Cars,170,S18_1749,Euro Shopping Channel,(91) 555 94 44,"C/ Moralzarzal, 86",,Madrid,N/A,28034,Spain,EMEA,Freyre,Diego,Medium
10407,76,100.0,2,7600.0,2005-04-22,On Hold,2,4,2005,Vintage Cars,170,S18_1749,The Sharp Gifts Warehouse,4085553659,3086 Ingle Ln.,,San Jose,CA,94217,USA,,Frick,Sue,Large
10420,37,100.0,5,3700.0,2005-05-29,In Process,2,5,2005,Vintage Cars,170,S18_1749,Souveniers And Things Co.,+61 2 9495 8555,"Monitor Money Building, 815 Pacific Hwy",Level 6,Chatswood,NSW,2067,Australia,APAC,Huxley,Adrian,Medium
10108,38,77.0,2,2926.0,2003-03-03,Shipped,1,3,2003,Classic Cars,77,S18_1889,Cruz & Sons Co.,+63 2 555 3587,15 McCallum Street - NatWest Center #13-03,,Makati City,N/A,1227 MM,Philippines,Japan,Cruz,Arnold,Small
10122,43,72.38,6,3112.34,2003-05-08,Shipped,2,5,2003,Classic Cars,77,S18_1889,Marseille Mini Autos,91.24.4555,"12, rue des Bouchers",,Marseille,N/A,13008,France,EMEA,Lebihan,Laurence,Medium
10135,48,77.0,3,3696.0,2003-07-02,Shipped,3,7,2003,Classic Cars,77,S18_1889,Mini Gifts Distributors Ltd.,4155551450,5677 Strong St.,,San Rafael,CA,97562,USA,,Nelson,Valarie,Medium
10147,26,77.0,3,2002.0,2003-09-05,Shipped,3,9,2003,Classic Cars,77,S18_1889,Collectables For Less Inc.,6175558555,7825 Douglas Av.,,Brickhaven,MA,58339,USA,,Nelson,Allen,Small
10160,38,77.0,4,2926.0,2003-10-11,Shipped,4,10,2003,Classic Cars,77,S18_1889,"Men 'R' US Retailers, Ltd.",2155554369,6047 Douglas Av.,,Los Angeles,CA,UNKNOWN,USA,,Chandler,Michael,Small
10170,20,63.14,2,1262.8,2003-11-04,Shipped,4,11,2003,Classic Cars,77,S18_1889,Mini Auto Werke,7675-3555,Kirchgasse 6,,Graz,N/A,8010,Austria,EMEA,Mendel,Roland,Small
10181,22,73.92,10,1626.24,2003-11-12,Shipped,4,11,2003,Classic Cars,77,S18_1889,Herkku Gifts,+47 2267 3215,"Drammen 121, PR 744 Sentrum",,Bergen,N/A,N 5804,Norway,EMEA,Oeztan,Veysel,Small
10192,45,77.0,15,3465.0,2003-11-20,Shipped,4,11,2003,Classic Cars,77,S18_1889,Online Diecast Creations Co.,6035558647,2304 Long Airport Avenue,,Nashua,NH,62005,USA,,Young,Valarie,Medium
10203,45,77.0,4,3465.0,2003-12-02,Shipped,4,12,2003,Classic Cars,77,S18_1889,Euro Shopping Channel,(91) 555 94 44,"C/ Moralzarzal, 86",,Madrid,N/A,28034,Spain,EMEA,Freyre,Diego,Medium
10212,20,66.99,14,1339.8,2004-01-16,Shipped,1,1,2004,Classic Cars,77,S18_1889,Euro Shopping Channel,(91) 555 94 44,"C/ Moralzarzal, 86",,Madrid,N/A,28034,Spain,EMEA,Freyre,Diego,Small
10225,47,64.68,5,3039.96,2004-02-22,Shipped,1,2,2004,Classic Cars,77,S18_1889,"Vida Sport, Ltd",0897-034555,Grenzacherweg 237,,Gensve,N/A,1203,Switzerland,EMEA,Holz,Michael,Medium
10239,46,73.92,4,3400.32,2004-04-12,Shipped,2,4,2004,Classic Cars,77,S18_1889,"Oulu Toy Supplies, Inc.",981-443655,Torikatu 38,,Oulu,N/A,90110,Finland,EMEA,Koskitalo,Pirkko,Medium
10253,23,77.0,9,1771.0,2004-06-01,Cancelled,2,6,2004,Classic Cars,77,S18_1889,"UK Collectables, Ltd.",(171) 555-2282,Berkeley Gardens 12  Brewery,,Liverpool,N/A,WX1 6LT,UK,EMEA,Devon,Elizabeth,Small
10266,33,74.69,10,2464.77,2004-07-06,Shipped,3,7,2004,Classic Cars,77,S18_1889,L'ordine Souveniers,0522-556555,Strada Provinciale 124,,Reggio Emilia,N/A,42100,Italy,EMEA,Moroni,Maurizio,Small
10278,29,77.0,10,2233.0,2004-08-06,Shipped,3,8,2004,Classic Cars,77,S18_1889,Signal Gift Stores,7025551838,8489 Strong St.,,Las Vegas,NV,83030,USA,,King,Sue,Small
10287,44,77.0,8,3388.0,2004-08-30,Shipped,3,8,2004,Classic Cars,77,S18_1889,"Vida Sport, Ltd",0897-034555,Grenzacherweg 237,,Gensve,N/A,1203,Switzerland,EMEA,Holz,Michael,Medium
10300,41,77.0,1,3157.0,2003-10-04,Shipped,4,10,2003,Classic Cars,77,S18_1889,"Blauer See Auto, Co.",+49 69 66 90 2555,Lyonerstr. 34,,Frankfurt,N/A,60528,Germany,EMEA,Keitel,Roland,Medium
10310,20,77.0,6,1540.0,2004-10-16,Shipped,4,10,2004,Classic Cars,77,S18_1889,"Toms Spezialitten, Ltd",0221-5554327,Mehrheimerstr. 369,,Koln,N/A,50739,Germany,EMEA,Pfalzheim,Henriette,Small
10321,37,77.0,14,2849.0,2004-11-04,Shipped,4,11,2004,Classic Cars,77,S18_1889,FunGiftIdeas.com,5085552555,1785 First Street,,New Bedford,MA,50553,USA,,Benitez,Violeta,Small
10329,29,77.0,9,2233.0,2004-11-15,Shipped,4,11,2004,Classic Cars,77,S18_1889,Land of Toys Inc.,2125557818,897 Long Airport Avenue,,NYC,NY,10022,USA,,Yu,Kwai,Small
10342,55,65.45,1,3599.75,2004-11-24,Shipped,4,11,2004,Classic Cars,77,S18_1889,"Australian Collectors, Co.",03 9520 4555,636 St Kilda Road,Level 3,Melbourne,Victoria,3004,Australia,APAC,Ferguson,Peter,Medium
10363,22,77.0,7,1694.0,2005-01-06,Shipped,1,1,2005,Classic Cars,77,S18_1889,Suominen Souveniers,+358 9 8045 555,"Software Engineering Center, SEC Oy",,Espoo,N/A,FIN-02271,Finland,EMEA,Suominen,Kalle,Small
10377,31,67.76,4,2100.56,2005-02-09,Shipped,1,2,2005,Classic Cars,77,S18_1889,"Toys of Finland, Co.",90-224 8555,Keskuskatu 45,,Helsinki,N/A,21240,Finland,EMEA,Karttunen,Matti,Small
10389,49,77.0,3,3773.0,2005-03-03,Shipped,1,3,2005,Classic Cars,77,S18_1889,Scandinavian Gift Ideas,0695-34 6555,?kergatan 24,,Boras,N/A,S-844 67,Sweden,EMEA,Larsson,Maria,Medium
10405,61,73.92,4,4509.12,2005-04-14,Shipped,2,4,2005,Classic Cars,77,S18_1889,Mini Caravy,88.60.1555,"24, place Kluber",,Strasbourg,N/A,67000,France,EMEA,Citeaux,Frederique,Medium
10419,39,77.0,9,3003.0,2005-05-17,Shipped,2,5,2005,Classic Cars,77,S18_1889,Salzburg Collectables,6562-9555,Geislweg 14,,Salzburg,N/A,5020,Austria,EMEA,Pipps,Georg,Medium
10109,38,100.0,3,3800.0,2003-03-10,Shipped,1,3,2003,Classic Cars,142,S18_1984,Motor Mint Distributors Inc.,2155559857,11328 Douglas Av.,,Philadelphia,PA,71270,USA,,Hernandez,Rosa,Medium
10122,31,100.0,1,3100.0,2003-05-08,Shipped,2,5,2003,Classic Cars,142,S18_1984,Marseille Mini Autos,91.24.4555,"12, rue des Bouchers",,Marseille,N/A,13008,France,EMEA,Lebihan,Laurence,Medium
10136,36,100.0,1,3600.0,2003-07-04,Shipped,3,7,2003,Classic Cars,142,S18_1984,Alpha Cognac,61.77.6555,1 rue Alsace-Lorraine,,Toulouse,N/A,31000,France,EMEA,Roulet,Annette,Medium
10148,25,100.0,12,2500.0,2003-09-11,Shipped,3,9,2003,Classic Cars,142,S18_1984,"Anna's Decorations, Ltd",02 9936 8555,201 Miller Street,Level 15,North Sydney,NSW,2060,Australia,APAC,O'Hara,Anna,Small
10161,48,100.0,11,4800.0,2003-10-17,Shipped,4,10,2003,Classic Cars,142,S18_1984,Heintze Collectables,86 21 3555,Smagsloget 45,,Aaarhus,N/A,8200,Denmark,EMEA,Ibsen,Palle,Medium
10171,35,100.0,1,3500.0,2003-11-05,Shipped,4,11,2003,Classic Cars,142,S18_1984,Quebec Home Shopping Network,(514) 555-8054,43 rue St. Laurent,,Montreal,Quebec,H1J 1C3,Canada,,Fresnisre,Jean,Medium
10181,21,100.0,5,2100.0,2003-11-12,Shipped,4,11,2003,Classic Cars,142,S18_1984,Herkku Gifts,+47 2267 3215,"Drammen 121, PR 744 Sentrum",,Bergen,N/A,N 5804,Norway,EMEA,Oeztan,Veysel,Small
10192,47,100.0,10,4700.0,2003-11-20,Shipped,4,11,2003,Classic Cars,142,S18_1984,Online Diecast Creations Co.,6035558647,2304 Long Airport Avenue,,Nashua,NH,62005,USA,,Young,Valarie,Medium
10204,38,100.0,16,3800.0,2003-12-02,Shipped,4,12,2003,Classic Cars,142,S18_1984,Muscle Machine Inc,2125557413,4092 Furth Circle,Suite 400,NYC,NY,10022,USA,,Young,Jeff,Medium
10212,41,100.0,9,4100.0,2004-01-16,Shipped,1,1,2004,Classic Cars,142,S18_1984,Euro Shopping Channel,(91) 555 94 44,"C/ Moralzarzal, 86",,Madrid,N/A,28034,Spain,EMEA,Freyre,Diego,Medium
10226,24,100.0,7,2400.0,2004-02-26,Shipped,1,2,2004,Classic Cars,142,S18_1984,Collectable Mini Designs Co.,7605558146,361 Furth Circle,,San Diego,CA,91217,USA,,Thompson,Valarie,Small
10240,37,100.0,2,3700.0,2004-04-13,Shipped,2,4,2004,Classic Cars,142,S18_1984,Osaka Souveniers Co.,+81 06 6342 5555,"Dojima Avanza 4F, 1-6-20 Dojima, Kita-ku",,Osaka,Osaka,530-0003,Japan,Japan,Kentary,Mory,Medium
10253,33,100.0,4,3300.0,2004-06-01,Cancelled,2,6,2004,Classic Cars,142,S18_1984,"UK Collectables, Ltd.",(171) 555-2282,Berkeley Gardens 12  Brewery,,Liverpool,N/A,WX1 6LT,UK,EMEA,Devon,Elizabeth,Medium
10266,49,100.0,5,4900.0,2004-07-06,Shipped,3,7,2004,Classic Cars,142,S18_1984,L'ordine Souveniers,0522-556555,Strada Provinciale 124,,Reggio Emilia,N/A,42100,Italy,EMEA,Moroni,Maurizio,Medium
10278,29,100.0,5,2900.0,2004-08-06,Shipped,3,8,2004,Classic Cars,142,S18_1984,Signal Gift Stores,7025551838,8489 Strong St.,,Las Vegas,NV,83030,USA,,King,Sue,Small
10287,24,100.0,3,2400.0,2004-08-30,Shipped,3,8,2004,Classic Cars,142,S18_1984,"Vida Sport, Ltd",0897-034555,Grenzacherweg 237,,Gensve,N/A,1203,Switzerland,EMEA,Holz,Michael,Small
10301,47,100.0,7,4700.0,2003-10-05,Shipped,4,10,2003,Classic Cars,142,S18_1984,"Norway Gifts By Mail, Co.",+47 2212 1555,"Drammensveien 126 A, PB 744 Sentrum",,Oslo,N/A,N 0106,Norway,EMEA,Klaeboe,Jan,Medium
10310,24,100.0,1,2400.0,2004-10-16,Shipped,4,10,2004,Classic Cars,142,S18_1984,"Toms Spezialitten, Ltd",0221-5554327,Mehrheimerstr. 369,,Koln,N/A,50739,Germany,EMEA,Pfalzheim,Henriette,Small
10321,25,100.0,9,2500.0,2004-11-04,Shipped,4,11,2004,Classic Cars,142,S18_1984,FunGiftIdeas.com,5085552555,1785 First Street,,New Bedford,MA,50553,USA,,Benitez,Violeta,Small
10331,30,32.47,8,974.1,2004-11-17,Shipped,4,11,2004,Classic Cars,142,S18_1984,Motor Mint Distributors Inc.,2155559857,11328 Douglas Av.,,Philadelphia,PA,71270,USA,,Hernandez,Rosa,Small
10342,22,100.0,3,2200.0,2004-11-24,Shipped,4,11,2004,Classic Cars,142,S18_1984,"Australian Collectors, Co.",03 9520 4555,636 St Kilda Road,Level 3,Melbourne,Victoria,3004,Australia,APAC,Ferguson,Peter,Small
10356,27,64.69,2,1746.63,2004-12-09,Shipped,4,12,2004,Classic Cars,142,S18_1984,Lyon Souveniers,+33 1 46 62 7555,27 rue du Colonel Pierre Avia,,Paris,N/A,75508,France,EMEA,Da Cunha,Daniel,Small
10366,34,100.0,3,3400.0,2005-01-10,Shipped,1,1,2005,Classic Cars,142,S18_1984,Royale Belge,(071) 23 67 2555,"Boulevard Tirou, 255",,Charleroi,N/A,B-6000,Belgium,EMEA,Cartrain,Pascale,Medium
10377,36,100.0,6,3600.0,2005-02-09,Shipped,1,2,2005,Classic Cars,142,S18_1984,"Toys of Finland, Co.",90-224 8555,Keskuskatu 45,,Helsinki,N/A,21240,Finland,EMEA,Karttunen,Matti,Medium
10390,34,43.05,15,1463.7,2005-03-04,Shipped,1,3,2005,Classic Cars,142,S18_1984,Mini Gifts Distributors Ltd.,4155551450,5677 Strong St.,,San Rafael,CA,97562,USA,,Nelson,Valarie,Small
10406,48,100.0,2,4800.0,2005-04-15,Disputed,2,4,2005,Classic Cars,142,S18_1984,Danish Wholesale Imports,31 12 3555,Vinb'ltet 34,,Kobenhavn,N/A,1734,Denmark,EMEA,Petersen,Jytte,Medium
10419,34,100.0,4,3400.0,2005-05-17,Shipped,2,5,2005,Classic Cars,142,S18_1984,Salzburg Collectables,6562-9555,Geislweg 14,,Salzburg,N/A,5020,Austria,EMEA,Pipps,Georg,Medium
10104,24,100.0,8,2400.0,2003-01-31,Shipped,1,1,2003,Classic Cars,163,S18_2238,Euro Shopping Channel,(91) 555 94 44,"C/ Moralzarzal, 86",,Madrid,N/A,28034,Spain,EMEA,Freyre,Diego,Small
10115,46,100.0,4,4600.0,2003-04-04,Shipped,2,4,2003,Classic Cars,163,S18_2238,Classic Legends Inc.,2125558493,5905 Pompton St.,Suite 750,NYC,NY,10022,USA,,Hernandez,Maria,Medium
10127,45,100.0,10,4500.0,2003-06-03,Shipped,2,6,2003,Classic Cars,163,S18_2238,Muscle Machine Inc,2125557413,4092 Furth Circle,Suite 400,NYC,NY,10022,USA,,Young,Jeff,Medium
10141,39,100.0,4,3900.0,2003-08-01,Shipped,3,8,2003,Classic Cars,163,S18_2238,Suominen Souveniers,+358 9 8045 555,"Software Engineering Center, SEC Oy",,Espoo,N/A,FIN-02271,Finland,EMEA,Suominen,Kalle,Medium
10151,43,100.0,2,4300.0,2003-09-21,Shipped,3,9,2003,Classic Cars,163,S18_2238,"Oulu Toy Supplies, Inc.",981-443655,Torikatu 38,,Oulu,N/A,90110,Finland,EMEA,Koskitalo,Pirkko,Medium
10165,29,100.0,11,2900.0,2003-10-22,Shipped,4,10,2003,Classic Cars,163,S18_2238,"Dragon Souveniers, Ltd.",+65 221 7555,"Bronz Sok., Bronz Apt. 3/6 Tesvikiye",,Singapore,N/A,79903,Singapore,Japan,Natividad,Eric,Small
10176,20,100.0,10,2000.0,2003-11-06,Shipped,4,11,2003,Classic Cars,163,S18_2238,L'ordine Souveniers,0522-556555,Strada Provinciale 124,,Reggio Emilia,N/A,42100,Italy,EMEA,Moroni,Maurizio,Small
10184,46,100.0,5,4600.0,2003-11-14,Shipped,4,11,2003,Classic Cars,163,S18_2238,"Iberia Gift Imports, Corp.",(95) 555 82 82,"C/ Romero, 33",,Sevilla,N/A,41101,Spain,EMEA,Roel,Jose Pedro,Medium
10195,27,100.0,5,2700.0,2003-11-25,Shipped,4,11,2003,Classic Cars,163,S18_2238,Mini Classics,9145554562,3758 North Pendale Street,,White Plains,NY,24067,USA,,Frick,Steve,Small
10207,44,100.0,6,4400.0,2003-12-09,Shipped,4,12,2003,Classic Cars,163,S18_2238,Diecast Collectables,6175552555,6251 Ingle Ln.,,Boston,MA,51003,USA,,Franco,Valarie,Medium
10219,43,100.0,1,4300.0,2004-02-10,Shipped,1,2,2004,Classic Cars,163,S18_2238,Signal Collectibles Ltd.,4155554312,2793 Furth Circle,,Brisbane,CA,94217,USA,,Taylor,Sue,Medium
10230,49,100.0,8,4900.0,2004-03-15,Shipped,1,3,2004,Classic Cars,163,S18_2238,"Blauer See Auto, Co.",+49 69 66 90 2555,Lyonerstr. 34,,Frankfurt,N/A,60528,Germany,EMEA,Keitel,Roland,Medium
10246,40,100.0,4,4000.0,2004-05-05,Shipped,2,5,2004,Classic Cars,163,S18_2238,Euro Shopping Channel,(91) 555 94 44,"C/ Moralzarzal, 86",,Madrid,N/A,28034,Spain,EMEA,Freyre,Diego,Medium
10259,30,100.0,3,3000.0,2004-06-15,Shipped,2,6,2004,Classic Cars,163,S18_2238,Handji Gifts& Co,+65 224 1555,Village Close - 106 Linden Road Sandown,2nd Floor,Singapore,N/A,69045,Singapore,Japan,Victorino,Wendy,Medium
10271,50,100.0,4,5000.0,2004-07-20,Shipped,3,7,2004,Classic Cars,163,S18_2238,Mini Gifts Distributors Ltd.,4155551450,5677 Strong St.,,San Rafael,CA,97562,USA,,Nelson,Valarie,Medium
10282,23,100.0,13,2300.0,2004-08-20,Shipped,3,8,2004,Classic Cars,163,S18_2238,Mini Gifts Distributors Ltd.,4155551450,5677 Strong St.,,San Rafael,CA,97562,USA,,Nelson,Valarie,Small
10292,26,100.0,7,2600.0,2004-09-08,Shipped,3,9,2004,Classic Cars,163,S18_2238,Land of Toys Inc.,2125557818,897 Long Airport Avenue,,NYC,NY,10022,USA,,Yu,Kwai,Small
10305,27,100.0,4,2700.0,2004-10-13,Shipped,4,10,2004,Classic Cars,163,S18_2238,Marta's Replicas Co.,6175558555,39323 Spinnaker Dr.,,Cambridge,MA,51247,USA,,Hernandez,Marta,Small
10314,42,100.0,13,4200.0,2004-10-22,Shipped,4,10,2004,Classic Cars,163,S18_2238,Heintze Collectables,86 21 3555,Smagsloget 45,,Aaarhus,N/A,8200,Denmark,EMEA,Ibsen,Palle,Medium
10324,47,100.0,8,4700.0,2004-11-05,Shipped,4,11,2004,Classic Cars,163,S18_2238,Vitachrome Inc.,2125551500,2678 Kingston Rd.,Suite 101,NYC,NY,10022,USA,,Frick,Michael,Medium
10336,49,100.0,6,4900.0,2004-11-20,Shipped,4,11,2004,Classic Cars,163,S18_2238,"La Corne D'abondance, Co.",(1) 42.34.2555,"265, boulevard Charonne",,Paris,N/A,75012,France,EMEA,Bertrand,Marie,Medium
10349,38,100.0,8,3800.0,2004-12-01,Shipped,4,12,2004,Classic Cars,163,S18_2238,Muscle Machine Inc,2125557413,4092 Furth Circle,Suite 400,NYC,NY,10022,USA,,Young,Jeff,Medium
10358,20,100.0,10,2000.0,2004-12-10,Shipped,4,12,2004,Classic Cars,163,S18_2238,Euro Shopping Channel,(91) 555 94 44,"C/ Moralzarzal, 86",,Madrid,N/A,28034,Spain,EMEA,Freyre,Diego,Small
10371,25,100.0,7,2500.0,2005-01-23,Shipped,1,1,2005,Classic Cars,163,S18_2238,Mini Gifts Distributors Ltd.,4155551450,5677 Strong St.,,San Rafael,CA,97562,USA,,Nelson,Valarie,Small
10382,25,88.0,5,2200.0,2005-02-17,Shipped,1,2,2005,Classic Cars,163,S18_2238,Mini Gifts Distributors Ltd.,4155551450,5677 Strong St.,,San Rafael,CA,97562,USA,,Nelson,Valarie,Small
10412,41,100.0,4,4100.0,2005-05-03,Shipped,2,5,2005,Classic Cars,163,S18_2238,Euro Shopping Channel,(91) 555 94 44,"C/ Moralzarzal, 86",,Madrid,N/A,28034,Spain,EMEA,Freyre,Diego,Medium
10425,28,100.0,3,2800.0,2005-05-31,In Process,2,5,2005,Classic Cars,163,S18_2238,La Rochelle Gifts,40.67.8555,"67, rue des Cinquante Otages",,Nantes,N/A,44000,France,EMEA,Labrune,Janine,Small
10100,50,60.0,2,3000.0,2003-01-06,Shipped,1,1,2003,Vintage Cars,60,S18_2248,Online Diecast Creations Co.,6035558647,2304 Long Airport Avenue,,Nashua,NH,62005,USA,,Young,Valarie,Medium
10110,32,50.25,6,1608.0,2003-03-18,Shipped,1,3,2003,Vintage Cars,60,S18_2248,"AV Stores, Co.",(171) 555-1555,Fauntleroy Circus,,Manchester,N/A,EC2 5NT,UK,EMEA,Ashworth,Victoria,Small
10124,42,53.88,5,2262.96,2003-05-21,Shipped,2,5,2003,Vintage Cars,60,S18_2248,Signal Gift Stores,7025551838,8489 Strong St.,,Las Vegas,NV,83030,USA,,King,Sue,Small
10149,24,60.0,10,1440.0,2003-09-12,Shipped,3,9,2003,Vintage Cars,60,S18_2248,Signal Collectibles Ltd.,4155554312,2793 Furth Circle,,Brisbane,CA,94217,USA,,Taylor,Sue,Small
10162,27,60.0,8,1620.0,2003-10-18,Shipped,4,10,2003,Vintage Cars,60,S18_2248,Corporate Gift Ideas Co.,6505551386,7734 Strong St.,,San Francisco,CA,UNKNOWN,USA,,Brown,Julie,Small
10173,26,57.51,12,1495.26,2003-11-05,Shipped,4,11,2003,Vintage Cars,60,S18_2248,Rovelli Gifts,035-640555,Via Ludovico il Moro 22,,Bergamo,N/A,24100,Italy,EMEA,Rovelli,Giovanni,Small
10182,38,60.0,9,2280.0,2003-11-12,Shipped,4,11,2003,Vintage Cars,60,S18_2248,Mini Gifts Distributors Ltd.,4155551450,5677 Strong St.,,San Rafael,CA,97562,USA,,Nelson,Valarie,Small
10193,42,59.33,13,2491.86,2003-11-21,Shipped,4,11,2003,Vintage Cars,60,S18_2248,"Australian Collectables, Ltd",61-9-3844-6555,7 Allen Street,,Glen Waverly,Victoria,3150,Australia,APAC,Connery,Sean,Small
10204,23,60.0,3,1380.0,2003-12-02,Shipped,4,12,2003,Vintage Cars,60,S18_2248,Muscle Machine Inc,2125557413,4092 Furth Circle,Suite 400,NYC,NY,10022,USA,,Young,Jeff,Small
10214,21,60.0,6,1260.0,2004-01-26,Shipped,1,1,2004,Vintage Cars,60,S18_2248,"Corrida Auto Replicas, Ltd",(91) 555 22 82,"C/ Araquil, 67",,Madrid,N/A,28023,Spain,EMEA,Sommer,Mart¡n,Small
10227,28,50.85,9,1423.8,2004-03-02,Shipped,1,3,2004,Vintage Cars,60,S18_2248,"Saveley & Henriot, Co.",78.32.5555,"2, rue du Commerce",,Lyon,N/A,69004,France,EMEA,Saveley,Mary,Small
10241,33,60.0,1,1980.0,2004-04-13,Shipped,2,4,2004,Vintage Cars,60,S18_2248,Mini Caravy,88.60.1555,"24, place Kluber",,Strasbourg,N/A,67000,France,EMEA,Citeaux,Frederique,Small
10280,25,60.0,15,1500.0,2004-08-17,Shipped,3,8,2004,Vintage Cars,60,S18_2248,Amica Models & Co.,011-4988555,Via Monte Bianco 34,,Torino,N/A,10100,Italy,EMEA,Accorti,Paolo,Small
10288,28,60.0,4,1680.0,2004-09-01,Shipped,3,9,2004,Vintage Cars,60,S18_2248,Handji Gifts& Co,+65 224 1555,Village Close - 106 Linden Road Sandown,2nd Floor,Singapore,N/A,69045,Singapore,Japan,Victorino,Wendy,Small
10303,46,49.04,2,2255.84,2004-10-06,Shipped,4,10,2004,Vintage Cars,60,S18_2248,"Iberia Gift Imports, Corp.",(95) 555 82 82,"C/ Romero, 33",,Sevilla,N/A,41101,Spain,EMEA,Roel,Jose Pedro,Small
10312,30,60.0,16,1800.0,2004-10-21,Shipped,4,10,2004,Vintage Cars,60,S18_2248,Mini Gifts Distributors Ltd.,4155551450,5677 Strong St.,,San Rafael,CA,97562,USA,,Nelson,Valarie,Small
10332,38,60.0,9,2280.0,2004-11-17,Shipped,4,11,2004,Vintage Cars,60,S18_2248,"AV Stores, Co.",(171) 555-1555,Fauntleroy Circus,,Manchester,N/A,EC2 5NT,UK,EMEA,Ashworth,Victoria,Small
10344,40,56.91,2,2276.4,2004-11-25,Shipped,4,11,2004,Vintage Cars,60,S18_2248,Marseille Mini Autos,91.24.4555,"12, rue des Bouchers",,Marseille,N/A,13008,France,EMEA,Lebihan,Laurence,Small
10367,45,60.0,4,2700.0,2005-01-12,Resolved,1,1,2005,Vintage Cars,60,S18_2248,Toys4GrownUps.com,6265557265,78934 Hillside Dr.,,Pasadena,CA,90003,USA,,Young,Julie,Small
10379,27,49.3,1,1331.1,2005-02-10,Shipped,1,2,2005,Vintage Cars,60,S18_2248,Euro Shopping Channel,(91) 555 94 44,"C/ Moralzarzal, 86",,Madrid,N/A,28034,Spain,EMEA,Freyre,Diego,Small
10407,42,60.0,1,2520.0,2005-04-22,On Hold,2,4,2005,Vintage Cars,60,S18_2248,The Sharp Gifts Warehouse,4085553659,3086 Ingle Ln.,,San Jose,CA,94217,USA,,Frick,Sue,Small
10420,36,60.0,4,2160.0,2005-05-29,In Process,2,5,2005,Vintage Cars,60,S18_2248,Souveniers And Things Co.,+61 2 9495 8555,"Monitor Money Building, 815 Pacific Hwy",Level 6,Chatswood,NSW,2067,Australia,APAC,Huxley,Adrian,Small
10104,29,100.0,12,2900.0,2003-01-31,Shipped,1,1,2003,Trucks and Buses,122,S18_2319,Euro Shopping Channel,(91) 555 94 44,"C/ Moralzarzal, 86",,Madrid,N/A,28034,Spain,EMEA,Freyre,Diego,Small
10114,39,100.0,3,3900.0,2003-04-01,Shipped,2,4,2003,Trucks and Buses,122,S18_2319,"La Corne D'abondance, Co.",(1) 42.34.2555,"265, boulevard Charonne",,Paris,N/A,75012,France,EMEA,Bertrand,Marie,Medium
10127,45,100.0,14,4500.0,2003-06-03,Shipped,2,6,2003,Trucks and Buses,122,S18_2319,Muscle Machine Inc,2125557413,4092 Furth Circle,Suite 400,NYC,NY,10022,USA,,Young,Jeff,Medium
10141,47,100.0,8,4700.0,2003-08-01,Shipped,3,8,2003,Trucks and Buses,122,S18_2319,Suominen Souveniers,+358 9 8045 555,"Software Engineering Center, SEC Oy",,Espoo,N/A,FIN-02271,Finland,EMEA,Suominen,Kalle,Medium
10151,49,100.0,6,4900.0,2003-09-21,Shipped,3,9,2003,Trucks and Buses,122,S18_2319,"Oulu Toy Supplies, Inc.",981-443655,Torikatu 38,,Oulu,N/A,90110,Finland,EMEA,Koskitalo,Pirkko,Medium
10165,46,100.0,15,4600.0,2003-10-22,Shipped,4,10,2003,Trucks and Buses,122,S18_2319,"Dragon Souveniers, Ltd.",+65 221 7555,"Bronz Sok., Bronz Apt. 3/6 Tesvikiye",,Singapore,N/A,79903,Singapore,Japan,Natividad,Eric,Medium
10175,48,100.0,4,4800.0,2003-11-06,Shipped,4,11,2003,Trucks and Buses,122,S18_2319,"Stylish Desk Decors, Co.",(171) 555-0297,35 King George,,London,N/A,WX3 6FW,UK,EMEA,Brown,Ann,Medium
10184,46,100.0,9,4600.0,2003-11-14,Shipped,4,11,2003,Trucks and Buses,122,S18_2319,"Iberia Gift Imports, Corp.",(95) 555 82 82,"C/ Romero, 33",,Sevilla,N/A,41101,Spain,EMEA,Roel,Jose Pedro,Medium
10195,35,100.0,9,3500.0,2003-11-25,Shipped,4,11,2003,Trucks and Buses,122,S18_2319,Mini Classics,9145554562,3758 North Pendale Street,,White Plains,NY,24067,USA,,Frick,Steve,Medium
10207,43,100.0,10,4300.0,2003-12-09,Shipped,4,12,2003,Trucks and Buses,122,S18_2319,Diecast Collectables,6175552555,6251 Ingle Ln.,,Boston,MA,51003,USA,,Franco,Valarie,Medium
10229,26,100.0,4,2600.0,2004-03-11,Shipped,1,3,2004,Trucks and Buses,122,S18_2319,Mini Gifts Distributors Ltd.,4155551450,5677 Strong St.,,San Rafael,CA,97562,USA,,Nelson,Valarie,Small
10246,22,98.18,8,2159.96,2004-05-05,Shipped,2,5,2004,Trucks and Buses,122,S18_2319,Euro Shopping Channel,(91) 555 94 44,"C/ Moralzarzal, 86",,Madrid,N/A,28034,Spain,EMEA,Freyre,Diego,Small
10259,34,99.41,7,3379.94,2004-06-15,Shipped,2,6,2004,Trucks and Buses,122,S18_2319,Handji Gifts& Co,+65 224 1555,Village Close - 106 Linden Road Sandown,2nd Floor,Singapore,N/A,69045,Singapore,Japan,Victorino,Wendy,Medium
10271,50,100.0,8,5000.0,2004-07-20,Shipped,3,7,2004,Trucks and Buses,122,S18_2319,Mini Gifts Distributors Ltd.,4155551450,5677 Strong St.,,San Rafael,CA,97562,USA,,Nelson,Valarie,Medium
10281,48,100.0,4,4800.0,2004-08-19,Shipped,3,8,2004,Trucks and Buses,122,S18_2319,Diecast Classics Inc.,2155551555,7586 Pompton St.,,Allentown,PA,70267,USA,,Yu,Kyung,Medium
10292,41,100.0,11,4100.0,2004-09-08,Shipped,3,9,2004,Trucks and Buses,122,S18_2319,Land of Toys Inc.,2125557818,897 Long Airport Avenue,,NYC,NY,10022,USA,,Yu,Kwai,Medium
10305,36,100.0,8,3600.0,2004-10-13,Shipped,4,10,2004,Trucks and Buses,122,S18_2319,Marta's Replicas Co.,6175558555,39323 Spinnaker Dr.,,Cambridge,MA,51247,USA,,Hernandez,Marta,Medium
10313,29,100.0,2,2900.0,2004-10-22,Shipped,4,10,2004,Trucks and Buses,122,S18_2319,Canadian Gift Exchange Network,(604) 555-3392,1900 Oak St.,,Vancouver,BC,V3F 2K1,Canada,,Tannamuri,Yoshi,Small
10324,33,37.48,10,1236.84,2004-11-05,Shipped,4,11,2004,Trucks and Buses,122,S18_2319,Vitachrome Inc.,2125551500,2678 Kingston Rd.,Suite 101,NYC,NY,10022,USA,,Frick,Michael,Small
10334,46,100.0,6,4600.0,2004-11-19,On Hold,4,11,2004,Trucks and Buses,122,S18_2319,"Volvo Model Replicas, Co",0921-12 3555,Berguvsvgen  8,,Lule,N/A,S-958 22,Sweden,EMEA,Berglund,Christina,Medium
10349,38,100.0,7,3800.0,2004-12-01,Shipped,4,12,2004,Trucks and Buses,122,S18_2319,Muscle Machine Inc,2125557413,4092 Furth Circle,Suite 400,NYC,NY,10022,USA,,Young,Jeff,Medium
10358,20,36.42,11,728.4,2004-12-10,Shipped,4,12,2004,Trucks and Buses,122,S18_2319,Euro Shopping Channel,(91) 555 94 44,"C/ Moralzarzal, 86",,Madrid,N/A,28034,Spain,EMEA,Freyre,Diego,Small
10370,22,100.0,5,2200.0,2005-01-20,Shipped,1,1,2005,Trucks and Buses,122,S18_2319,"Anna's Decorations, Ltd",02 9936 8555,201 Miller Street,Level 15,North Sydney,NSW,2060,Australia,APAC,O'Hara,Anna,Small
10383,27,100.0,11,2700.0,2005-02-22,Shipped,1,2,2005,Trucks and Buses,122,S18_2319,Euro Shopping Channel,(91) 555 94 44,"C/ Moralzarzal, 86",,Madrid,N/A,28034,Spain,EMEA,Freyre,Diego,Small
10412,56,98.18,8,5498.08,2005-05-03,Shipped,2,5,2005,Trucks and Buses,122,S18_2319,Euro Shopping Channel,(91) 555 94 44,"C/ Moralzarzal, 86",,Madrid,N/A,28034,Spain,EMEA,Freyre,Diego,Medium
10425,38,99.41,7,3777.58,2005-05-31,In Process,2,5,2005,Trucks and Buses,122,S18_2319,La Rochelle Gifts,40.67.8555,"67, rue des Cinquante Otages",,Nantes,N/A,44000,France,EMEA,Labrune,Janine,Medium
10101,25,100.0,4,2500.0,2003-01-09,Shipped,1,1,2003,Vintage Cars,127,S18_2325,"Blauer See Auto, Co.",+49 69 66 90 2555,Lyonerstr. 34,,Frankfurt,N/A,60528,Germany,EMEA,Keitel,Roland,Small
10110,33,100.0,4,3300.0,2003-03-18,Shipped,1,3,2003,Vintage Cars,127,S18_2325,"AV Stores, Co.",(171) 555-1555,Fauntleroy Circus,,Manchester,N/A,EC2 5NT,UK,EMEA,Ashworth,Victoria,Medium
10124,42,100.0,3,4200.0,2003-05-21,Shipped,2,5,2003,Vintage Cars,127,S18_2325,Signal Gift Stores,7025551838,8489 Strong St.,,Las Vegas,NV,83030,USA,,King,Sue,Medium
10149,33,100.0,8,3300.0,2003-09-12,Shipped,3,9,2003,Vintage Cars,127,S18_2325,Signal Collectibles Ltd.,4155554312,2793 Furth Circle,,Brisbane,CA,94217,USA,,Taylor,Sue,Medium
10162,38,100.0,6,3800.0,2003-10-18,Shipped,4,10,2003,Vintage Cars,127,S18_2325,Corporate Gift Ideas Co.,6505551386,7734 Strong St.,,San Francisco,CA,UNKNOWN,USA,,Brown,Julie,Medium
10173,31,100.0,10,3100.0,2003-11-05,Shipped,4,11,2003,Vintage Cars,127,S18_2325,Rovelli Gifts,035-640555,Via Ludovico il Moro 22,,Bergamo,N/A,24100,Italy,EMEA,Rovelli,Giovanni,Medium
10182,20,100.0,7,2000.0,2003-11-12,Shipped,4,11,2003,Vintage Cars,127,S18_2325,Mini Gifts Distributors Ltd.,4155551450,5677 Strong St.,,San Rafael,CA,97562,USA,,Nelson,Valarie,Small
10193,44,100.0,11,4400.0,2003-11-21,Shipped,4,11,2003,Vintage Cars,127,S18_2325,"Australian Collectables, Ltd",61-9-3844-6555,7 Allen Street,,Glen Waverly,Victoria,3150,Australia,APAC,Connery,Sean,Medium
10204,26,100.0,1,2600.0,2003-12-02,Shipped,4,12,2003,Vintage Cars,127,S18_2325,Muscle Machine Inc,2125557413,4092 Furth Circle,Suite 400,NYC,NY,10022,USA,,Young,Jeff,Small
10214,27,100.0,4,2700.0,2004-01-26,Shipped,1,1,2004,Vintage Cars,127,S18_2325,"Corrida Auto Replicas, Ltd",(91) 555 22 82,"C/ Araquil, 67",,Madrid,N/A,28023,Spain,EMEA,Sommer,Mart¡n,Small
10227,46,100.0,7,4600.0,2004-03-02,Shipped,1,3,2004,Vintage Cars,127,S18_2325,"Saveley & Henriot, Co.",78.32.5555,"2, rue du Commerce",,Lyon,N/A,69004,France,EMEA,Saveley,Mary,Medium
10243,47,100.0,2,4700.0,2004-04-26,Shipped,2,4,2004,Vintage Cars,127,S18_2325,Diecast Collectables,6175552555,6251 Ingle Ln.,,Boston,MA,51003,USA,,Franco,Valarie,Medium
10280,37,100.0,13,3700.0,2004-08-17,Shipped,3,8,2004,Vintage Cars,127,S18_2325,Amica Models & Co.,011-4988555,Via Monte Bianco 34,,Torino,N/A,10100,Italy,EMEA,Accorti,Paolo,Medium
10288,31,100.0,2,3100.0,2004-09-01,Shipped,3,9,2004,Vintage Cars,127,S18_2325,Handji Gifts& Co,+65 224 1555,Village Close - 106 Linden Road Sandown,2nd Floor,Singapore,N/A,69045,Singapore,Japan,Victorino,Wendy,Medium
10304,24,100.0,17,2400.0,2004-10-11,Shipped,4,10,2004,Vintage Cars,127,S18_2325,Auto Assoc. & Cie.,30.59.8555,"67, avenue de l'Europe",,Versailles,N/A,78000,France,EMEA,Tonini,Daniel,Small
10312,31,100.0,14,3100.0,2004-10-21,Shipped,4,10,2004,Vintage Cars,127,S18_2325,Mini Gifts Distributors Ltd.,4155551450,5677 Strong St.,,San Rafael,CA,97562,USA,,Nelson,Valarie,Medium
10322,50,100.0,6,5000.0,2004-11-04,Shipped,4,11,2004,Vintage Cars,127,S18_2325,Online Diecast Creations Co.,6035558647,2304 Long Airport Avenue,,Nashua,NH,62005,USA,,Young,Valarie,Medium
10332,35,64.69,8,2264.15,2004-11-17,Shipped,4,11,2004,Vintage Cars,127,S18_2325,"AV Stores, Co.",(171) 555-1555,Fauntleroy Circus,,Manchester,N/A,EC2 5NT,UK,EMEA,Ashworth,Victoria,Small
10344,30,100.0,3,3000.0,2004-11-25,Shipped,4,11,2004,Vintage Cars,127,S18_2325,Marseille Mini Autos,91.24.4555,"12, rue des Bouchers",,Marseille,N/A,13008,France,EMEA,Lebihan,Laurence,Medium
10356,29,100.0,3,2900.0,2004-12-09,Shipped,4,12,2004,Vintage Cars,127,S18_2325,Lyon Souveniers,+33 1 46 62 7555,27 rue du Colonel Pierre Avia,,Paris,N/A,75508,France,EMEA,Da Cunha,Daniel,Small
10367,27,100.0,5,2700.0,2005-01-12,Resolved,1,1,2005,Vintage Cars,127,S18_2325,Toys4GrownUps.com,6265557265,78934 Hillside Dr.,,Pasadena,CA,90003,USA,,Young,Julie,Small
10380,40,100.0,10,4000.0,2005-02-16,Shipped,1,2,2005,Vintage Cars,127,S18_2325,Euro Shopping Channel,(91) 555 94 44,"C/ Moralzarzal, 86",,Madrid,N/A,28034,Spain,EMEA,Freyre,Diego,Medium
10390,31,98.99,16,3068.69,2005-03-04,Shipped,1,3,2005,Vintage Cars,127,S18_2325,Mini Gifts Distributors Ltd.,4155551450,5677 Strong St.,,San Rafael,CA,97562,USA,,Nelson,Valarie,Medium
10409,6,100.0,2,600.0,2005-04-23,Shipped,2,4,2005,Vintage Cars,127,S18_2325,Handji Gifts& Co,+65 224 1555,Village Close - 106 Linden Road Sandown,2nd Floor,Singapore,N/A,69045,Singapore,Japan,Victorino,Wendy,Small
10420,45,100.0,2,4500.0,2005-05-29,In Process,2,5,2005,Vintage Cars,127,S18_2325,Souveniers And Things Co.,+61 2 9495 8555,"Monitor Money Building, 815 Pacific Hwy",Level 6,Chatswood,NSW,2067,Australia,APAC,Huxley,Adrian,Medium
10103,22,54.09,2,1189.98,2003-01-29,Shipped,1,1,2003,Trucks and Buses,60,S18_2432,Baane Mini Imports,07-98 9555,Erling Skakkes gate 78,,Stavern,N/A,4110,Norway,EMEA,Bergulfsen,Jonas,Small
10114,45,60.0,6,2700.0,2003-04-01,Shipped,2,4,2003,Trucks and Buses,60,S18_2432,"La Corne D'abondance, Co.",(1) 42.34.2555,"265, boulevard Charonne",,Paris,N/A,75012,France,EMEA,Bertrand,Marie,Small
10126,43,60.0,2,2580.0,2003-05-28,Shipped,2,5,2003,Trucks and Buses,60,S18_2432,"Corrida Auto Replicas, Ltd",(91) 555 22 82,"C/ Araquil, 67",,Madrid,N/A,28023,Spain,EMEA,Sommer,Mart¡n,Small
10140,46,60.0,2,2760.0,2003-07-24,Shipped,3,7,2003,Trucks and Buses,60,S18_2432,Technics Stores Inc.,6505556809,9408 Furth Circle,,Burlingame,CA,94217,USA,,Hirano,Juri,Small
10151,39,60.0,9,2340.0,2003-09-21,Shipped,3,9,2003,Trucks and Buses,60,S18_2432,"Oulu Toy Supplies, Inc.",981-443655,Torikatu 38,,Oulu,N/A,90110,Finland,EMEA,Koskitalo,Pirkko,Small
10165,31,60.0,18,1860.0,2003-10-22,Shipped,4,10,2003,Trucks and Buses,60,S18_2432,"Dragon Souveniers, Ltd.",+65 221 7555,"Bronz Sok., Bronz Apt. 3/6 Tesvikiye",,Singapore,N/A,79903,Singapore,Japan,Natividad,Eric,Small
10175,41,60.0,7,2460.0,2003-11-06,Shipped,4,11,2003,Trucks and Buses,60,S18_2432,"Stylish Desk Decors, Co.",(171) 555-0297,35 King George,,London,N/A,WX3 6FW,UK,EMEA,Brown,Ann,Small
10184,44,60.0,12,2640.0,2003-11-14,Shipped,4,11,2003,Trucks and Buses,60,S18_2432,"Iberia Gift Imports, Corp.",(95) 555 82 82,"C/ Romero, 33",,Sevilla,N/A,41101,Spain,EMEA,Roel,Jose Pedro,Small
10194,45,60.0,2,2700.0,2003-11-25,Shipped,4,11,2003,Trucks and Buses,60,S18_2432,"Saveley & Henriot, Co.",78.32.5555,"2, rue du Commerce",,Lyon,N/A,69004,France,EMEA,Saveley,Mary,Small
10207,37,60.0,13,2220.0,2003-12-09,Shipped,4,12,2003,Trucks and Buses,60,S18_2432,Diecast Collectables,6175552555,6251 Ingle Ln.,,Boston,MA,51003,USA,,Franco,Valarie,Small
10217,35,60.0,2,2100.0,2004-02-04,Shipped,1,2,2004,Trucks and Buses,60,S18_2432,Handji Gifts& Co,+65 224 1555,Village Close - 106 Linden Road Sandown,2nd Floor,Singapore,N/A,69045,Singapore,Japan,Victorino,Wendy,Small
10229,28,59.55,7,1667.4,2004-03-11,Shipped,1,3,2004,Trucks and Buses,60,S18_2432,Mini Gifts Distributors Ltd.,4155551450,5677 Strong St.,,San Rafael,CA,97562,USA,,Nelson,Valarie,Small
10246,30,60.0,11,1800.0,2004-05-05,Shipped,2,5,2004,Trucks and Buses,60,S18_2432,Euro Shopping Channel,(91) 555 94 44,"C/ Moralzarzal, 86",,Madrid,N/A,28034,Spain,EMEA,Freyre,Diego,Small
10259,30,49.22,10,1476.6,2004-06-15,Shipped,2,6,2004,Trucks and Buses,60,S18_2432,Handji Gifts& Co,+65 224 1555,Village Close - 106 Linden Road Sandown,2nd Floor,Singapore,N/A,69045,Singapore,Japan,Victorino,Wendy,Small
10271,25,60.0,11,1500.0,2004-07-20,Shipped,3,7,2004,Trucks and Buses,60,S18_2432,Mini Gifts Distributors Ltd.,4155551450,5677 Strong St.,,San Rafael,CA,97562,USA,,Nelson,Valarie,Small
10281,29,57.73,7,1674.17,2004-08-19,Shipped,3,8,2004,Trucks and Buses,60,S18_2432,Diecast Classics Inc.,2155551555,7586 Pompton St.,,Allentown,PA,70267,USA,,Yu,Kyung,Small
10291,26,57.73,2,1500.98,2004-09-08,Shipped,3,9,2004,Trucks and Buses,60,S18_2432,Scandinavian Gift Ideas,0695-34 6555,?kergatan 24,,Boras,N/A,S-844 67,Sweden,EMEA,Larsson,Maria,Small
10305,41,53.48,11,2192.68,2004-10-13,Shipped,4,10,2004,Trucks and Buses,60,S18_2432,Marta's Replicas Co.,6175558555,39323 Spinnaker Dr.,,Cambridge,MA,51247,USA,,Hernandez,Marta,Small
10313,34,52.87,5,1797.58,2004-10-22,Shipped,4,10,2004,Trucks and Buses,60,S18_2432,Canadian Gift Exchange Network,(604) 555-3392,1900 Oak St.,,Vancouver,BC,V3F 2K1,Canada,,Tannamuri,Yoshi,Small
10322,35,60.0,11,2100.0,2004-11-04,Shipped,4,11,2004,Trucks and Buses,60,S18_2432,Online Diecast Creations Co.,6035558647,2304 Long Airport Avenue,,Nashua,NH,62005,USA,,Young,Valarie,Small
10334,34,60.0,1,2040.0,2004-11-19,On Hold,4,11,2004,Trucks and Buses,60,S18_2432,"Volvo Model Replicas, Co",0921-12 3555,Berguvsvgen  8,,Lule,N/A,S-958 22,Sweden,EMEA,Berglund,Christina,Small
10347,50,60.0,8,3000.0,2004-11-29,Shipped,4,11,2004,Trucks and Buses,60,S18_2432,"Australian Collectors, Co.",03 9520 4555,636 St Kilda Road,Level 3,Melbourne,Victoria,3004,Australia,APAC,Ferguson,Peter,Medium
10357,41,60.0,7,2460.0,2004-12-10,Shipped,4,12,2004,Trucks and Buses,60,S18_2432,Mini Gifts Distributors Ltd.,4155551450,5677 Strong St.,,San Rafael,CA,97562,USA,,Nelson,Valarie,Small
10370,22,60.0,7,1320.0,2005-01-20,Shipped,1,1,2005,Trucks and Buses,60,S18_2432,"Anna's Decorations, Ltd",02 9936 8555,201 Miller Street,Level 15,North Sydney,NSW,2060,Australia,APAC,O'Hara,Anna,Small
10381,35,48.62,7,1701.7,2005-02-17,Shipped,1,2,2005,Trucks and Buses,60,S18_2432,Corporate Gift Ideas Co.,6505551386,7734 Strong St.,,San Francisco,CA,UNKNOWN,USA,,Brown,Julie,Small
10391,44,38.5,5,1694.0,2005-03-09,Shipped,1,3,2005,Trucks and Buses,60,S18_2432,"Anna's Decorations, Ltd",02 9936 8555,201 Miller Street,Level 15,North Sydney,NSW,2060,Australia,APAC,O'Hara,Anna,Small
10412,47,60.0,11,2820.0,2005-05-03,Shipped,2,5,2005,Trucks and Buses,60,S18_2432,Euro Shopping Channel,(91) 555 94 44,"C/ Moralzarzal, 86",,Madrid,N/A,28034,Spain,EMEA,Freyre,Diego,Small
10425,19,49.22,10,935.18,2005-05-31,In Process,2,5,2005,Trucks and Buses,60,S18_2432,La Rochelle Gifts,40.67.8555,"67, rue des Cinquante Otages",,Nantes,N/A,44000,France,EMEA,Labrune,Janine,Small
10106,34,84.0,2,2856.0,2003-02-17,Shipped,1,2,2003,Planes,84,S18_2581,Rovelli Gifts,035-640555,Via Ludovico il Moro 22,,Bergamo,N/A,24100,Italy,EMEA,Rovelli,Giovanni,Small
10120,29,71.81,8,2082.49,2003-04-29,Shipped,2,4,2003,Planes,84,S18_2581,"Australian Collectors, Co.",03 9520 4555,636 St Kilda Road,Level 3,Melbourne,Victoria,3004,Australia,APAC,Ferguson,Peter,Small
10133,49,69.27,3,3394.23,2003-06-27,Shipped,2,6,2003,Planes,84,S18_2581,Euro Shopping Channel,(91) 555 94 44,"C/ Moralzarzal, 86",,Madrid,N/A,28034,Spain,EMEA,Freyre,Diego,Medium
10145,30,84.0,14,2520.0,2003-08-25,Shipped,3,8,2003,Planes,84,S18_2581,Toys4GrownUps.com,6265557265,78934 Hillside Dr.,,Pasadena,CA,90003,USA,,Young,Julie,Small
10168,21,70.96,9,1490.16,2003-10-28,Shipped,4,10,2003,Planes,84,S18_2581,Technics Stores Inc.,6505556809,9408 Furth Circle,,Burlingame,CA,94217,USA,,Hirano,Juri,Small
10210,50,76.88,7,3844.0,2004-01-12,Shipped,1,1,2004,Planes,84,S18_2581,Osaka Souveniers Co.,+81 06 6342 5555,"Dojima Avanza 4F, 1-6-20 Dojima, Kita-ku",,Osaka,Osaka,530-0003,Japan,Japan,Kentary,Mory,Medium
10223,47,84.0,9,3948.0,2004-02-20,Shipped,1,2,2004,Planes,84,S18_2581,"Australian Collectors, Co.",03 9520 4555,636 St Kilda Road,Level 3,Melbourne,Victoria,3004,Australia,APAC,Ferguson,Peter,Medium
10235,24,76.03,3,1824.72,2004-04-02,Shipped,2,4,2004,Planes,84,S18_2581,"Royal Canadian Collectables, Ltd.",(604) 555-4555,23 Tsawassen Blvd.,,Tsawassen,BC,T2F 8M4,Canada,,Lincoln,Elizabeth,Small
10250,27,84.0,4,2268.0,2004-05-11,Shipped,2,5,2004,Planes,84,S18_2581,The Sharp Gifts Warehouse,4085553659,3086 Ingle Ln.,,San Jose,CA,94217,USA,,Frick,Sue,Small
10263,33,84.0,10,2772.0,2004-06-28,Shipped,2,6,2004,Planes,84,S18_2581,Gift Depot Inc.,2035552570,25593 South Bay Ln.,,Bridgewater,CT,97562,USA,,King,Julie,Small
10275,35,84.0,9,2940.0,2004-07-23,Shipped,3,7,2004,Planes,84,S18_2581,La Rochelle Gifts,40.67.8555,"67, rue des Cinquante Otages",,Nantes,N/A,44000,France,EMEA,Labrune,Janine,Small
10284,31,71.81,1,2226.11,2004-08-21,Shipped,3,8,2004,Planes,84,S18_2581,"Norway Gifts By Mail, Co.",+47 2212 1555,"Drammensveien 126 A, PB 744 Sentrum",,Oslo,N/A,N 0106,Norway,EMEA,Klaeboe,Jan,Small
10297,25,82.79,4,2069.75,2004-09-16,Shipped,3,9,2004,Planes,84,S18_2581,"Clover Collections, Co.",+353 1862 1555,25 Maiden Lane,Floor No. 4,Dublin,N/A,2,Ireland,EMEA,Cassidy,Dean,Small
10308,27,82.79,7,2235.33,2004-10-15,Shipped,4,10,2004,Planes,84,S18_2581,Mini Classics,9145554562,3758 North Pendale Street,,White Plains,NY,24067,USA,,Frick,Steve,Small
10318,31,84.0,9,2604.0,2004-11-02,Shipped,4,11,2004,Planes,84,S18_2581,Diecast Classics Inc.,2155551555,7586 Pompton St.,,Allentown,PA,70267,USA,,Yu,Kyung,Small
10327,45,84.0,8,3780.0,2004-11-10,Resolved,4,11,2004,Planes,84,S18_2581,Danish Wholesale Imports,31 12 3555,Vinb'ltet 34,,Kobenhavn,N/A,1734,Denmark,EMEA,Petersen,Jytte,Medium
10339,27,84.0,2,2268.0,2004-11-23,Shipped,4,11,2004,Planes,84,S18_2581,"Tokyo Collectables, Ltd",+81 3 3584 0555,2-2-8 Roppongi,,Minato-ku,Tokyo,106-0032,Japan,Japan,Shimamura,Akiko,Small
10353,27,84.0,1,2268.0,2004-12-04,Shipped,4,12,2004,Planes,84,S18_2581,Gift Ideas Corp.,2035554407,2440 Pompton St.,,Glendale,CT,97561,USA,,Lewis,Dan,Small
10374,42,69.27,2,2909.34,2005-02-02,Shipped,1,2,2005,Planes,84,S18_2581,"Australian Gift Network, Co",61-7-3844-6555,31 Duncan St. West End,,South Brisbane,Queensland,4101,Australia,APAC,Calaghan,Tony,Small
10386,21,74.77,18,1570.17,2005-03-01,Resolved,1,3,2005,Planes,84,S18_2581,Euro Shopping Channel,(91) 555 94 44,"C/ Moralzarzal, 86",,Madrid,N/A,28034,Spain,EMEA,Freyre,Diego,Small
10398,34,76.88,15,2613.92,2005-03-30,Shipped,1,3,2005,Planes,84,S18_2581,Reims Collectables,26.47.1555,59 rue de l'Abbaye,,Reims,N/A,51100,France,EMEA,Henriot,Paul,Small
10401,42,76.03,3,3193.26,2005-04-03,On Hold,2,4,2005,Planes,84,S18_2581,Tekni Collectables Inc.,2015559350,7476 Moss Rd.,,Newark,NJ,94019,USA,,Brown,William,Medium
10416,15,84.0,4,1260.0,2005-05-10,Shipped,2,5,2005,Planes,84,S18_2581,L'ordine Souveniers,0522-556555,Strada Provinciale 124,,Reggio Emilia,N/A,42100,Italy,EMEA,Moroni,Maurizio,Small
10107,29,60.0,6,1740.0,2003-02-24,Shipped,1,2,2003,Motorcycles,60,S18_2625,Land of Toys Inc.,2125557818,897 Long Airport Avenue,,NYC,NY,10022,USA,,Yu,Kwai,Small
10120,46,58.15,4,2674.9,2003-04-29,Shipped,2,4,2003,Motorcycles,60,S18_2625,"Australian Collectors, Co.",03 9520 4555,636 St Kilda Road,Level 3,Melbourne,Victoria,3004,Australia,APAC,Ferguson,Peter,Small
10134,30,60.0,6,1800.0,2003-07-01,Shipped,3,7,2003,Motorcycles,60,S18_2625,Lyon Souveniers,+33 1 46 62 7555,27 rue du Colonel Pierre Avia,,Paris,N/A,75508,France,EMEA,Da Cunha,Daniel,Small
10145,30,49.67,10,1490.1,2003-08-25,Shipped,3,8,2003,Motorcycles,60,S18_2625,Toys4GrownUps.com,6265557265,78934 Hillside Dr.,,Pasadena,CA,90003,USA,,Young,Julie,Small
10159,42,51.48,18,2162.16,2003-10-10,Shipped,4,10,2003,Motorcycles,60,S18_2625,Corporate Gift Ideas Co.,6505551386,7734 Strong St.,,San Francisco,CA,UNKNOWN,USA,,Brown,Julie,Small
10168,46,60.0,5,2760.0,2003-10-28,Shipped,4,10,2003,Motorcycles,60,S18_2625,Technics Stores Inc.,6505556809,9408 Furth Circle,,Burlingame,CA,94217,USA,,Hirano,Juri,Small
10180,25,60.0,13,1500.0,2003-11-11,Shipped,4,11,2003,Motorcycles,60,S18_2625,Daedalus Designs Imports,20.16.1555,"184, chausse de Tournai",,Lille,N/A,59000,France,EMEA,Rance,Martine,Small
10188,32,60.0,5,1920.0,2003-11-18,Shipped,4,11,2003,Motorcycles,60,S18_2625,Herkku Gifts,+47 2267 3215,"Drammen 121, PR 744 Sentrum",,Bergen,N/A,N 5804,Norway,EMEA,Oeztan,Veysel,Small
10201,30,60.0,6,1800.0,2003-12-01,Shipped,4,12,2003,Motorcycles,60,S18_2625,Mini Wheels Co.,6505555787,5557 North Pendale Street,,San Francisco,CA,UNKNOWN,USA,,Murphy,Julie,Small
10210,40,49.67,3,1986.8,2004-01-12,Shipped,1,1,2004,Motorcycles,60,S18_2625,Osaka Souveniers Co.,+81 06 6342 5555,"Dojima Avanza 4F, 1-6-20 Dojima, Kita-ku",,Osaka,Osaka,530-0003,Japan,Japan,Kentary,Mory,Small
10223,28,60.0,5,1680.0,2004-02-20,Shipped,1,2,2004,Motorcycles,60,S18_2625,"Australian Collectors, Co.",03 9520 4555,636 St Kilda Road,Level 3,Melbourne,Victoria,3004,Australia,APAC,Ferguson,Peter,Small
10236,23,55.72,2,1281.56,2004-04-03,Shipped,2,4,2004,Motorcycles,60,S18_2625,Motor Mint Distributors Inc.,2155559857,11328 Douglas Av.,,Philadelphia,PA,71270,USA,,Hernandez,Rosa,Small
10251,29,60.0,6,1740.0,2004-05-18,Shipped,2,5,2004,Motorcycles,60,S18_2625,Tekni Collectables Inc.,2015559350,7476 Moss Rd.,,Newark,NJ,94019,USA,,Brown,William,Small
10263,34,58.75,6,1997.5,2004-06-28,Shipped,2,6,2004,Motorcycles,60,S18_2625,Gift Depot Inc.,2035552570,25593 South Bay Ln.,,Bridgewater,CT,97562,USA,,King,Julie,Small
10275,37,60.0,5,2220.0,2004-07-23,Shipped,3,7,2004,Motorcycles,60,S18_2625,La Rochelle Gifts,40.67.8555,"67, rue des Cinquante Otages",,Nantes,N/A,44000,France,EMEA,Labrune,Janine,Small
10285,20,49.06,10,981.2,2004-08-27,Shipped,3,8,2004,Motorcycles,60,S18_2625,Marta's Replicas Co.,6175558555,39323 Spinnaker Dr.,,Cambridge,MA,51247,USA,,Hernandez,Marta,Small
10298,32,48.46,2,1550.72,2004-09-27,Shipped,3,9,2004,Motorcycles,60,S18_2625,Atelier graphique,40.32.2555,"54, rue Royale",,Nantes,N/A,44000,France,EMEA,Schmitt,Carine,Small
10308,34,52.09,3,1771.06,2004-10-15,Shipped,4,10,2004,Motorcycles,60,S18_2625,Mini Classics,9145554562,3758 North Pendale Street,,White Plains,NY,24067,USA,,Frick,Steve,Small
10318,42,52.7,5,2213.4,2004-11-02,Shipped,4,11,2004,Motorcycles,60,S18_2625,Diecast Classics Inc.,2155551555,7586 Pompton St.,,Allentown,PA,70267,USA,,Yu,Kyung,Small
10329,38,60.0,12,2280.0,2004-11-15,Shipped,4,11,2004,Motorcycles,60,S18_2625,Land of Toys Inc.,2125557818,897 Long Airport Avenue,,NYC,NY,10022,USA,,Yu,Kwai,Small
10339,30,60.0,1,1800.0,2004-11-23,Shipped,4,11,2004,Motorcycles,60,S18_2625,"Tokyo Collectables, Ltd",+81 3 3584 0555,2-2-8 Roppongi,,Minato-ku,Tokyo,106-0032,Japan,Japan,Shimamura,Akiko,Small
10362,23,49.67,3,1142.41,2005-01-05,Shipped,1,1,2005,Motorcycles,60,S18_2625,Technics Stores Inc.,6505556809,9408 Furth Circle,,Burlingame,CA,94217,USA,,Hirano,Juri,Small
10374,22,53.3,4,1172.6,2005-02-02,Shipped,1,2,2005,Motorcycles,60,S18_2625,"Australian Gift Network, Co",61-7-3844-6555,31 Duncan St. West End,,South Brisbane,Queensland,4101,Australia,APAC,Calaghan,Tony,Small
10389,39,60.0,5,2340.0,2005-03-03,Shipped,1,3,2005,Motorcycles,60,S18_2625,Scandinavian Gift Ideas,0695-34 6555,?kergatan 24,,Boras,N/A,S-844 67,Sweden,EMEA,Larsson,Maria,Small
10402,55,55.72,2,3064.6,2005-04-07,Shipped,2,4,2005,Motorcycles,60,S18_2625,Auto Canal Petit,(1) 47.55.6555,"25, rue Lauriston",,Paris,N/A,75016,France,EMEA,Perrier,Dominique,Medium
10417,36,60.0,6,2160.0,2005-05-13,Disputed,2,5,2005,Motorcycles,60,S18_2625,Euro Shopping Channel,(91) 555 94 44,"C/ Moralzarzal, 86",,Madrid,N/A,28034,Spain,EMEA,Freyre,Diego,Small
10101,26,100.0,1,2600.0,2003-01-09,Shipped,1,1,2003,Vintage Cars,168,S18_2795,"Blauer See Auto, Co.",+49 69 66 90 2555,Lyonerstr. 34,,Frankfurt,N/A,60528,Germany,EMEA,Keitel,Roland,Small
10110,31,100.0,1,3100.0,2003-03-18,Shipped,1,3,2003,Vintage Cars,168,S18_2795,"AV Stores, Co.",(171) 555-1555,Fauntleroy Circus,,Manchester,N/A,EC2 5NT,UK,EMEA,Ashworth,Victoria,Medium
10125,34,100.0,2,3400.0,2003-05-21,Shipped,2,5,2003,Vintage Cars,168,S18_2795,"Australian Collectors, Co.",03 9520 4555,636 St Kilda Road,Level 3,Melbourne,Victoria,3004,Australia,APAC,Ferguson,Peter,Medium
10139,41,100.0,8,4100.0,2003-07-16,Shipped,3,7,2003,Vintage Cars,168,S18_2795,Souveniers And Things Co.,+61 2 9495 8555,"Monitor Money Building, 815 Pacific Hwy",Level 6,Chatswood,NSW,2067,Australia,APAC,Huxley,Adrian,Medium
10149,23,100.0,5,2300.0,2003-09-12,Shipped,3,9,2003,Vintage Cars,168,S18_2795,Signal Collectibles Ltd.,4155554312,2793 Furth Circle,,Brisbane,CA,94217,USA,,Taylor,Sue,Small
10162,48,100.0,3,4800.0,2003-10-18,Shipped,4,10,2003,Vintage Cars,168,S18_2795,Corporate Gift Ideas Co.,6505551386,7734 Strong St.,,San Francisco,CA,UNKNOWN,USA,,Brown,Julie,Medium
10173,22,100.0,7,2200.0,2003-11-05,Shipped,4,11,2003,Vintage Cars,168,S18_2795,Rovelli Gifts,035-640555,Via Ludovico il Moro 22,,Bergamo,N/A,24100,Italy,EMEA,Rovelli,Giovanni,Small
10182,21,100.0,4,2100.0,2003-11-12,Shipped,4,11,2003,Vintage Cars,168,S18_2795,Mini Gifts Distributors Ltd.,4155551450,5677 Strong St.,,San Rafael,CA,97562,USA,,Nelson,Valarie,Small
10193,22,100.0,8,2200.0,2003-11-21,Shipped,4,11,2003,Vintage Cars,168,S18_2795,"Australian Collectables, Ltd",61-9-3844-6555,7 Allen Street,,Glen Waverly,Victoria,3150,Australia,APAC,Connery,Sean,Small
10205,40,100.0,3,4000.0,2003-12-03,Shipped,4,12,2003,Vintage Cars,168,S18_2795,Euro Shopping Channel,(91) 555 94 44,"C/ Moralzarzal, 86",,Madrid,N/A,28034,Spain,EMEA,Freyre,Diego,Medium
10214,50,100.0,1,5000.0,2004-01-26,Shipped,1,1,2004,Vintage Cars,168,S18_2795,"Corrida Auto Replicas, Ltd",(91) 555 22 82,"C/ Araquil, 67",,Madrid,N/A,28023,Spain,EMEA,Sommer,Mart¡n,Medium
10227,29,100.0,4,2900.0,2004-03-02,Shipped,1,3,2004,Vintage Cars,168,S18_2795,"Saveley & Henriot, Co.",78.32.5555,"2, rue du Commerce",,Lyon,N/A,69004,France,EMEA,Saveley,Mary,Small
10244,43,100.0,8,4300.0,2004-04-29,Shipped,2,4,2004,Vintage Cars,168,S18_2795,Euro Shopping Channel,(91) 555 94 44,"C/ Moralzarzal, 86",,Madrid,N/A,28034,Spain,EMEA,Freyre,Diego,Medium
10255,24,100.0,1,2400.0,2004-06-04,Shipped,2,6,2004,Vintage Cars,168,S18_2795,Mini Caravy,88.60.1555,"24, place Kluber",,Strasbourg,N/A,67000,France,EMEA,Citeaux,Frederique,Small
10280,22,100.0,10,2200.0,2004-08-17,Shipped,3,8,2004,Vintage Cars,168,S18_2795,Amica Models & Co.,011-4988555,Via Monte Bianco 34,,Torino,N/A,10100,Italy,EMEA,Accorti,Paolo,Small
10289,43,100.0,3,4300.0,2004-09-03,Shipped,3,9,2004,Vintage Cars,168,S18_2795,Herkku Gifts,+47 2267 3215,"Drammen 121, PR 744 Sentrum",,Bergen,N/A,N 5804,Norway,EMEA,Oeztan,Veysel,Medium
10304,20,100.0,14,2000.0,2004-10-11,Shipped,4,10,2004,Vintage Cars,168,S18_2795,Auto Assoc. & Cie.,30.59.8555,"67, avenue de l'Europe",,Versailles,N/A,78000,France,EMEA,Tonini,Daniel,Small
10312,25,100.0,11,2500.0,2004-10-21,Shipped,4,10,2004,Vintage Cars,168,S18_2795,Mini Gifts Distributors Ltd.,4155551450,5677 Strong St.,,San Rafael,CA,97562,USA,,Nelson,Valarie,Small
10322,36,100.0,2,3600.0,2004-11-04,Shipped,4,11,2004,Vintage Cars,168,S18_2795,Online Diecast Creations Co.,6035558647,2304 Long Airport Avenue,,Nashua,NH,62005,USA,,Young,Valarie,Medium
10332,24,52.67,1,1264.08,2004-11-17,Shipped,4,11,2004,Vintage Cars,168,S18_2795,"AV Stores, Co.",(171) 555-1555,Fauntleroy Circus,,Manchester,N/A,EC2 5NT,UK,EMEA,Ashworth,Victoria,Small
10347,21,100.0,6,2100.0,2004-11-29,Shipped,4,11,2004,Vintage Cars,168,S18_2795,"Australian Collectors, Co.",03 9520 4555,636 St Kilda Road,Level 3,Melbourne,Victoria,3004,Australia,APAC,Ferguson,Peter,Small
10356,30,100.0,1,3000.0,2004-12-09,Shipped,4,12,2004,Vintage Cars,168,S18_2795,Lyon Souveniers,+33 1 46 62 7555,27 rue du Colonel Pierre Avia,,Paris,N/A,75508,France,EMEA,Da Cunha,Daniel,Medium
10367,32,94.79,7,3033.28,2005-01-12,Resolved,1,1,2005,Vintage Cars,168,S18_2795,Toys4GrownUps.com,6265557265,78934 Hillside Dr.,,Pasadena,CA,90003,USA,,Young,Julie,Medium
10380,21,47.18,8,990.78,2005-02-16,Shipped,1,2,2005,Vintage Cars,168,S18_2795,Euro Shopping Channel,(91) 555 94 44,"C/ Moralzarzal, 86",,Madrid,N/A,28034,Spain,EMEA,Freyre,Diego,Small
10390,26,78.11,7,2030.86,2005-03-04,Shipped,1,3,2005,Vintage Cars,168,S18_2795,Mini Gifts Distributors Ltd.,4155551450,5677 Strong St.,,San Rafael,CA,97562,USA,,Nelson,Valarie,Small
10421,35,100.0,1,3500.0,2005-05-29,In Process,2,5,2005,Vintage Cars,168,S18_2795,Mini Gifts Distributors Ltd.,4155551450,5677 Strong St.,,San Rafael,CA,97562,USA,,Nelson,Valarie,Medium
10109,26,100.0,1,2600.0,2003-03-10,Shipped,1,3,2003,Classic Cars,132,S18_2870,Motor Mint Distributors Inc.,2155559857,11328 Douglas Av.,,Philadelphia,PA,71270,USA,,Hernandez,Rosa,Small
10123,46,100.0,3,4600.0,2003-05-20,Shipped,2,5,2003,Classic Cars,132,S18_2870,Atelier graphique,40.32.2555,"54, rue Royale",,Nantes,N/A,44000,France,EMEA,Schmitt,Carine,Medium
10137,37,100.0,3,3700.0,2003-07-10,Shipped,3,7,2003,Classic Cars,132,S18_2870,Reims Collectables,26.47.1555,59 rue de l'Abbaye,,Reims,N/A,51100,France,EMEA,Henriot,Paul,Medium
10148,27,100.0,10,2700.0,2003-09-11,Shipped,3,9,2003,Classic Cars,132,S18_2870,"Anna's Decorations, Ltd",02 9936 8555,201 Miller Street,Level 15,North Sydney,NSW,2060,Australia,APAC,O'Hara,Anna,Small
10161,23,100.0,9,2300.0,2003-10-17,Shipped,4,10,2003,Classic Cars,132,S18_2870,Heintze Collectables,86 21 3555,Smagsloget 45,,Aaarhus,N/A,8200,Denmark,EMEA,Ibsen,Palle,Small
10172,39,100.0,7,3900.0,2003-11-05,Shipped,4,11,2003,Classic Cars,132,S18_2870,Gift Depot Inc.,2035552570,25593 South Bay Ln.,,Bridgewater,CT,97562,USA,,King,Julie,Medium
10181,27,100.0,3,2700.0,2003-11-12,Shipped,4,11,2003,Classic Cars,132,S18_2870,Herkku Gifts,+47 2267 3215,"Drammen 121, PR 744 Sentrum",,Bergen,N/A,N 5804,Norway,EMEA,Oeztan,Veysel,Small
10192,38,100.0,8,3800.0,2003-11-20,Shipped,4,11,2003,Classic Cars,132,S18_2870,Online Diecast Creations Co.,6035558647,2304 Long Airport Avenue,,Nashua,NH,62005,USA,,Young,Valarie,Medium
10204,27,100.0,14,2700.0,2003-12-02,Shipped,4,12,2003,Classic Cars,132,S18_2870,Muscle Machine Inc,2125557413,4092 Furth Circle,Suite 400,NYC,NY,10022,USA,,Young,Jeff,Small
10212,40,100.0,7,4000.0,2004-01-16,Shipped,1,1,2004,Classic Cars,132,S18_2870,Euro Shopping Channel,(91) 555 94 44,"C/ Moralzarzal, 86",,Madrid,N/A,28034,Spain,EMEA,Freyre,Diego,Medium
10226,24,100.0,5,2400.0,2004-02-26,Shipped,1,2,2004,Classic Cars,132,S18_2870,Collectable Mini Designs Co.,7605558146,361 Furth Circle,,San Diego,CA,91217,USA,,Thompson,Valarie,Small
10241,44,100.0,12,4400.0,2004-04-13,Shipped,2,4,2004,Classic Cars,132,S18_2870,Mini Caravy,88.60.1555,"24, place Kluber",,Strasbourg,N/A,67000,France,EMEA,Citeaux,Frederique,Medium
10253,37,100.0,2,3700.0,2004-06-01,Cancelled,2,6,2004,Classic Cars,132,S18_2870,"UK Collectables, Ltd.",(171) 555-2282,Berkeley Gardens 12  Brewery,,Liverpool,N/A,WX1 6LT,UK,EMEA,Devon,Elizabeth,Medium
10266,20,100.0,3,2000.0,2004-07-06,Shipped,3,7,2004,Classic Cars,132,S18_2870,L'ordine Souveniers,0522-556555,Strada Provinciale 124,,Reggio Emilia,N/A,42100,Italy,EMEA,Moroni,Maurizio,Small
10278,39,100.0,3,3900.0,2004-08-06,Shipped,3,8,2004,Classic Cars,132,S18_2870,Signal Gift Stores,7025551838,8489 Strong St.,,Las Vegas,NV,83030,USA,,King,Sue,Medium
10287,44,100.0,1,4400.0,2004-08-30,Shipped,3,8,2004,Classic Cars,132,S18_2870,"Vida Sport, Ltd",0897-034555,Grenzacherweg 237,,Gensve,N/A,1203,Switzerland,EMEA,Holz,Michael,Medium
10301,22,100.0,5,2200.0,2003-10-05,Shipped,4,10,2003,Classic Cars,132,S18_2870,"Norway Gifts By Mail, Co.",+47 2212 1555,"Drammensveien 126 A, PB 744 Sentrum",,Oslo,N/A,N 0106,Norway,EMEA,Klaeboe,Jan,Small
10311,43,100.0,10,4300.0,2004-10-16,Shipped,4,10,2004,Classic Cars,132,S18_2870,Euro Shopping Channel,(91) 555 94 44,"C/ Moralzarzal, 86",,Madrid,N/A,28034,Spain,EMEA,Freyre,Diego,Medium
10321,27,100.0,7,2700.0,2004-11-04,Shipped,4,11,2004,Classic Cars,132,S18_2870,FunGiftIdeas.com,5085552555,1785 First Street,,New Bedford,MA,50553,USA,,Benitez,Violeta,Small
10331,26,64.9,10,1687.4,2004-11-17,Shipped,4,11,2004,Classic Cars,132,S18_2870,Motor Mint Distributors Inc.,2155559857,11328 Douglas Av.,,Philadelphia,PA,71270,USA,,Hernandez,Rosa,Small
10343,25,52.32,3,1308.0,2004-11-24,Shipped,4,11,2004,Classic Cars,132,S18_2870,Reims Collectables,26.47.1555,59 rue de l'Abbaye,,Reims,N/A,51100,France,EMEA,Henriot,Paul,Small
10366,49,100.0,2,4900.0,2005-01-10,Shipped,1,1,2005,Classic Cars,132,S18_2870,Royale Belge,(071) 23 67 2555,"Boulevard Tirou, 255",,Charleroi,N/A,B-6000,Belgium,EMEA,Cartrain,Pascale,Medium
10379,29,100.0,5,2900.0,2005-02-10,Shipped,1,2,2005,Classic Cars,132,S18_2870,Euro Shopping Channel,(91) 555 94 44,"C/ Moralzarzal, 86",,Madrid,N/A,28034,Spain,EMEA,Freyre,Diego,Small
10407,41,100.0,12,4100.0,2005-04-22,On Hold,2,4,2005,Classic Cars,132,S18_2870,The Sharp Gifts Warehouse,4085553659,3086 Ingle Ln.,,San Jose,CA,94217,USA,,Frick,Sue,Medium
10419,55,100.0,2,5500.0,2005-05-17,Shipped,2,5,2005,Classic Cars,132,S18_2870,Salzburg Collectables,6562-9555,Geislweg 14,,Salzburg,N/A,5020,Austria,EMEA,Pipps,Georg,Medium
10103,27,83.07,12,2242.89,2003-01-29,Shipped,1,1,2003,Vintage Cars,101,S18_2949,Baane Mini Imports,07-98 9555,Erling Skakkes gate 78,,Stavern,N/A,4110,Norway,EMEA,Bergulfsen,Jonas,Small
10112,23,100.0,2,2300.0,2003-03-24,Shipped,1,3,2003,Vintage Cars,101,S18_2949,"Volvo Model Replicas, Co",0921-12 3555,Berguvsvgen  8,,Lule,N/A,S-958 22,Sweden,EMEA,Berglund,Christina,Small
10126,31,90.17,12,2795.27,2003-05-28,Shipped,2,5,2003,Vintage Cars,101,S18_2949,"Corrida Auto Replicas, Ltd",(91) 555 22 82,"C/ Araquil, 67",,Madrid,N/A,28023,Spain,EMEA,Sommer,Mart¡n,Small
10139,46,100.0,1,4600.0,2003-07-16,Shipped,3,7,2003,Vintage Cars,101,S18_2949,Souveniers And Things Co.,+61 2 9495 8555,"Monitor Money Building, 815 Pacific Hwy",Level 6,Chatswood,NSW,2067,Australia,APAC,Huxley,Adrian,Medium
10150,47,91.18,9,4285.46,2003-09-19,Shipped,3,9,2003,Vintage Cars,101,S18_2949,"Dragon Souveniers, Ltd.",+65 221 7555,"Bronz Sok., Bronz Apt. 3/6 Tesvikiye",,Singapore,N/A,79903,Singapore,Japan,Natividad,Eric,Medium
10163,31,100.0,2,3100.0,2003-10-20,Shipped,4,10,2003,Vintage Cars,101,S18_2949,Classic Legends Inc.,2125558493,5905 Pompton St.,Suite 750,NYC,NY,10022,USA,,Hernandez,Maria,Medium
10174,46,100.0,5,4600.0,2003-11-06,Shipped,4,11,2003,Vintage Cars,101,S18_2949,"Australian Gift Network, Co",61-7-3844-6555,31 Duncan St. West End,,South Brisbane,Queensland,4101,Australia,APAC,Calaghan,Tony,Medium
10183,37,89.15,9,3298.55,2003-11-13,Shipped,4,11,2003,Vintage Cars,101,S18_2949,"Classic Gift Ideas, Inc",2155554695,782 First Street,,Philadelphia,PA,71270,USA,,Cervantes,Francisca,Medium
10193,28,93.21,1,2609.88,2003-11-21,Shipped,4,11,2003,Vintage Cars,101,S18_2949,"Australian Collectables, Ltd",61-9-3844-6555,7 Allen Street,,Glen Waverly,Victoria,3150,Australia,APAC,Connery,Sean,Small
10206,37,90.17,7,3336.29,2003-12-05,Shipped,4,12,2003,Vintage Cars,101,S18_2949,Canadian Gift Exchange Network,(604) 555-3392,1900 Oak St.,,Vancouver,BC,V3F 2K1,Canada,,Tannamuri,Yoshi,Medium
10215,49,100.0,4,4900.0,2004-01-29,Shipped,1,1,2004,Vintage Cars,101,S18_2949,West Coast Collectables Co.,3105553722,3675 Furth Circle,,Burbank,CA,94019,USA,,Thompson,Steve,Medium
10228,24,100.0,3,2400.0,2004-03-10,Shipped,1,3,2004,Vintage Cars,101,S18_2949,Cambridge Collectables Co.,6175555555,4658 Baden Av.,,Cambridge,MA,51247,USA,,Tseng,Kyung,Small
10244,30,100.0,1,3000.0,2004-04-29,Shipped,2,4,2004,Vintage Cars,101,S18_2949,Euro Shopping Channel,(91) 555 94 44,"C/ Moralzarzal, 86",,Madrid,N/A,28034,Spain,EMEA,Freyre,Diego,Medium
10257,50,88.14,1,4407.0,2004-06-14,Shipped,2,6,2004,Vintage Cars,101,S18_2949,The Sharp Gifts Warehouse,4085553659,3086 Ingle Ln.,,San Jose,CA,94217,USA,,Frick,Sue,Medium
10270,31,96.24,10,2983.44,2004-07-19,Shipped,3,7,2004,Vintage Cars,101,S18_2949,Souveniers And Things Co.,+61 2 9495 8555,"Monitor Money Building, 815 Pacific Hwy",Level 6,Chatswood,NSW,2067,Australia,APAC,Huxley,Adrian,Small
10280,46,100.0,3,4600.0,2004-08-17,Shipped,3,8,2004,Vintage Cars,101,S18_2949,Amica Models & Co.,011-4988555,Via Monte Bianco 34,,Torino,N/A,10100,Italy,EMEA,Accorti,Paolo,Medium
10291,47,100.0,12,4700.0,2004-09-08,Shipped,3,9,2004,Vintage Cars,101,S18_2949,Scandinavian Gift Ideas,0695-34 6555,?kergatan 24,,Boras,N/A,S-844 67,Sweden,EMEA,Larsson,Maria,Medium
10304,46,100.0,7,4600.0,2004-10-11,Shipped,4,10,2004,Vintage Cars,101,S18_2949,Auto Assoc. & Cie.,30.59.8555,"67, avenue de l'Europe",,Versailles,N/A,78000,France,EMEA,Tonini,Daniel,Medium
10312,37,100.0,4,3700.0,2004-10-21,Shipped,4,10,2004,Vintage Cars,101,S18_2949,Mini Gifts Distributors Ltd.,4155551450,5677 Strong St.,,San Rafael,CA,97562,USA,,Nelson,Valarie,Medium
10322,33,100.0,12,3300.0,2004-11-04,Shipped,4,11,2004,Vintage Cars,101,S18_2949,Online Diecast Creations Co.,6035558647,2304 Long Airport Avenue,,Nashua,NH,62005,USA,,Young,Valarie,Medium
10333,31,90.17,5,2795.27,2004-11-18,Shipped,4,11,2004,Vintage Cars,101,S18_2949,Mini Wheels Co.,6505555787,5557 North Pendale Street,,San Francisco,CA,UNKNOWN,USA,,Murphy,Julie,Small
10347,48,100.0,9,4800.0,2004-11-29,Shipped,4,11,2004,Vintage Cars,101,S18_2949,"Australian Collectors, Co.",03 9520 4555,636 St Kilda Road,Level 3,Melbourne,Victoria,3004,Australia,APAC,Ferguson,Peter,Medium
10357,41,87.13,6,3572.33,2004-12-10,Shipped,4,12,2004,Vintage Cars,101,S18_2949,Mini Gifts Distributors Ltd.,4155551450,5677 Strong St.,,San Rafael,CA,97562,USA,,Nelson,Valarie,Medium
10369,42,100.0,1,4200.0,2005-01-20,Shipped,1,1,2005,Vintage Cars,101,S18_2949,Collectables For Less Inc.,6175558555,7825 Douglas Av.,,Brickhaven,MA,58339,USA,,Nelson,Allen,Medium
10381,41,100.0,8,4100.0,2005-02-17,Shipped,1,2,2005,Vintage Cars,101,S18_2949,Corporate Gift Ideas Co.,6505551386,7734 Strong St.,,San Francisco,CA,UNKNOWN,USA,,Brown,Julie,Medium
10391,32,45.25,6,1448.0,2005-03-09,Shipped,1,3,2005,Vintage Cars,101,S18_2949,"Anna's Decorations, Ltd",02 9936 8555,201 Miller Street,Level 15,North Sydney,NSW,2060,Australia,APAC,O'Hara,Anna,Small
10423,10,88.14,1,881.4,2005-05-30,In Process,2,5,2005,Vintage Cars,101,S18_2949,Petit Auto,(02) 5554 67,Rue Joseph-Bens 532,,Bruxelles,N/A,B-1180,Belgium,EMEA,Dewey,Catherine,Small
10103,35,57.46,14,2011.1,2003-01-29,Shipped,1,1,2003,Vintage Cars,62,S18_2957,Baane Mini Imports,07-98 9555,Erling Skakkes gate 78,,Stavern,N/A,4110,Norway,EMEA,Bergulfsen,Jonas,Small
10111,28,62.0,2,1736.0,2003-03-25,Shipped,1,3,2003,Vintage Cars,62,S18_2957,Mini Wheels Co.,6505555787,5557 North Pendale Street,,San Francisco,CA,UNKNOWN,USA,,Murphy,Julie,Small
10126,46,62.0,14,2852.0,2003-05-28,Shipped,2,5,2003,Vintage Cars,62,S18_2957,"Corrida Auto Replicas, Ltd",(91) 555 22 82,"C/ Araquil, 67",,Madrid,N/A,28023,Spain,EMEA,Sommer,Mart¡n,Small
10139,20,62.0,3,1240.0,2003-07-16,Shipped,3,7,2003,Vintage Cars,62,S18_2957,Souveniers And Things Co.,+61 2 9495 8555,"Monitor Money Building, 815 Pacific Hwy",Level 6,Chatswood,NSW,2067,Australia,APAC,Huxley,Adrian,Small
10150,30,49.97,11,1499.1,2003-09-19,Shipped,3,9,2003,Vintage Cars,62,S18_2957,"Dragon Souveniers, Ltd.",+65 221 7555,"Bronz Sok., Bronz Apt. 3/6 Tesvikiye",,Singapore,N/A,79903,Singapore,Japan,Natividad,Eric,Small
10163,48,62.0,4,2976.0,2003-10-20,Shipped,4,10,2003,Vintage Cars,62,S18_2957,Classic Legends Inc.,2125558493,5905 Pompton St.,Suite 750,NYC,NY,10022,USA,,Hernandez,Maria,Small
10173,28,53.72,2,1504.16,2003-11-05,Shipped,4,11,2003,Vintage Cars,62,S18_2957,Rovelli Gifts,035-640555,Via Ludovico il Moro 22,,Bergamo,N/A,24100,Italy,EMEA,Rovelli,Giovanni,Small
10183,39,62.0,11,2418.0,2003-11-13,Shipped,4,11,2003,Vintage Cars,62,S18_2957,"Classic Gift Ideas, Inc",2155554695,782 First Street,,Philadelphia,PA,71270,USA,,Cervantes,Francisca,Small
10193,24,51.84,3,1244.16,2003-11-21,Shipped,4,11,2003,Vintage Cars,62,S18_2957,"Australian Collectables, Ltd",61-9-3844-6555,7 Allen Street,,Glen Waverly,Victoria,3150,Australia,APAC,Connery,Sean,Small
10206,28,62.0,9,1736.0,2003-12-05,Shipped,4,12,2003,Vintage Cars,62,S18_2957,Canadian Gift Exchange Network,(604) 555-3392,1900 Oak St.,,Vancouver,BC,V3F 2K1,Canada,,Tannamuri,Yoshi,Small
10215,31,58.71,6,1820.01,2004-01-29,Shipped,1,1,2004,Vintage Cars,62,S18_2957,West Coast Collectables Co.,3105553722,3675 Furth Circle,,Burbank,CA,94019,USA,,Thompson,Steve,Small
10228,45,62.0,5,2790.0,2004-03-10,Shipped,1,3,2004,Vintage Cars,62,S18_2957,Cambridge Collectables Co.,6175555555,4658 Baden Av.,,Cambridge,MA,51247,USA,,Tseng,Kyung,Small
10244,24,58.09,3,1394.16,2004-04-29,Shipped,2,4,2004,Vintage Cars,62,S18_2957,Euro Shopping Channel,(91) 555 94 44,"C/ Moralzarzal, 86",,Madrid,N/A,28034,Spain,EMEA,Freyre,Diego,Small
10257,49,53.72,3,2632.28,2004-06-14,Shipped,2,6,2004,Vintage Cars,62,S18_2957,The Sharp Gifts Warehouse,4085553659,3086 Ingle Ln.,,San Jose,CA,94217,USA,,Frick,Sue,Small
10269,32,62.0,1,1984.0,2004-07-16,Shipped,3,7,2004,Vintage Cars,62,S18_2957,Salzburg Collectables,6562-9555,Geislweg 14,,Salzburg,N/A,5020,Austria,EMEA,Pipps,Georg,Small
10280,43,62.0,5,2666.0,2004-08-17,Shipped,3,8,2004,Vintage Cars,62,S18_2957,Amica Models & Co.,011-4988555,Via Monte Bianco 34,,Torino,N/A,10100,Italy,EMEA,Accorti,Paolo,Small
10291,37,50.59,14,1871.83,2004-09-08,Shipped,3,9,2004,Vintage Cars,62,S18_2957,Scandinavian Gift Ideas,0695-34 6555,?kergatan 24,,Boras,N/A,S-844 67,Sweden,EMEA,Larsson,Maria,Small
10304,24,62.0,9,1488.0,2004-10-11,Shipped,4,10,2004,Vintage Cars,62,S18_2957,Auto Assoc. & Cie.,30.59.8555,"67, avenue de l'Europe",,Versailles,N/A,78000,France,EMEA,Tonini,Daniel,Small
10312,35,53.72,6,1880.2,2004-10-21,Shipped,4,10,2004,Vintage Cars,62,S18_2957,Mini Gifts Distributors Ltd.,4155551450,5677 Strong St.,,San Rafael,CA,97562,USA,,Nelson,Valarie,Small
10322,41,29.87,13,1224.67,2004-11-04,Shipped,4,11,2004,Vintage Cars,62,S18_2957,Online Diecast Creations Co.,6035558647,2304 Long Airport Avenue,,Nashua,NH,62005,USA,,Young,Valarie,Small
10332,26,62.0,17,1612.0,2004-11-17,Shipped,4,11,2004,Vintage Cars,62,S18_2957,"AV Stores, Co.",(171) 555-1555,Fauntleroy Circus,,Manchester,N/A,EC2 5NT,UK,EMEA,Ashworth,Victoria,Small
10347,34,62.0,10,2108.0,2004-11-29,Shipped,4,11,2004,Vintage Cars,62,S18_2957,"Australian Collectors, Co.",03 9520 4555,636 St Kilda Road,Level 3,Melbourne,Victoria,3004,Australia,APAC,Ferguson,Peter,Small
10357,49,62.0,5,3038.0,2004-12-10,Shipped,4,12,2004,Vintage Cars,62,S18_2957,Mini Gifts Distributors Ltd.,4155551450,5677 Strong St.,,San Rafael,CA,97562,USA,,Nelson,Valarie,Medium
10369,28,44.21,6,1237.88,2005-01-20,Shipped,1,1,2005,Vintage Cars,62,S18_2957,Collectables For Less Inc.,6175558555,7825 Douglas Av.,,Brickhaven,MA,58339,USA,,Nelson,Allen,Small
10381,40,62.0,4,2480.0,2005-02-17,Shipped,1,2,2005,Vintage Cars,62,S18_2957,Corporate Gift Ideas Co.,6505551386,7734 Strong St.,,San Francisco,CA,UNKNOWN,USA,,Brown,Julie,Small
10392,37,59.96,3,2218.52,2005-03-10,Shipped,1,3,2005,Vintage Cars,62,S18_2957,Mini Auto Werke,7675-3555,Kirchgasse 6,,Graz,N/A,8010,Austria,EMEA,Mendel,Roland,Small
10423,31,53.72,3,1665.32,2005-05-30,In Process,2,5,2005,Vintage Cars,62,S18_2957,Petit Auto,(02) 5554 67,Rue Joseph-Bens 532,,Bruxelles,N/A,B-1180,Belgium,EMEA,Dewey,Catherine,Small
10106,41,83.44,18,3421.04,2003-02-17,Shipped,1,2,2003,Ships,86,S18_3029,Rovelli Gifts,035-640555,Via Ludovico il Moro 22,,Bergamo,N/A,24100,Italy,EMEA,Rovelli,Giovanni,Medium
10119,21,86.0,9,1806.0,2003-04-28,Shipped,2,4,2003,Ships,86,S18_3029,Salzburg Collectables,6562-9555,Geislweg 14,,Salzburg,N/A,5020,Austria,EMEA,Pipps,Georg,Small
10130,40,86.0,2,3440.0,2003-06-16,Shipped,2,6,2003,Ships,86,S18_3029,Auto-Moto Classics Inc.,6175558428,16780 Pompton St.,,Brickhaven,MA,58339,USA,,Taylor,Leslie,Medium
10143,46,74.84,13,3442.64,2003-08-10,Shipped,3,8,2003,Ships,86,S18_3029,Mini Creations Ltd.,5085559555,4575 Hillside Dr.,,New Bedford,MA,50553,USA,,Tam,Wing C,Medium
10155,44,79.14,11,3482.16,2003-10-06,Shipped,4,10,2003,Ships,86,S18_3029,"Toys of Finland, Co.",90-224 8555,Keskuskatu 45,,Helsinki,N/A,21240,Finland,EMEA,Karttunen,Matti,Medium
10167,46,73.12,7,3363.52,2003-10-23,Cancelled,4,10,2003,Ships,86,S18_3029,Scandinavian Gift Ideas,0695-34 6555,?kergatan 24,,Boras,N/A,S-844 67,Sweden,EMEA,Larsson,Maria,Medium
10178,41,81.72,10,3350.52,2003-11-08,Shipped,4,11,2003,Ships,86,S18_3029,Alpha Cognac,61.77.6555,1 rue Alsace-Lorraine,,Toulouse,N/A,31000,France,EMEA,Roulet,Annette,Medium
10186,32,86.0,7,2752.0,2003-11-14,Shipped,4,11,2003,Ships,86,S18_3029,"Double Decker Gift Stores, Ltd",(171) 555-7555,120 Hanover Sq.,,London,N/A,WA1 1DP,UK,EMEA,Hardy,Thomas,Small
10197,46,86.0,4,3956.0,2003-11-26,Shipped,4,11,2003,Ships,86,S18_3029,Enaco Distributors,(93) 203 4555,"Rambla de Catalu¤a, 23",,Barcelona,N/A,8022,Spain,EMEA,Saavedra,Eduardo,Medium
10209,28,86.0,6,2408.0,2004-01-09,Shipped,1,1,2004,Ships,86,S18_3029,"Men 'R' US Retailers, Ltd.",2155554369,6047 Douglas Av.,,Los Angeles,CA,UNKNOWN,USA,,Chandler,Michael,Small
10222,49,86.0,10,4214.0,2004-02-19,Shipped,1,2,2004,Ships,86,S18_3029,Collectable Mini Designs Co.,7605558146,361 Furth Circle,,San Diego,CA,91217,USA,,Thompson,Valarie,Medium
10248,21,73.98,1,1553.58,2004-05-07,Cancelled,2,5,2004,Ships,86,S18_3029,Land of Toys Inc.,2125557818,897 Long Airport Avenue,,NYC,NY,10022,USA,,Yu,Kwai,Small
10262,32,84.3,15,2697.6,2004-06-24,Cancelled,2,6,2004,Ships,86,S18_3029,Euro Shopping Channel,(91) 555 94 44,"C/ Moralzarzal, 86",,Madrid,N/A,28034,Spain,EMEA,Freyre,Diego,Small
10273,34,86.0,2,2924.0,2004-07-21,Shipped,3,7,2004,Ships,86,S18_3029,Petit Auto,(02) 5554 67,Rue Joseph-Bens 532,,Bruxelles,N/A,B-1180,Belgium,EMEA,Dewey,Catherine,Small
10283,21,86.0,4,1806.0,2004-08-20,Shipped,3,8,2004,Ships,86,S18_3029,"Royal Canadian Collectables, Ltd.",(604) 555-4555,23 Tsawassen Blvd.,,Tsawassen,BC,T2F 8M4,Canada,,Lincoln,Elizabeth,Small
10296,21,86.0,13,1806.0,2004-09-15,Shipped,3,9,2004,Ships,86,S18_3029,"Bavarian Collectables Imports, Co.",+49 89 61 08 9555,Hansastr. 15,,Munich,N/A,80686,Germany,EMEA,Donnermeyer,Michael,Small
10307,31,83.44,7,2586.64,2004-10-14,Shipped,4,10,2004,Ships,86,S18_3029,"Classic Gift Ideas, Inc",2155554695,782 First Street,,Philadelphia,PA,71270,USA,,Cervantes,Francisca,Small
10316,21,86.0,15,1806.0,2004-11-01,Shipped,4,11,2004,Ships,86,S18_3029,giftsbymail.co.uk,(198) 555-8888,Garden House Crowther Way,,Cowes,Isle of Wight,PO31 7PJ,UK,EMEA,Bennett,Helen,Small
10327,25,45.86,5,1146.5,2004-11-10,Resolved,4,11,2004,Ships,86,S18_3029,Danish Wholesale Imports,31 12 3555,Vinb'ltet 34,,Kobenhavn,N/A,1734,Denmark,EMEA,Petersen,Jytte,Small
10338,28,82.58,3,2312.24,2004-11-22,Shipped,4,11,2004,Ships,86,S18_3029,Royale Belge,(071) 23 67 2555,"Boulevard Tirou, 255",,Charleroi,N/A,B-6000,Belgium,EMEA,Cartrain,Pascale,Small
10350,43,64.97,6,2793.71,2004-12-02,Shipped,4,12,2004,Ships,86,S18_3029,Euro Shopping Channel,(91) 555 94 44,"C/ Moralzarzal, 86",,Madrid,N/A,28034,Spain,EMEA,Freyre,Diego,Small
10373,22,86.0,5,1892.0,2005-01-31,Shipped,1,1,2005,Ships,86,S18_3029,"Oulu Toy Supplies, Inc.",981-443655,Torikatu 38,,Oulu,N/A,90110,Finland,EMEA,Koskitalo,Pirkko,Small
10386,37,86.0,5,3182.0,2005-03-01,Resolved,1,3,2005,Ships,86,S18_3029,Euro Shopping Channel,(91) 555 94 44,"C/ Moralzarzal, 86",,Madrid,N/A,28034,Spain,EMEA,Freyre,Diego,Medium
10398,28,72.26,18,2023.28,2005-03-30,Shipped,1,3,2005,Ships,86,S18_3029,Reims Collectables,26.47.1555,59 rue de l'Abbaye,,Reims,N/A,51100,France,EMEA,Henriot,Paul,Small
10400,30,74.84,7,2245.2,2005-04-01,Shipped,2,4,2005,Ships,86,S18_3029,The Sharp Gifts Warehouse,4085553659,3086 Ingle Ln.,,San Jose,CA,94217,USA,,Frick,Sue,Small
10414,44,73.98,1,3255.12,2005-05-06,On Hold,2,5,2005,Ships,86,S18_3029,Gifts4AllAges.com,6175559555,8616 Spinnaker Dr.,,Boston,MA,51003,USA,,Yoshido,Juri,Medium
10103,25,100.0,13,2500.0,2003-01-29,Shipped,1,1,2003,Vintage Cars,104,S18_3136,Baane Mini Imports,07-98 9555,Erling Skakkes gate 78,,Stavern,N/A,4110,Norway,EMEA,Bergulfsen,Jonas,Small
10111,43,100.0,1,4300.0,2003-03-25,Shipped,1,3,2003,Vintage Cars,104,S18_3136,Mini Wheels Co.,6505555787,5557 North Pendale Street,,San Francisco,CA,UNKNOWN,USA,,Murphy,Julie,Medium
10126,30,97.39,13,2921.7,2003-05-28,Shipped,2,5,2003,Vintage Cars,104,S18_3136,"Corrida Auto Replicas, Ltd",(91) 555 22 82,"C/ Araquil, 67",,Madrid,N/A,28023,Spain,EMEA,Sommer,Mart¡n,Small
10139,20,90.06,2,1801.2,2003-07-16,Shipped,3,7,2003,Vintage Cars,104,S18_3136,Souveniers And Things Co.,+61 2 9495 8555,"Monitor Money Building, 815 Pacific Hwy",Level 6,Chatswood,NSW,2067,Australia,APAC,Huxley,Adrian,Small
10150,26,100.0,10,2600.0,2003-09-19,Shipped,3,9,2003,Vintage Cars,104,S18_3136,"Dragon Souveniers, Ltd.",+65 221 7555,"Bronz Sok., Bronz Apt. 3/6 Tesvikiye",,Singapore,N/A,79903,Singapore,Japan,Natividad,Eric,Small
10163,40,100.0,3,4000.0,2003-10-20,Shipped,4,10,2003,Vintage Cars,104,S18_3136,Classic Legends Inc.,2125558493,5905 Pompton St.,Suite 750,NYC,NY,10022,USA,,Hernandez,Maria,Medium
10173,31,89.01,1,2759.31,2003-11-05,Shipped,4,11,2003,Vintage Cars,104,S18_3136,Rovelli Gifts,035-640555,Via Ludovico il Moro 22,,Bergamo,N/A,24100,Italy,EMEA,Rovelli,Giovanni,Small
10183,22,100.0,10,2200.0,2003-11-13,Shipped,4,11,2003,Vintage Cars,104,S18_3136,"Classic Gift Ideas, Inc",2155554695,782 First Street,,Philadelphia,PA,71270,USA,,Cervantes,Francisca,Small
10193,23,100.0,2,2300.0,2003-11-21,Shipped,4,11,2003,Vintage Cars,104,S18_3136,"Australian Collectables, Ltd",61-9-3844-6555,7 Allen Street,,Glen Waverly,Victoria,3150,Australia,APAC,Connery,Sean,Small
10206,30,100.0,8,3000.0,2003-12-05,Shipped,4,12,2003,Vintage Cars,104,S18_3136,Canadian Gift Exchange Network,(604) 555-3392,1900 Oak St.,,Vancouver,BC,V3F 2K1,Canada,,Tannamuri,Yoshi,Medium
10215,49,100.0,5,4900.0,2004-01-29,Shipped,1,1,2004,Vintage Cars,104,S18_3136,West Coast Collectables Co.,3105553722,3675 Furth Circle,,Burbank,CA,94019,USA,,Thompson,Steve,Medium
10228,31,100.0,4,3100.0,2004-03-10,Shipped,1,3,2004,Vintage Cars,104,S18_3136,Cambridge Collectables Co.,6175555555,4658 Baden Av.,,Cambridge,MA,51247,USA,,Tseng,Kyung,Medium
10244,29,100.0,2,2900.0,2004-04-29,Shipped,2,4,2004,Vintage Cars,104,S18_3136,Euro Shopping Channel,(91) 555 94 44,"C/ Moralzarzal, 86",,Madrid,N/A,28034,Spain,EMEA,Freyre,Diego,Small
10257,37,84.82,2,3138.34,2004-06-14,Shipped,2,6,2004,Vintage Cars,104,S18_3136,The Sharp Gifts Warehouse,4085553659,3086 Ingle Ln.,,San Jose,CA,94217,USA,,Frick,Sue,Medium
10270,38,100.0,11,3800.0,2004-07-19,Shipped,3,7,2004,Vintage Cars,104,S18_3136,Souveniers And Things Co.,+61 2 9495 8555,"Monitor Money Building, 815 Pacific Hwy",Level 6,Chatswood,NSW,2067,Australia,APAC,Huxley,Adrian,Medium
10280,29,100.0,4,2900.0,2004-08-17,Shipped,3,8,2004,Vintage Cars,104,S18_3136,Amica Models & Co.,011-4988555,Via Monte Bianco 34,,Torino,N/A,10100,Italy,EMEA,Accorti,Paolo,Small
10291,23,100.0,13,2300.0,2004-09-08,Shipped,3,9,2004,Vintage Cars,104,S18_3136,Scandinavian Gift Ideas,0695-34 6555,?kergatan 24,,Boras,N/A,S-844 67,Sweden,EMEA,Larsson,Maria,Small
10304,26,85.87,8,2232.62,2004-10-11,Shipped,4,10,2004,Vintage Cars,104,S18_3136,Auto Assoc. & Cie.,30.59.8555,"67, avenue de l'Europe",,Versailles,N/A,78000,France,EMEA,Tonini,Daniel,Small
10312,38,100.0,5,3800.0,2004-10-21,Shipped,4,10,2004,Vintage Cars,104,S18_3136,Mini Gifts Distributors Ltd.,4155551450,5677 Strong St.,,San Rafael,CA,97562,USA,,Nelson,Valarie,Medium
10322,48,47.04,7,2257.92,2004-11-04,Shipped,4,11,2004,Vintage Cars,104,S18_3136,Online Diecast Creations Co.,6035558647,2304 Long Airport Avenue,,Nashua,NH,62005,USA,,Young,Valarie,Small
10332,40,39.8,18,1592.0,2004-11-17,Shipped,4,11,2004,Vintage Cars,104,S18_3136,"AV Stores, Co.",(171) 555-1555,Fauntleroy Circus,,Manchester,N/A,EC2 5NT,UK,EMEA,Ashworth,Victoria,Small
10347,45,100.0,11,4500.0,2004-11-29,Shipped,4,11,2004,Vintage Cars,104,S18_3136,"Australian Collectors, Co.",03 9520 4555,636 St Kilda Road,Level 3,Melbourne,Victoria,3004,Australia,APAC,Ferguson,Peter,Medium
10357,44,100.0,4,4400.0,2004-12-10,Shipped,4,12,2004,Vintage Cars,104,S18_3136,Mini Gifts Distributors Ltd.,4155551450,5677 Strong St.,,San Rafael,CA,97562,USA,,Nelson,Valarie,Medium
10369,21,94.22,5,1978.62,2005-01-20,Shipped,1,1,2005,Vintage Cars,104,S18_3136,Collectables For Less Inc.,6175558555,7825 Douglas Av.,,Brickhaven,MA,58339,USA,,Nelson,Allen,Small
10381,35,100.0,5,3500.0,2005-02-17,Shipped,1,2,2005,Vintage Cars,104,S18_3136,Corporate Gift Ideas Co.,6505551386,7734 Strong St.,,San Francisco,CA,UNKNOWN,USA,,Brown,Julie,Medium
10392,29,86.92,2,2520.68,2005-03-10,Shipped,1,3,2005,Vintage Cars,104,S18_3136,Mini Auto Werke,7675-3555,Kirchgasse 6,,Graz,N/A,8010,Austria,EMEA,Mendel,Roland,Small
10423,21,84.82,2,1781.22,2005-05-30,In Process,2,5,2005,Vintage Cars,104,S18_3136,Petit Auto,(02) 5554 67,Rue Joseph-Bens 532,,Bruxelles,N/A,B-1180,Belgium,EMEA,Dewey,Catherine,Small
10105,22,100.0,11,2200.0,2003-02-11,Shipped,1,2,2003,Vintage Cars,136,S18_3140,Danish Wholesale Imports,31 12 3555,Vinb'ltet 34,,Kobenhavn,N/A,1734,Denmark,EMEA,Petersen,Jytte,Small
10117,26,100.0,5,2600.0,2003-04-16,Shipped,2,4,2003,Vintage Cars,136,S18_3140,"Dragon Souveniers, Ltd.",+65 221 7555,"Bronz Sok., Bronz Apt. 3/6 Tesvikiye",,Singapore,N/A,79903,Singapore,Japan,Natividad,Eric,Small
10128,41,100.0,2,4100.0,2003-06-06,Shipped,2,6,2003,Vintage Cars,136,S18_3140,Euro Shopping Channel,(91) 555 94 44,"C/ Moralzarzal, 86",,Madrid,N/A,28034,Spain,EMEA,Freyre,Diego,Medium
10142,47,100.0,8,4700.0,2003-08-08,Shipped,3,8,2003,Vintage Cars,136,S18_3140,Mini Gifts Distributors Ltd.,4155551450,5677 Strong St.,,San Rafael,CA,97562,USA,,Nelson,Valarie,Medium
10153,31,100.0,7,3100.0,2003-09-28,Shipped,3,9,2003,Vintage Cars,136,S18_3140,Euro Shopping Channel,(91) 555 94 44,"C/ Moralzarzal, 86",,Madrid,N/A,28034,Spain,EMEA,Freyre,Diego,Medium
10166,43,100.0,2,4300.0,2003-10-21,Shipped,4,10,2003,Vintage Cars,136,S18_3140,FunGiftIdeas.com,5085552555,1785 First Street,,New Bedford,MA,50553,USA,,Benitez,Violeta,Medium
10177,23,100.0,9,2300.0,2003-11-07,Shipped,4,11,2003,Vintage Cars,136,S18_3140,CAF Imports,+34 913 728 555,"Merchants House, 27-30 Merchant's Quay",,Madrid,N/A,28023,Spain,EMEA,Fernandez,Jesus,Small
10185,28,100.0,9,2800.0,2003-11-14,Shipped,4,11,2003,Vintage Cars,136,S18_3140,Mini Creations Ltd.,5085559555,4575 Hillside Dr.,,New Bedford,MA,50553,USA,,Tam,Wing C,Small
10196,49,100.0,1,4900.0,2003-11-26,Shipped,4,11,2003,Vintage Cars,136,S18_3140,Super Scale Inc.,2035559545,567 North Pendale Street,,New Haven,CT,97823,USA,,Murphy,Leslie,Medium
10208,24,100.0,9,2400.0,2004-01-02,Shipped,1,1,2004,Vintage Cars,136,S18_3140,"Saveley & Henriot, Co.",78.32.5555,"2, rue du Commerce",,Lyon,N/A,69004,France,EMEA,Saveley,Mary,Small
10221,33,100.0,3,3300.0,2004-02-18,Shipped,1,2,2004,Vintage Cars,136,S18_3140,Petit Auto,(02) 5554 67,Rue Joseph-Bens 532,,Bruxelles,N/A,B-1180,Belgium,EMEA,Dewey,Catherine,Medium
10232,22,100.0,6,2200.0,2004-03-20,Shipped,1,3,2004,Vintage Cars,136,S18_3140,giftsbymail.co.uk,(198) 555-8888,Garden House Crowther Way,,Cowes,Isle of Wight,PO31 7PJ,UK,EMEA,Bennett,Helen,Small
10248,32,100.0,12,3200.0,2004-05-07,Cancelled,2,5,2004,Vintage Cars,136,S18_3140,Land of Toys Inc.,2125557818,897 Long Airport Avenue,,NYC,NY,10022,USA,,Yu,Kwai,Medium
10273,40,100.0,13,4000.0,2004-07-21,Shipped,3,7,2004,Vintage Cars,136,S18_3140,Petit Auto,(02) 5554 67,Rue Joseph-Bens 532,,Bruxelles,N/A,B-1180,Belgium,EMEA,Dewey,Catherine,Medium
10282,43,100.0,1,4300.0,2004-08-20,Shipped,3,8,2004,Vintage Cars,136,S18_3140,Mini Gifts Distributors Ltd.,4155551450,5677 Strong St.,,San Rafael,CA,97562,USA,,Nelson,Valarie,Medium
10293,24,100.0,4,2400.0,2004-09-09,Shipped,3,9,2004,Vintage Cars,136,S18_3140,Amica Models & Co.,011-4988555,Via Monte Bianco 34,,Torino,N/A,10100,Italy,EMEA,Accorti,Paolo,Small
10306,32,100.0,9,3200.0,2004-10-14,Shipped,4,10,2004,Vintage Cars,136,S18_3140,"AV Stores, Co.",(171) 555-1555,Fauntleroy Circus,,Manchester,N/A,EC2 5NT,UK,EMEA,Ashworth,Victoria,Medium
10314,20,100.0,1,2000.0,2004-10-22,Shipped,4,10,2004,Vintage Cars,136,S18_3140,Heintze Collectables,86 21 3555,Smagsloget 45,,Aaarhus,N/A,8200,Denmark,EMEA,Ibsen,Palle,Small
10325,24,69.12,9,1658.88,2004-11-05,Shipped,4,11,2004,Vintage Cars,136,S18_3140,Baane Mini Imports,07-98 9555,Erling Skakkes gate 78,,Stavern,N/A,4110,Norway,EMEA,Bergulfsen,Jonas,Small
10336,48,100.0,12,4800.0,2004-11-20,Shipped,4,11,2004,Vintage Cars,136,S18_3140,"La Corne D'abondance, Co.",(1) 42.34.2555,"265, boulevard Charonne",,Paris,N/A,75012,France,EMEA,Bertrand,Marie,Medium
10350,44,100.0,1,4400.0,2004-12-02,Shipped,4,12,2004,Vintage Cars,136,S18_3140,Euro Shopping Channel,(91) 555 94 44,"C/ Moralzarzal, 86",,Madrid,N/A,28034,Spain,EMEA,Freyre,Diego,Medium
10372,28,100.0,3,2800.0,2005-01-26,Shipped,1,1,2005,Vintage Cars,136,S18_3140,"Tokyo Collectables, Ltd",+81 3 3584 0555,2-2-8 Roppongi,,Minato-ku,Tokyo,106-0032,Japan,Japan,Shimamura,Akiko,Small
10383,24,61.52,9,1476.48,2005-02-22,Shipped,1,2,2005,Vintage Cars,136,S18_3140,Euro Shopping Channel,(91) 555 94 44,"C/ Moralzarzal, 86",,Madrid,N/A,28034,Spain,EMEA,Freyre,Diego,Small
10396,33,100.0,2,3300.0,2005-03-23,Shipped,1,3,2005,Vintage Cars,136,S18_3140,Mini Gifts Distributors Ltd.,4155551450,5677 Strong St.,,San Rafael,CA,97562,USA,,Nelson,Valarie,Medium
10414,41,100.0,12,4100.0,2005-05-06,On Hold,2,5,2005,Vintage Cars,136,S18_3140,Gifts4AllAges.com,6175559555,8616 Spinnaker Dr.,,Boston,MA,51003,USA,,Yoshido,Juri,Medium
10104,23,100.0,13,2300.0,2003-01-31,Shipped,1,1,2003,Classic Cars,169,S18_3232,Euro Shopping Channel,(91) 555 94 44,"C/ Moralzarzal, 86",,Madrid,N/A,28034,Spain,EMEA,Freyre,Diego,Small
10109,46,100.0,5,4600.0,2003-03-10,Shipped,1,3,2003,Classic Cars,169,S18_3232,Motor Mint Distributors Inc.,2155559857,11328 Douglas Av.,,Philadelphia,PA,71270,USA,,Hernandez,Rosa,Medium
10114,48,100.0,4,4800.0,2003-04-01,Shipped,2,4,2003,Classic Cars,169,S18_3232,"La Corne D'abondance, Co.",(1) 42.34.2555,"265, boulevard Charonne",,Paris,N/A,75012,France,EMEA,Bertrand,Marie,Medium
10122,25,100.0,3,2500.0,2003-05-08,Shipped,2,5,2003,Classic Cars,169,S18_3232,Marseille Mini Autos,91.24.4555,"12, rue des Bouchers",,Marseille,N/A,13008,France,EMEA,Lebihan,Laurence,Small
10127,22,100.0,15,2200.0,2003-06-03,Shipped,2,6,2003,Classic Cars,169,S18_3232,Muscle Machine Inc,2125557413,4092 Furth Circle,Suite 400,NYC,NY,10022,USA,,Young,Jeff,Small
10136,41,100.0,3,4100.0,2003-07-04,Shipped,3,7,2003,Classic Cars,169,S18_3232,Alpha Cognac,61.77.6555,1 rue Alsace-Lorraine,,Toulouse,N/A,31000,France,EMEA,Roulet,Annette,Medium
10141,34,100.0,9,3400.0,2003-08-01,Shipped,3,8,2003,Classic Cars,169,S18_3232,Suominen Souveniers,+358 9 8045 555,"Software Engineering Center, SEC Oy",,Espoo,N/A,FIN-02271,Finland,EMEA,Suominen,Kalle,Medium
10148,32,100.0,14,3200.0,2003-09-11,Shipped,3,9,2003,Classic Cars,169,S18_3232,"Anna's Decorations, Ltd",02 9936 8555,201 Miller Street,Level 15,North Sydney,NSW,2060,Australia,APAC,O'Hara,Anna,Medium
10151,21,100.0,7,2100.0,2003-09-21,Shipped,3,9,2003,Classic Cars,169,S18_3232,"Oulu Toy Supplies, Inc.",981-443655,Torikatu 38,,Oulu,N/A,90110,Finland,EMEA,Koskitalo,Pirkko,Small
10160,20,100.0,1,2000.0,2003-10-11,Shipped,4,10,2003,Classic Cars,169,S18_3232,"Men 'R' US Retailers, Ltd.",2155554369,6047 Douglas Av.,,Los Angeles,CA,UNKNOWN,USA,,Chandler,Michael,Small
10165,47,100.0,16,4700.0,2003-10-22,Shipped,4,10,2003,Classic Cars,169,S18_3232,"Dragon Souveniers, Ltd.",+65 221 7555,"Bronz Sok., Bronz Apt. 3/6 Tesvikiye",,Singapore,N/A,79903,Singapore,Japan,Natividad,Eric,Medium
10171,39,100.0,3,3900.0,2003-11-05,Shipped,4,11,2003,Classic Cars,169,S18_3232,Quebec Home Shopping Network,(514) 555-8054,43 rue St. Laurent,,Montreal,Quebec,H1J 1C3,Canada,,Fresnisre,Jean,Medium
10175,29,100.0,5,2900.0,2003-11-06,Shipped,4,11,2003,Classic Cars,169,S18_3232,"Stylish Desk Decors, Co.",(171) 555-0297,35 King George,,London,N/A,WX3 6FW,UK,EMEA,Brown,Ann,Small
10181,45,100.0,7,4500.0,2003-11-12,Shipped,4,11,2003,Classic Cars,169,S18_3232,Herkku Gifts,+47 2267 3215,"Drammen 121, PR 744 Sentrum",,Bergen,N/A,N 5804,Norway,EMEA,Oeztan,Veysel,Medium
10184,28,100.0,10,2800.0,2003-11-14,Shipped,4,11,2003,Classic Cars,169,S18_3232,"Iberia Gift Imports, Corp.",(95) 555 82 82,"C/ Romero, 33",,Sevilla,N/A,41101,Spain,EMEA,Roel,Jose Pedro,Small
10192,26,100.0,12,2600.0,2003-11-20,Shipped,4,11,2003,Classic Cars,169,S18_3232,Online Diecast Creations Co.,6035558647,2304 Long Airport Avenue,,Nashua,NH,62005,USA,,Young,Valarie,Small
10195,50,100.0,10,5000.0,2003-11-25,Shipped,4,11,2003,Classic Cars,169,S18_3232,Mini Classics,9145554562,3758 North Pendale Street,,White Plains,NY,24067,USA,,Frick,Steve,Medium
10203,48,100.0,1,4800.0,2003-12-02,Shipped,4,12,2003,Classic Cars,169,S18_3232,Euro Shopping Channel,(91) 555 94 44,"C/ Moralzarzal, 86",,Madrid,N/A,28034,Spain,EMEA,Freyre,Diego,Medium
10207,25,100.0,11,2500.0,2003-12-09,Shipped,4,12,2003,Classic Cars,169,S18_3232,Diecast Collectables,6175552555,6251 Ingle Ln.,,Boston,MA,51003,USA,,Franco,Valarie,Small
10212,40,100.0,11,4000.0,2004-01-16,Shipped,1,1,2004,Classic Cars,169,S18_3232,Euro Shopping Channel,(91) 555 94 44,"C/ Moralzarzal, 86",,Madrid,N/A,28034,Spain,EMEA,Freyre,Diego,Medium
10225,43,100.0,2,4300.0,2004-02-22,Shipped,1,2,2004,Classic Cars,169,S18_3232,"Vida Sport, Ltd",0897-034555,Grenzacherweg 237,,Gensve,N/A,1203,Switzerland,EMEA,Holz,Michael,Medium
10229,22,100.0,5,2200.0,2004-03-11,Shipped,1,3,2004,Classic Cars,169,S18_3232,Mini Gifts Distributors Ltd.,4155551450,5677 Strong St.,,San Rafael,CA,97562,USA,,Nelson,Valarie,Small
10239,47,100.0,1,4700.0,2004-04-12,Shipped,2,4,2004,Classic Cars,169,S18_3232,"Oulu Toy Supplies, Inc.",981-443655,Torikatu 38,,Oulu,N/A,90110,Finland,EMEA,Koskitalo,Pirkko,Medium
10246,36,100.0,9,3600.0,2004-05-05,Shipped,2,5,2004,Classic Cars,169,S18_3232,Euro Shopping Channel,(91) 555 94 44,"C/ Moralzarzal, 86",,Madrid,N/A,28034,Spain,EMEA,Freyre,Diego,Medium
10253,40,100.0,6,4000.0,2004-06-01,Cancelled,2,6,2004,Classic Cars,169,S18_3232,"UK Collectables, Ltd.",(171) 555-2282,Berkeley Gardens 12  Brewery,,Liverpool,N/A,WX1 6LT,UK,EMEA,Devon,Elizabeth,Medium
10259,27,100.0,8,2700.0,2004-06-15,Shipped,2,6,2004,Classic Cars,169,S18_3232,Handji Gifts& Co,+65 224 1555,Village Close - 106 Linden Road Sandown,2nd Floor,Singapore,N/A,69045,Singapore,Japan,Victorino,Wendy,Small
10266,29,100.0,7,2900.0,2004-07-06,Shipped,3,7,2004,Classic Cars,169,S18_3232,L'ordine Souveniers,0522-556555,Strada Provinciale 124,,Reggio Emilia,N/A,42100,Italy,EMEA,Moroni,Maurizio,Small
10271,20,100.0,9,2000.0,2004-07-20,Shipped,3,7,2004,Classic Cars,169,S18_3232,Mini Gifts Distributors Ltd.,4155551450,5677 Strong St.,,San Rafael,CA,97562,USA,,Nelson,Valarie,Small
10278,42,100.0,7,4200.0,2004-08-06,Shipped,3,8,2004,Classic Cars,169,S18_3232,Signal Gift Stores,7025551838,8489 Strong St.,,Las Vegas,NV,83030,USA,,King,Sue,Medium
10281,25,100.0,5,2500.0,2004-08-19,Shipped,3,8,2004,Classic Cars,169,S18_3232,Diecast Classics Inc.,2155551555,7586 Pompton St.,,Allentown,PA,70267,USA,,Yu,Kyung,Small
10287,36,100.0,5,3600.0,2004-08-30,Shipped,3,8,2004,Classic Cars,169,S18_3232,"Vida Sport, Ltd",0897-034555,Grenzacherweg 237,,Gensve,N/A,1203,Switzerland,EMEA,Holz,Michael,Medium
10292,21,100.0,12,2100.0,2004-09-08,Shipped,3,9,2004,Classic Cars,169,S18_3232,Land of Toys Inc.,2125557818,897 Long Airport Avenue,,NYC,NY,10022,USA,,Yu,Kwai,Small
10301,23,100.0,9,2300.0,2003-10-05,Shipped,4,10,2003,Classic Cars,169,S18_3232,"Norway Gifts By Mail, Co.",+47 2212 1555,"Drammensveien 126 A, PB 744 Sentrum",,Oslo,N/A,N 0106,Norway,EMEA,Klaeboe,Jan,Small
10305,37,100.0,9,3700.0,2004-10-13,Shipped,4,10,2004,Classic Cars,169,S18_3232,Marta's Replicas Co.,6175558555,39323 Spinnaker Dr.,,Cambridge,MA,51247,USA,,Hernandez,Marta,Medium
10310,48,100.0,3,4800.0,2004-10-16,Shipped,4,10,2004,Classic Cars,169,S18_3232,"Toms Spezialitten, Ltd",0221-5554327,Mehrheimerstr. 369,,Koln,N/A,50739,Germany,EMEA,Pfalzheim,Henriette,Medium
10313,25,100.0,3,2500.0,2004-10-22,Shipped,4,10,2004,Classic Cars,169,S18_3232,Canadian Gift Exchange Network,(604) 555-3392,1900 Oak St.,,Vancouver,BC,V3F 2K1,Canada,,Tannamuri,Yoshi,Small
10321,33,100.0,11,3300.0,2004-11-04,Shipped,4,11,2004,Classic Cars,169,S18_3232,FunGiftIdeas.com,5085552555,1785 First Street,,New Bedford,MA,50553,USA,,Benitez,Violeta,Medium
10324,27,100.0,12,2700.0,2004-11-05,Shipped,4,11,2004,Classic Cars,169,S18_3232,Vitachrome Inc.,2125551500,2678 Kingston Rd.,Suite 101,NYC,NY,10022,USA,,Frick,Michael,Small
10331,27,100.0,11,2700.0,2004-11-17,Shipped,4,11,2004,Classic Cars,169,S18_3232,Motor Mint Distributors Inc.,2155559857,11328 Douglas Av.,,Philadelphia,PA,71270,USA,,Hernandez,Rosa,Small
10334,20,100.0,3,2000.0,2004-11-19,On Hold,4,11,2004,Classic Cars,169,S18_3232,"Volvo Model Replicas, Co",0921-12 3555,Berguvsvgen  8,,Lule,N/A,S-958 22,Sweden,EMEA,Berglund,Christina,Small
10342,30,100.0,4,3000.0,2004-11-24,Shipped,4,11,2004,Classic Cars,169,S18_3232,"Australian Collectors, Co.",03 9520 4555,636 St Kilda Road,Level 3,Melbourne,Victoria,3004,Australia,APAC,Ferguson,Peter,Medium
10349,48,100.0,6,4800.0,2004-12-01,Shipped,4,12,2004,Classic Cars,169,S18_3232,Muscle Machine Inc,2125557413,4092 Furth Circle,Suite 400,NYC,NY,10022,USA,,Young,Jeff,Medium
10358,32,93.49,12,2991.68,2004-12-10,Shipped,4,12,2004,Classic Cars,169,S18_3232,Euro Shopping Channel,(91) 555 94 44,"C/ Moralzarzal, 86",,Madrid,N/A,28034,Spain,EMEA,Freyre,Diego,Small
10366,34,100.0,1,3400.0,2005-01-10,Shipped,1,1,2005,Classic Cars,169,S18_3232,Royale Belge,(071) 23 67 2555,"Boulevard Tirou, 255",,Charleroi,N/A,B-6000,Belgium,EMEA,Cartrain,Pascale,Medium
10370,27,56.85,9,1534.95,2005-01-20,Shipped,1,1,2005,Classic Cars,169,S18_3232,"Anna's Decorations, Ltd",02 9936 8555,201 Miller Street,Level 15,North Sydney,NSW,2060,Australia,APAC,O'Hara,Anna,Small
10377,39,100.0,3,3900.0,2005-02-09,Shipped,1,2,2005,Classic Cars,169,S18_3232,"Toys of Finland, Co.",90-224 8555,Keskuskatu 45,,Helsinki,N/A,21240,Finland,EMEA,Karttunen,Matti,Medium
10383,47,100.0,6,4700.0,2005-02-22,Shipped,1,2,2005,Classic Cars,169,S18_3232,Euro Shopping Channel,(91) 555 94 44,"C/ Moralzarzal, 86",,Madrid,N/A,28034,Spain,EMEA,Freyre,Diego,Medium
10394,22,100.0,5,2200.0,2005-03-15,Shipped,1,3,2005,Classic Cars,169,S18_3232,Euro Shopping Channel,(91) 555 94 44,"C/ Moralzarzal, 86",,Madrid,N/A,28034,Spain,EMEA,Freyre,Diego,Small
10405,55,100.0,1,5500.0,2005-04-14,Shipped,2,4,2005,Classic Cars,169,S18_3232,Mini Caravy,88.60.1555,"24, place Kluber",,Strasbourg,N/A,67000,France,EMEA,Citeaux,Frederique,Medium
10412,60,100.0,9,6000.0,2005-05-03,Shipped,2,5,2005,Classic Cars,169,S18_3232,Euro Shopping Channel,(91) 555 94 44,"C/ Moralzarzal, 86",,Madrid,N/A,28034,Spain,EMEA,Freyre,Diego,Medium
10419,35,100.0,6,3500.0,2005-05-17,Shipped,2,5,2005,Classic Cars,169,S18_3232,Salzburg Collectables,6562-9555,Geislweg 14,,Salzburg,N/A,5020,Austria,EMEA,Pipps,Georg,Medium
10425,28,100.0,8,2800.0,2005-05-31,In Process,2,5,2005,Classic Cars,169,S18_3232,La Rochelle Gifts,40.67.8555,"67, rue des Cinquante Otages",,Nantes,N/A,44000,France,EMEA,Labrune,Janine,Small
10105,38,100.0,13,3800.0,2003-02-11,Shipped,1,2,2003,Trains,100,S18_3259,Danish Wholesale Imports,31 12 3555,Vinb'ltet 34,,Kobenhavn,N/A,1734,Denmark,EMEA,Petersen,Jytte,Medium
10117,21,95.8,7,2011.8,2003-04-16,Shipped,2,4,2003,Trains,100,S18_3259,"Dragon Souveniers, Ltd.",+65 221 7555,"Bronz Sok., Bronz Apt. 3/6 Tesvikiye",,Singapore,N/A,79903,Singapore,Japan,Natividad,Eric,Small
10128,41,100.0,4,4100.0,2003-06-06,Shipped,2,6,2003,Trains,100,S18_3259,Euro Shopping Channel,(91) 555 94 44,"C/ Moralzarzal, 86",,Madrid,N/A,28034,Spain,EMEA,Freyre,Diego,Medium
10142,22,97.81,10,2151.82,2003-08-08,Shipped,3,8,2003,Trains,100,S18_3259,Mini Gifts Distributors Ltd.,4155551450,5677 Strong St.,,San Rafael,CA,97562,USA,,Nelson,Valarie,Small
10153,29,88.74,9,2573.46,2003-09-28,Shipped,3,9,2003,Trains,100,S18_3259,Euro Shopping Channel,(91) 555 94 44,"C/ Moralzarzal, 86",,Madrid,N/A,28034,Spain,EMEA,Freyre,Diego,Small
10165,50,100.0,1,5000.0,2003-10-22,Shipped,4,10,2003,Trains,100,S18_3259,"Dragon Souveniers, Ltd.",+65 221 7555,"Bronz Sok., Bronz Apt. 3/6 Tesvikiye",,Singapore,N/A,79903,Singapore,Japan,Natividad,Eric,Medium
10177,29,100.0,11,2900.0,2003-11-07,Shipped,4,11,2003,Trains,100,S18_3259,CAF Imports,+34 913 728 555,"Merchants House, 27-30 Merchant's Quay",,Madrid,N/A,28023,Spain,EMEA,Fernandez,Jesus,Small
10185,49,80.67,11,3952.83,2003-11-14,Shipped,4,11,2003,Trains,100,S18_3259,Mini Creations Ltd.,5085559555,4575 Hillside Dr.,,New Bedford,MA,50553,USA,,Tam,Wing C,Medium
10196,35,100.0,3,3500.0,2003-11-26,Shipped,4,11,2003,Trains,100,S18_3259,Super Scale Inc.,2035559545,567 North Pendale Street,,New Haven,CT,97823,USA,,Murphy,Leslie,Medium
10208,48,100.0,11,4800.0,2004-01-02,Shipped,1,1,2004,Trains,100,S18_3259,"Saveley & Henriot, Co.",78.32.5555,"2, rue du Commerce",,Lyon,N/A,69004,France,EMEA,Saveley,Mary,Medium
10221,23,80.67,5,1855.41,2004-02-18,Shipped,1,2,2004,Trains,100,S18_3259,Petit Auto,(02) 5554 67,Rue Joseph-Bens 532,,Bruxelles,N/A,B-1180,Belgium,EMEA,Dewey,Catherine,Small
10232,48,95.8,8,4598.4,2004-03-20,Shipped,1,3,2004,Trains,100,S18_3259,giftsbymail.co.uk,(198) 555-8888,Garden House Crowther Way,,Cowes,Isle of Wight,PO31 7PJ,UK,EMEA,Bennett,Helen,Medium
10248,42,100.0,14,4200.0,2004-05-07,Cancelled,2,5,2004,Trains,100,S18_3259,Land of Toys Inc.,2125557818,897 Long Airport Avenue,,NYC,NY,10022,USA,,Yu,Kwai,Medium
10273,47,100.0,15,4700.0,2004-07-21,Shipped,3,7,2004,Trains,100,S18_3259,Petit Auto,(02) 5554 67,Rue Joseph-Bens 532,,Bruxelles,N/A,B-1180,Belgium,EMEA,Dewey,Catherine,Medium
10282,36,100.0,3,3600.0,2004-08-20,Shipped,3,8,2004,Trains,100,S18_3259,Mini Gifts Distributors Ltd.,4155551450,5677 Strong St.,,San Rafael,CA,97562,USA,,Nelson,Valarie,Medium
10293,22,100.0,6,2200.0,2004-09-09,Shipped,3,9,2004,Trains,100,S18_3259,Amica Models & Co.,011-4988555,Via Monte Bianco 34,,Torino,N/A,10100,Italy,EMEA,Accorti,Paolo,Small
10306,40,91.76,11,3670.4,2004-10-14,Shipped,4,10,2004,Trains,100,S18_3259,"AV Stores, Co.",(171) 555-1555,Fauntleroy Circus,,Manchester,N/A,EC2 5NT,UK,EMEA,Ashworth,Victoria,Medium
10314,23,100.0,3,2300.0,2004-10-22,Shipped,4,10,2004,Trains,100,S18_3259,Heintze Collectables,86 21 3555,Smagsloget 45,,Aaarhus,N/A,8200,Denmark,EMEA,Ibsen,Palle,Small
10326,32,100.0,6,3200.0,2004-11-09,Shipped,4,11,2004,Trains,100,S18_3259,"Volvo Model Replicas, Co",0921-12 3555,Berguvsvgen  8,,Lule,N/A,S-958 22,Sweden,EMEA,Berglund,Christina,Medium
10336,21,100.0,7,2100.0,2004-11-20,Shipped,4,11,2004,Trains,100,S18_3259,"La Corne D'abondance, Co.",(1) 42.34.2555,"265, boulevard Charonne",,Paris,N/A,75012,France,EMEA,Bertrand,Marie,Small
10350,41,93.04,2,3814.64,2004-12-02,Shipped,4,12,2004,Trains,100,S18_3259,Euro Shopping Channel,(91) 555 94 44,"C/ Moralzarzal, 86",,Madrid,N/A,28034,Spain,EMEA,Freyre,Diego,Medium
10372,25,84.71,5,2117.75,2005-01-26,Shipped,1,1,2005,Trains,100,S18_3259,"Tokyo Collectables, Ltd",+81 3 3584 0555,2-2-8 Roppongi,,Minato-ku,Tokyo,106-0032,Japan,Japan,Shimamura,Akiko,Small
10383,26,100.0,12,2600.0,2005-02-22,Shipped,1,2,2005,Trains,100,S18_3259,Euro Shopping Channel,(91) 555 94 44,"C/ Moralzarzal, 86",,Madrid,N/A,28034,Spain,EMEA,Freyre,Diego,Small
10396,24,89.75,4,2154.0,2005-03-23,Shipped,1,3,2005,Trains,100,S18_3259,Mini Gifts Distributors Ltd.,4155551450,5677 Strong St.,,San Rafael,CA,97562,USA,,Nelson,Valarie,Small
10414,48,100.0,14,4800.0,2005-05-06,On Hold,2,5,2005,Trains,100,S18_3259,Gifts4AllAges.com,6175559555,8616 Spinnaker Dr.,,Boston,MA,51003,USA,,Yoshido,Juri,Medium
10108,26,68.35,9,1777.1,2003-03-03,Shipped,1,3,2003,Classic Cars,80,S18_3278,Cruz & Sons Co.,+63 2 555 3587,15 McCallum Street - NatWest Center #13-03,,Makati City,N/A,1227 MM,Philippines,Japan,Cruz,Arnold,Small
10122,21,73.17,13,1536.57,2003-05-08,Shipped,2,5,2003,Classic Cars,80,S18_3278,Marseille Mini Autos,91.24.4555,"12, rue des Bouchers",,Marseille,N/A,13008,France,EMEA,Lebihan,Laurence,Small
10135,45,78.0,10,3510.0,2003-07-02,Shipped,3,7,2003,Classic Cars,80,S18_3278,Mini Gifts Distributors Ltd.,4155551450,5677 Strong St.,,San Rafael,CA,97562,USA,,Nelson,Valarie,Medium
10147,36,80.0,10,2880.0,2003-09-05,Shipped,3,9,2003,Classic Cars,80,S18_3278,Collectables For Less Inc.,6175558555,7825 Douglas Av.,,Brickhaven,MA,58339,USA,,Nelson,Allen,Small
10159,21,80.0,5,1680.0,2003-10-10,Shipped,4,10,2003,Classic Cars,80,S18_3278,Corporate Gift Ideas Co.,6505551386,7734 Strong St.,,San Francisco,CA,UNKNOWN,USA,,Brown,Julie,Small
10169,32,70.76,5,2264.32,2003-11-04,Shipped,4,11,2003,Classic Cars,80,S18_3278,"Anna's Decorations, Ltd",02 9936 8555,201 Miller Street,Level 15,North Sydney,NSW,2060,Australia,APAC,O'Hara,Anna,Small
10181,30,80.0,17,2400.0,2003-11-12,Shipped,4,11,2003,Classic Cars,80,S18_3278,Herkku Gifts,+47 2267 3215,"Drammen 121, PR 744 Sentrum",,Bergen,N/A,N 5804,Norway,EMEA,Oeztan,Veysel,Small
10191,36,80.0,6,2880.0,2003-11-20,Shipped,4,11,2003,Classic Cars,80,S18_3278,"Toms Spezialitten, Ltd",0221-5554327,Mehrheimerstr. 369,,Koln,N/A,50739,Germany,EMEA,Pfalzheim,Henriette,Small
10203,33,80.0,11,2640.0,2003-12-02,Shipped,4,12,2003,Classic Cars,80,S18_3278,Euro Shopping Channel,(91) 555 94 44,"C/ Moralzarzal, 86",,Madrid,N/A,28034,Spain,EMEA,Freyre,Diego,Small
10211,35,78.0,5,2730.0,2004-01-15,Shipped,1,1,2004,Classic Cars,80,S18_3278,Auto Canal Petit,(1) 47.55.6555,"25, rue Lauriston",,Paris,N/A,75016,France,EMEA,Perrier,Dominique,Small
10225,37,80.0,12,2960.0,2004-02-22,Shipped,1,2,2004,Classic Cars,80,S18_3278,"Vida Sport, Ltd",0897-034555,Grenzacherweg 237,,Gensve,N/A,1203,Switzerland,EMEA,Holz,Michael,Small
10238,41,73.17,6,2999.97,2004-04-09,Shipped,2,4,2004,Classic Cars,80,S18_3278,Danish Wholesale Imports,31 12 3555,Vinb'ltet 34,,Kobenhavn,N/A,1734,Denmark,EMEA,Petersen,Jytte,Small
10252,20,76.39,2,1527.8,2004-05-26,Shipped,2,5,2004,Classic Cars,80,S18_3278,Auto Canal Petit,(1) 47.55.6555,"25, rue Lauriston",,Paris,N/A,75016,France,EMEA,Perrier,Dominique,Small
10265,45,80.0,2,3600.0,2004-07-02,Shipped,3,7,2004,Classic Cars,80,S18_3278,"Australian Collectables, Ltd",61-9-3844-6555,7 Allen Street,,Glen Waverly,Victoria,3150,Australia,APAC,Connery,Sean,Medium
10276,38,69.96,6,2658.48,2004-08-02,Shipped,3,8,2004,Classic Cars,80,S18_3278,Online Mini Collectables,6175557555,7635 Spinnaker Dr.,,Brickhaven,MA,58339,USA,,Barajas,Miguel,Small
10287,43,70.76,15,3042.68,2004-08-30,Shipped,3,8,2004,Classic Cars,80,S18_3278,"Vida Sport, Ltd",0897-034555,Grenzacherweg 237,,Gensve,N/A,1203,Switzerland,EMEA,Holz,Michael,Medium
10300,49,78.8,8,3861.2,2003-10-04,Shipped,4,10,2003,Classic Cars,80,S18_3278,"Blauer See Auto, Co.",+49 69 66 90 2555,Lyonerstr. 34,,Frankfurt,N/A,60528,Germany,EMEA,Keitel,Roland,Medium
10310,27,80.0,13,2160.0,2004-10-16,Shipped,4,10,2004,Classic Cars,80,S18_3278,"Toms Spezialitten, Ltd",0221-5554327,Mehrheimerstr. 369,,Koln,N/A,50739,Germany,EMEA,Pfalzheim,Henriette,Small
10319,46,73.98,1,3403.08,2004-11-03,Shipped,4,11,2004,Classic Cars,80,S18_3278,Microscale Inc.,2125551957,5290 North Pendale Street,Suite 200,NYC,NY,10022,USA,,Kuo,Kee,Medium
10329,38,59.1,10,2245.8,2004-11-15,Shipped,4,11,2004,Classic Cars,80,S18_3278,Land of Toys Inc.,2125557818,897 Long Airport Avenue,,NYC,NY,10022,USA,,Yu,Kwai,Small
10342,25,66.74,5,1668.5,2004-11-24,Shipped,4,11,2004,Classic Cars,80,S18_3278,"Australian Collectors, Co.",03 9520 4555,636 St Kilda Road,Level 3,Melbourne,Victoria,3004,Australia,APAC,Ferguson,Peter,Small
10363,46,60.3,10,2773.8,2005-01-06,Shipped,1,1,2005,Classic Cars,80,S18_3278,Suominen Souveniers,+358 9 8045 555,"Software Engineering Center, SEC Oy",,Espoo,N/A,FIN-02271,Finland,EMEA,Suominen,Kalle,Small
10378,22,80.0,4,1760.0,2005-02-10,Shipped,1,2,2005,Classic Cars,80,S18_3278,Euro Shopping Channel,(91) 555 94 44,"C/ Moralzarzal, 86",,Madrid,N/A,28034,Spain,EMEA,Freyre,Diego,Small
10390,40,80.0,9,3200.0,2005-03-04,Shipped,1,3,2005,Classic Cars,80,S18_3278,Mini Gifts Distributors Ltd.,4155551450,5677 Strong St.,,San Rafael,CA,97562,USA,,Nelson,Valarie,Medium
10103,46,99.0,16,4554.0,2003-01-29,Shipped,1,1,2003,Vintage Cars,99,S18_3320,Baane Mini Imports,07-98 9555,Erling Skakkes gate 78,,Stavern,N/A,4110,Norway,EMEA,Bergulfsen,Jonas,Medium
10111,39,99.0,4,3861.0,2003-03-25,Shipped,1,3,2003,Vintage Cars,99,S18_3320,Mini Wheels Co.,6505555787,5557 North Pendale Street,,San Francisco,CA,UNKNOWN,USA,,Murphy,Julie,Medium
10126,38,82.34,16,3128.92,2003-05-28,Shipped,2,5,2003,Vintage Cars,99,S18_3320,"Corrida Auto Replicas, Ltd",(91) 555 22 82,"C/ Araquil, 67",,Madrid,N/A,28023,Spain,EMEA,Sommer,Mart¡n,Medium
10139,30,99.0,5,2970.0,2003-07-16,Shipped,3,7,2003,Vintage Cars,99,S18_3320,Souveniers And Things Co.,+61 2 9495 8555,"Monitor Money Building, 815 Pacific Hwy",Level 6,Chatswood,NSW,2067,Australia,APAC,Huxley,Adrian,Small
10149,42,94.25,2,3958.5,2003-09-12,Shipped,3,9,2003,Vintage Cars,99,S18_3320,Signal Collectibles Ltd.,4155554312,2793 Furth Circle,,Brisbane,CA,94217,USA,,Taylor,Sue,Medium
10163,43,99.0,6,4257.0,2003-10-20,Shipped,4,10,2003,Vintage Cars,99,S18_3320,Classic Legends Inc.,2125558493,5905 Pompton St.,Suite 750,NYC,NY,10022,USA,,Hernandez,Maria,Medium
10173,29,95.24,4,2761.96,2003-11-05,Shipped,4,11,2003,Vintage Cars,99,S18_3320,Rovelli Gifts,035-640555,Via Ludovico il Moro 22,,Bergamo,N/A,24100,Italy,EMEA,Rovelli,Giovanni,Small
10182,33,86.31,1,2848.23,2003-11-12,Shipped,4,11,2003,Vintage Cars,99,S18_3320,Mini Gifts Distributors Ltd.,4155551450,5677 Strong St.,,San Rafael,CA,97562,USA,,Nelson,Valarie,Small
10193,32,79.37,5,2539.84,2003-11-21,Shipped,4,11,2003,Vintage Cars,99,S18_3320,"Australian Collectables, Ltd",61-9-3844-6555,7 Allen Street,,Glen Waverly,Victoria,3150,Australia,APAC,Connery,Sean,Small
10206,28,87.3,11,2444.4,2003-12-05,Shipped,4,12,2003,Vintage Cars,99,S18_3320,Canadian Gift Exchange Network,(604) 555-3392,1900 Oak St.,,Vancouver,BC,V3F 2K1,Canada,,Tannamuri,Yoshi,Small
10215,41,99.0,8,4059.0,2004-01-29,Shipped,1,1,2004,Vintage Cars,99,S18_3320,West Coast Collectables Co.,3105553722,3675 Furth Circle,,Burbank,CA,94019,USA,,Thompson,Steve,Medium
10227,33,99.0,1,3267.0,2004-03-02,Shipped,1,3,2004,Vintage Cars,99,S18_3320,"Saveley & Henriot, Co.",78.32.5555,"2, rue du Commerce",,Lyon,N/A,69004,France,EMEA,Saveley,Mary,Medium
10244,36,84.33,5,3035.88,2004-04-29,Shipped,2,4,2004,Vintage Cars,99,S18_3320,Euro Shopping Channel,(91) 555 94 44,"C/ Moralzarzal, 86",,Madrid,N/A,28034,Spain,EMEA,Freyre,Diego,Medium
10257,26,89.29,5,2321.54,2004-06-14,Shipped,2,6,2004,Vintage Cars,99,S18_3320,The Sharp Gifts Warehouse,4085553659,3086 Ingle Ln.,,San Jose,CA,94217,USA,,Frick,Sue,Small
10280,34,99.0,7,3366.0,2004-08-17,Shipped,3,8,2004,Vintage Cars,99,S18_3320,Amica Models & Co.,011-4988555,Via Monte Bianco 34,,Torino,N/A,10100,Italy,EMEA,Accorti,Paolo,Medium
10290,26,96.23,2,2501.98,2004-09-07,Shipped,3,9,2004,Vintage Cars,99,S18_3320,Auto-Moto Classics Inc.,6175558428,16780 Pompton St.,,Brickhaven,MA,58339,USA,,Taylor,Leslie,Small
10304,38,99.0,11,3762.0,2004-10-11,Shipped,4,10,2004,Vintage Cars,99,S18_3320,Auto Assoc. & Cie.,30.59.8555,"67, avenue de l'Europe",,Versailles,N/A,78000,France,EMEA,Tonini,Daniel,Medium
10312,33,99.0,8,3267.0,2004-10-21,Shipped,4,10,2004,Vintage Cars,99,S18_3320,Mini Gifts Distributors Ltd.,4155551450,5677 Strong St.,,San Rafael,CA,97562,USA,,Nelson,Valarie,Medium
10323,33,91.27,2,3011.91,2004-11-05,Shipped,4,11,2004,Vintage Cars,99,S18_3320,"Blauer See Auto, Co.",+49 69 66 90 2555,Lyonerstr. 34,,Frankfurt,N/A,60528,Germany,EMEA,Keitel,Roland,Medium
10333,46,99.0,2,4554.0,2004-11-18,Shipped,4,11,2004,Vintage Cars,99,S18_3320,Mini Wheels Co.,6505555787,5557 North Pendale Street,,San Francisco,CA,UNKNOWN,USA,,Murphy,Julie,Medium
10347,26,99.0,12,2574.0,2004-11-29,Shipped,4,11,2004,Vintage Cars,99,S18_3320,"Australian Collectors, Co.",03 9520 4555,636 St Kilda Road,Level 3,Melbourne,Victoria,3004,Australia,APAC,Ferguson,Peter,Small
10357,25,99.0,3,2475.0,2004-12-10,Shipped,4,12,2004,Vintage Cars,99,S18_3320,Mini Gifts Distributors Ltd.,4155551450,5677 Strong St.,,San Rafael,CA,97562,USA,,Nelson,Valarie,Small
10369,45,73.08,4,3288.6,2005-01-20,Shipped,1,1,2005,Vintage Cars,99,S18_3320,Collectables For Less Inc.,6175558555,7825 Douglas Av.,,Brickhaven,MA,58339,USA,,Nelson,Allen,Medium
10382,50,99.0,7,4950.0,2005-02-17,Shipped,1,2,2005,Vintage Cars,99,S18_3320,Mini Gifts Distributors Ltd.,4155551450,5677 Strong St.,,San Rafael,CA,97562,USA,,Nelson,Valarie,Medium
10392,36,99.0,1,3564.0,2005-03-10,Shipped,1,3,2005,Vintage Cars,99,S18_3320,Mini Auto Werke,7675-3555,Kirchgasse 6,,Graz,N/A,8010,Austria,EMEA,Mendel,Roland,Medium
10423,21,89.29,5,1875.09,2005-05-30,In Process,2,5,2005,Vintage Cars,99,S18_3320,Petit Auto,(02) 5554 67,Rue Joseph-Bens 532,,Bruxelles,N/A,B-1180,Belgium,EMEA,Dewey,Catherine,Small
10108,29,100.0,8,2900.0,2003-03-03,Shipped,1,3,2003,Classic Cars,146,S18_3482,Cruz & Sons Co.,+63 2 555 3587,15 McCallum Street - NatWest Center #13-03,,Makati City,N/A,1227 MM,Philippines,Japan,Cruz,Arnold,Small
10122,21,100.0,12,2100.0,2003-05-08,Shipped,2,5,2003,Classic Cars,146,S18_3482,Marseille Mini Autos,91.24.4555,"12, rue des Bouchers",,Marseille,N/A,13008,France,EMEA,Lebihan,Laurence,Small
10135,42,100.0,9,4200.0,2003-07-02,Shipped,3,7,2003,Classic Cars,146,S18_3482,Mini Gifts Distributors Ltd.,4155551450,5677 Strong St.,,San Rafael,CA,97562,USA,,Nelson,Valarie,Medium
10147,37,100.0,9,3700.0,2003-09-05,Shipped,3,9,2003,Classic Cars,146,S18_3482,Collectables For Less Inc.,6175558555,7825 Douglas Av.,,Brickhaven,MA,58339,USA,,Nelson,Allen,Medium
10159,25,100.0,4,2500.0,2003-10-10,Shipped,4,10,2003,Classic Cars,146,S18_3482,Corporate Gift Ideas Co.,6505551386,7734 Strong St.,,San Francisco,CA,UNKNOWN,USA,,Brown,Julie,Small
10169,36,100.0,4,3600.0,2003-11-04,Shipped,4,11,2003,Classic Cars,146,S18_3482,"Anna's Decorations, Ltd",02 9936 8555,201 Miller Street,Level 15,North Sydney,NSW,2060,Australia,APAC,O'Hara,Anna,Medium
10181,22,100.0,16,2200.0,2003-11-12,Shipped,4,11,2003,Classic Cars,146,S18_3482,Herkku Gifts,+47 2267 3215,"Drammen 121, PR 744 Sentrum",,Bergen,N/A,N 5804,Norway,EMEA,Oeztan,Veysel,Small
10191,23,100.0,5,2300.0,2003-11-20,Shipped,4,11,2003,Classic Cars,146,S18_3482,"Toms Spezialitten, Ltd",0221-5554327,Mehrheimerstr. 369,,Koln,N/A,50739,Germany,EMEA,Pfalzheim,Henriette,Small
10203,32,100.0,10,3200.0,2003-12-02,Shipped,4,12,2003,Classic Cars,146,S18_3482,Euro Shopping Channel,(91) 555 94 44,"C/ Moralzarzal, 86",,Madrid,N/A,28034,Spain,EMEA,Freyre,Diego,Medium
10211,28,100.0,4,2800.0,2004-01-15,Shipped,1,1,2004,Classic Cars,146,S18_3482,Auto Canal Petit,(1) 47.55.6555,"25, rue Lauriston",,Paris,N/A,75016,France,EMEA,Perrier,Dominique,Small
10225,27,100.0,11,2700.0,2004-02-22,Shipped,1,2,2004,Classic Cars,146,S18_3482,"Vida Sport, Ltd",0897-034555,Grenzacherweg 237,,Gensve,N/A,1203,Switzerland,EMEA,Holz,Michael,Small
10238,49,100.0,5,4900.0,2004-04-09,Shipped,2,4,2004,Classic Cars,146,S18_3482,Danish Wholesale Imports,31 12 3555,Vinb'ltet 34,,Kobenhavn,N/A,1734,Denmark,EMEA,Petersen,Jytte,Medium
10252,41,100.0,1,4100.0,2004-05-26,Shipped,2,5,2004,Classic Cars,146,S18_3482,Auto Canal Petit,(1) 47.55.6555,"25, rue Lauriston",,Paris,N/A,75016,France,EMEA,Perrier,Dominique,Medium
10265,49,100.0,1,4900.0,2004-07-02,Shipped,3,7,2004,Classic Cars,146,S18_3482,"Australian Collectables, Ltd",61-9-3844-6555,7 Allen Street,,Glen Waverly,Victoria,3150,Australia,APAC,Connery,Sean,Medium
10276,30,100.0,5,3000.0,2004-08-02,Shipped,3,8,2004,Classic Cars,146,S18_3482,Online Mini Collectables,6175557555,7635 Spinnaker Dr.,,Brickhaven,MA,58339,USA,,Barajas,Miguel,Medium
10287,40,100.0,14,4000.0,2004-08-30,Shipped,3,8,2004,Classic Cars,146,S18_3482,"Vida Sport, Ltd",0897-034555,Grenzacherweg 237,,Gensve,N/A,1203,Switzerland,EMEA,Holz,Michael,Medium
10300,23,100.0,7,2300.0,2003-10-04,Shipped,4,10,2003,Classic Cars,146,S18_3482,"Blauer See Auto, Co.",+49 69 66 90 2555,Lyonerstr. 34,,Frankfurt,N/A,60528,Germany,EMEA,Keitel,Roland,Small
10310,49,100.0,12,4900.0,2004-10-16,Shipped,4,10,2004,Classic Cars,146,S18_3482,"Toms Spezialitten, Ltd",0221-5554327,Mehrheimerstr. 369,,Koln,N/A,50739,Germany,EMEA,Pfalzheim,Henriette,Medium
10320,25,100.0,5,2500.0,2004-11-03,Shipped,4,11,2004,Classic Cars,146,S18_3482,"Volvo Model Replicas, Co",0921-12 3555,Berguvsvgen  8,,Lule,N/A,S-958 22,Sweden,EMEA,Berglund,Christina,Small
10330,37,100.0,3,3700.0,2004-11-16,Shipped,4,11,2004,Classic Cars,146,S18_3482,Cruz & Sons Co.,+63 2 555 3587,15 McCallum Street - NatWest Center #13-03,,Makati City,N/A,1227 MM,Philippines,Japan,Cruz,Arnold,Medium
10342,55,100.0,7,5500.0,2004-11-24,Shipped,4,11,2004,Classic Cars,146,S18_3482,"Australian Collectors, Co.",03 9520 4555,636 St Kilda Road,Level 3,Melbourne,Victoria,3004,Australia,APAC,Ferguson,Peter,Medium
10355,23,100.0,7,2300.0,2004-12-07,Shipped,4,12,2004,Classic Cars,146,S18_3482,Euro Shopping Channel,(91) 555 94 44,"C/ Moralzarzal, 86",,Madrid,N/A,28034,Spain,EMEA,Freyre,Diego,Small
10363,24,100.0,11,2400.0,2005-01-06,Shipped,1,1,2005,Classic Cars,146,S18_3482,Suominen Souveniers,+358 9 8045 555,"Software Engineering Center, SEC Oy",,Espoo,N/A,FIN-02271,Finland,EMEA,Suominen,Kalle,Small
10378,43,96.49,10,4149.07,2005-02-10,Shipped,1,2,2005,Classic Cars,146,S18_3482,Euro Shopping Channel,(91) 555 94 44,"C/ Moralzarzal, 86",,Madrid,N/A,28034,Spain,EMEA,Freyre,Diego,Medium
10390,50,100.0,1,5000.0,2005-03-04,Shipped,1,3,2005,Classic Cars,146,S18_3482,Mini Gifts Distributors Ltd.,4155551450,5677 Strong St.,,San Rafael,CA,97562,USA,,Nelson,Valarie,Medium
10109,47,100.0,2,4700.0,2003-03-10,Shipped,1,3,2003,Classic Cars,141,S18_3685,Motor Mint Distributors Inc.,2155559857,11328 Douglas Av.,,Philadelphia,PA,71270,USA,,Hernandez,Rosa,Medium
10123,34,100.0,4,3400.0,2003-05-20,Shipped,2,5,2003,Classic Cars,141,S18_3685,Atelier graphique,40.32.2555,"54, rue Royale",,Nantes,N/A,44000,France,EMEA,Schmitt,Carine,Medium
10137,31,100.0,4,3100.0,2003-07-10,Shipped,3,7,2003,Classic Cars,141,S18_3685,Reims Collectables,26.47.1555,59 rue de l'Abbaye,,Reims,N/A,51100,France,EMEA,Henriot,Paul,Medium
10148,28,100.0,11,2800.0,2003-09-11,Shipped,3,9,2003,Classic Cars,141,S18_3685,"Anna's Decorations, Ltd",02 9936 8555,201 Miller Street,Level 15,North Sydney,NSW,2060,Australia,APAC,O'Hara,Anna,Small
10161,36,100.0,10,3600.0,2003-10-17,Shipped,4,10,2003,Classic Cars,141,S18_3685,Heintze Collectables,86 21 3555,Smagsloget 45,,Aaarhus,N/A,8200,Denmark,EMEA,Ibsen,Palle,Medium
10172,48,100.0,8,4800.0,2003-11-05,Shipped,4,11,2003,Classic Cars,141,S18_3685,Gift Depot Inc.,2035552570,25593 South Bay Ln.,,Bridgewater,CT,97562,USA,,King,Julie,Medium
10181,39,100.0,4,3900.0,2003-11-12,Shipped,4,11,2003,Classic Cars,141,S18_3685,Herkku Gifts,+47 2267 3215,"Drammen 121, PR 744 Sentrum",,Bergen,N/A,N 5804,Norway,EMEA,Oeztan,Veysel,Medium
10192,45,100.0,9,4500.0,2003-11-20,Shipped,4,11,2003,Classic Cars,141,S18_3685,Online Diecast Creations Co.,6035558647,2304 Long Airport Avenue,,Nashua,NH,62005,USA,,Young,Valarie,Medium
10204,35,100.0,15,3500.0,2003-12-02,Shipped,4,12,2003,Classic Cars,141,S18_3685,Muscle Machine Inc,2125557413,4092 Furth Circle,Suite 400,NYC,NY,10022,USA,,Young,Jeff,Medium
10212,45,100.0,8,4500.0,2004-01-16,Shipped,1,1,2004,Classic Cars,141,S18_3685,Euro Shopping Channel,(91) 555 94 44,"C/ Moralzarzal, 86",,Madrid,N/A,28034,Spain,EMEA,Freyre,Diego,Medium
10226,46,100.0,6,4600.0,2004-02-26,Shipped,1,2,2004,Classic Cars,141,S18_3685,Collectable Mini Designs Co.,7605558146,361 Furth Circle,,San Diego,CA,91217,USA,,Thompson,Valarie,Medium
10240,37,100.0,1,3700.0,2004-04-13,Shipped,2,4,2004,Classic Cars,141,S18_3685,Osaka Souveniers Co.,+81 06 6342 5555,"Dojima Avanza 4F, 1-6-20 Dojima, Kita-ku",,Osaka,Osaka,530-0003,Japan,Japan,Kentary,Mory,Medium
10253,31,100.0,3,3100.0,2004-06-01,Cancelled,2,6,2004,Classic Cars,141,S18_3685,"UK Collectables, Ltd.",(171) 555-2282,Berkeley Gardens 12  Brewery,,Liverpool,N/A,WX1 6LT,UK,EMEA,Devon,Elizabeth,Medium
10266,33,100.0,4,3300.0,2004-07-06,Shipped,3,7,2004,Classic Cars,141,S18_3685,L'ordine Souveniers,0522-556555,Strada Provinciale 124,,Reggio Emilia,N/A,42100,Italy,EMEA,Moroni,Maurizio,Medium
10278,31,100.0,4,3100.0,2004-08-06,Shipped,3,8,2004,Classic Cars,141,S18_3685,Signal Gift Stores,7025551838,8489 Strong St.,,Las Vegas,NV,83030,USA,,King,Sue,Medium
10287,27,100.0,2,2700.0,2004-08-30,Shipped,3,8,2004,Classic Cars,141,S18_3685,"Vida Sport, Ltd",0897-034555,Grenzacherweg 237,,Gensve,N/A,1203,Switzerland,EMEA,Holz,Michael,Small
10301,39,100.0,6,3900.0,2003-10-05,Shipped,4,10,2003,Classic Cars,141,S18_3685,"Norway Gifts By Mail, Co.",+47 2212 1555,"Drammensveien 126 A, PB 744 Sentrum",,Oslo,N/A,N 0106,Norway,EMEA,Klaeboe,Jan,Medium
10311,32,100.0,11,3200.0,2004-10-16,Shipped,4,10,2004,Classic Cars,141,S18_3685,Euro Shopping Channel,(91) 555 94 44,"C/ Moralzarzal, 86",,Madrid,N/A,28034,Spain,EMEA,Freyre,Diego,Medium
10321,28,100.0,8,2800.0,2004-11-04,Shipped,4,11,2004,Classic Cars,141,S18_3685,FunGiftIdeas.com,5085552555,1785 First Street,,New Bedford,MA,50553,USA,,Benitez,Violeta,Small
10331,26,67.91,12,1765.66,2004-11-17,Shipped,4,11,2004,Classic Cars,141,S18_3685,Motor Mint Distributors Inc.,2155559857,11328 Douglas Av.,,Philadelphia,PA,71270,USA,,Hernandez,Rosa,Small
10343,44,84.88,2,3734.72,2004-11-24,Shipped,4,11,2004,Classic Cars,141,S18_3685,Reims Collectables,26.47.1555,59 rue de l'Abbaye,,Reims,N/A,51100,France,EMEA,Henriot,Paul,Medium
10367,46,100.0,6,4600.0,2005-01-12,Resolved,1,1,2005,Classic Cars,141,S18_3685,Toys4GrownUps.com,6265557265,78934 Hillside Dr.,,Pasadena,CA,90003,USA,,Young,Julie,Medium
10379,32,70.83,4,2266.56,2005-02-10,Shipped,1,2,2005,Classic Cars,141,S18_3685,Euro Shopping Channel,(91) 555 94 44,"C/ Moralzarzal, 86",,Madrid,N/A,28034,Spain,EMEA,Freyre,Diego,Small
10406,65,100.0,1,6500.0,2005-04-15,Disputed,2,4,2005,Classic Cars,141,S18_3685,Danish Wholesale Imports,31 12 3555,Vinb'ltet 34,,Kobenhavn,N/A,1734,Denmark,EMEA,Petersen,Jytte,Medium
10419,43,100.0,3,4300.0,2005-05-17,Shipped,2,5,2005,Classic Cars,141,S18_3685,Salzburg Collectables,6562-9555,Geislweg 14,,Salzburg,N/A,5020,Austria,EMEA,Pipps,Georg,Medium
10108,43,62.0,12,2666.0,2003-03-03,Shipped,1,3,2003,Motorcycles,62,S18_3782,Cruz & Sons Co.,+63 2 555 3587,15 McCallum Street - NatWest Center #13-03,,Makati City,N/A,1227 MM,Philippines,Japan,Cruz,Arnold,Small
10122,35,49.74,16,1740.9,2003-05-08,Shipped,2,5,2003,Motorcycles,62,S18_3782,Marseille Mini Autos,91.24.4555,"12, rue des Bouchers",,Marseille,N/A,13008,France,EMEA,Lebihan,Laurence,Small
10135,45,50.36,13,2266.2,2003-07-02,Shipped,3,7,2003,Motorcycles,62,S18_3782,Mini Gifts Distributors Ltd.,4155551450,5677 Strong St.,,San Rafael,CA,97562,USA,,Nelson,Valarie,Small
10146,47,62.0,2,2914.0,2003-09-03,Shipped,3,9,2003,Motorcycles,62,S18_3782,Gift Ideas Corp.,2035554407,2440 Pompton St.,,Glendale,CT,97561,USA,,Lewis,Dan,Small
10159,21,62.0,8,1302.0,2003-10-10,Shipped,4,10,2003,Motorcycles,62,S18_3782,Corporate Gift Ideas Co.,6505551386,7734 Strong St.,,San Francisco,CA,UNKNOWN,USA,,Brown,Julie,Small
10169,38,62.0,8,2356.0,2003-11-04,Shipped,4,11,2003,Motorcycles,62,S18_3782,"Anna's Decorations, Ltd",02 9936 8555,201 Miller Street,Level 15,North Sydney,NSW,2060,Australia,APAC,O'Hara,Anna,Small
10180,21,50.36,3,1057.56,2003-11-11,Shipped,4,11,2003,Motorcycles,62,S18_3782,Daedalus Designs Imports,20.16.1555,"184, chausse de Tournai",,Lille,N/A,59000,France,EMEA,Rance,Martine,Small
10191,43,62.0,9,2666.0,2003-11-20,Shipped,4,11,2003,Motorcycles,62,S18_3782,"Toms Spezialitten, Ltd",0221-5554327,Mehrheimerstr. 369,,Koln,N/A,50739,Germany,EMEA,Pfalzheim,Henriette,Small
10211,46,54.09,8,2488.14,2004-01-15,Shipped,1,1,2004,Motorcycles,62,S18_3782,Auto Canal Petit,(1) 47.55.6555,"25, rue Lauriston",,Paris,N/A,75016,France,EMEA,Perrier,Dominique,Small
10224,38,58.44,1,2220.72,2004-02-21,Shipped,1,2,2004,Motorcycles,62,S18_3782,Daedalus Designs Imports,20.16.1555,"184, chausse de Tournai",,Lille,N/A,59000,France,EMEA,Rance,Martine,Small
10237,26,52.22,1,1357.72,2004-04-05,Shipped,2,4,2004,Motorcycles,62,S18_3782,Vitachrome Inc.,2125551500,2678 Kingston Rd.,Suite 101,NYC,NY,10022,USA,,Frick,Michael,Small
10252,31,52.84,5,1638.04,2004-05-26,Shipped,2,5,2004,Motorcycles,62,S18_3782,Auto Canal Petit,(1) 47.55.6555,"25, rue Lauriston",,Paris,N/A,75016,France,EMEA,Perrier,Dominique,Small
10264,48,54.71,3,2626.08,2004-06-30,Shipped,2,6,2004,Motorcycles,62,S18_3782,Gifts4AllAges.com,6175559555,8616 Spinnaker Dr.,,Boston,MA,51003,USA,,Yoshido,Juri,Small
10276,33,50.36,9,1661.88,2004-08-02,Shipped,3,8,2004,Motorcycles,62,S18_3782,Online Mini Collectables,6175557555,7635 Spinnaker Dr.,,Brickhaven,MA,58339,USA,,Barajas,Miguel,Small
10286,38,57.2,1,2173.6,2004-08-28,Shipped,3,8,2004,Motorcycles,62,S18_3782,"La Corne D'abondance, Co.",(1) 42.34.2555,"265, boulevard Charonne",,Paris,N/A,75012,France,EMEA,Bertrand,Marie,Small
10299,39,55.95,3,2182.05,2004-09-30,Shipped,3,9,2004,Motorcycles,62,S18_3782,"Toys of Finland, Co.",90-224 8555,Keskuskatu 45,,Helsinki,N/A,21240,Finland,EMEA,Karttunen,Matti,Small
10310,42,62.0,16,2604.0,2004-10-16,Shipped,4,10,2004,Motorcycles,62,S18_3782,"Toms Spezialitten, Ltd",0221-5554327,Mehrheimerstr. 369,,Koln,N/A,50739,Germany,EMEA,Pfalzheim,Henriette,Small
10319,44,59.06,4,2598.64,2004-11-03,Shipped,4,11,2004,Motorcycles,62,S18_3782,Microscale Inc.,2125551957,5290 North Pendale Street,Suite 200,NYC,NY,10022,USA,,Kuo,Kee,Small
10330,29,62.0,2,1798.0,2004-11-16,Shipped,4,11,2004,Motorcycles,62,S18_3782,Cruz & Sons Co.,+63 2 555 3587,15 McCallum Street - NatWest Center #13-03,,Makati City,N/A,1227 MM,Philippines,Japan,Cruz,Arnold,Small
10342,26,55.95,8,1454.7,2004-11-24,Shipped,4,11,2004,Motorcycles,62,S18_3782,"Australian Collectors, Co.",03 9520 4555,636 St Kilda Road,Level 3,Melbourne,Victoria,3004,Australia,APAC,Ferguson,Peter,Small
10355,31,53.47,1,1657.57,2004-12-07,Shipped,4,12,2004,Motorcycles,62,S18_3782,Euro Shopping Channel,(91) 555 94 44,"C/ Moralzarzal, 86",,Madrid,N/A,28034,Spain,EMEA,Freyre,Diego,Small
10363,32,62.0,12,1984.0,2005-01-06,Shipped,1,1,2005,Motorcycles,62,S18_3782,Suominen Souveniers,+358 9 8045 555,"Software Engineering Center, SEC Oy",,Espoo,N/A,FIN-02271,Finland,EMEA,Suominen,Kalle,Small
10378,28,62.0,9,1736.0,2005-02-10,Shipped,1,2,2005,Motorcycles,62,S18_3782,Euro Shopping Channel,(91) 555 94 44,"C/ Moralzarzal, 86",,Madrid,N/A,28034,Spain,EMEA,Freyre,Diego,Small
10390,36,62.0,2,2232.0,2005-03-04,Shipped,1,3,2005,Motorcycles,62,S18_3782,Mini Gifts Distributors Ltd.,4155551450,5677 Strong St.,,San Rafael,CA,97562,USA,,Nelson,Valarie,Small
10403,36,52.22,1,1879.92,2005-04-08,Shipped,2,4,2005,Motorcycles,62,S18_3782,"UK Collectables, Ltd.",(171) 555-2282,Berkeley Gardens 12  Brewery,,Liverpool,N/A,WX1 6LT,UK,EMEA,Devon,Elizabeth,Small
10106,41,100.0,17,4100.0,2003-02-17,Shipped,1,2,2003,Vintage Cars,105,S18_3856,Rovelli Gifts,035-640555,Via Ludovico il Moro 22,,Bergamo,N/A,24100,Italy,EMEA,Rovelli,Giovanni,Medium
10119,27,99.52,8,2687.04,2003-04-28,Shipped,2,4,2003,Vintage Cars,105,S18_3856,Salzburg Collectables,6562-9555,Geislweg 14,,Salzburg,N/A,5020,Austria,EMEA,Pipps,Georg,Small
10130,33,100.0,1,3300.0,2003-06-16,Shipped,2,6,2003,Vintage Cars,105,S18_3856,Auto-Moto Classics Inc.,6175558428,16780 Pompton St.,,Brickhaven,MA,58339,USA,,Taylor,Leslie,Medium
10143,34,100.0,12,3400.0,2003-08-10,Shipped,3,8,2003,Vintage Cars,105,S18_3856,Mini Creations Ltd.,5085559555,4575 Hillside Dr.,,New Bedford,MA,50553,USA,,Tam,Wing C,Medium
10155,29,100.0,10,2900.0,2003-10-06,Shipped,4,10,2003,Vintage Cars,105,S18_3856,"Toys of Finland, Co.",90-224 8555,Keskuskatu 45,,Helsinki,N/A,21240,Finland,EMEA,Karttunen,Matti,Small
10167,34,100.0,6,3400.0,2003-10-23,Cancelled,4,10,2003,Vintage Cars,105,S18_3856,Scandinavian Gift Ideas,0695-34 6555,?kergatan 24,,Boras,N/A,S-844 67,Sweden,EMEA,Larsson,Maria,Medium
10178,48,100.0,9,4800.0,2003-11-08,Shipped,4,11,2003,Vintage Cars,105,S18_3856,Alpha Cognac,61.77.6555,1 rue Alsace-Lorraine,,Toulouse,N/A,31000,France,EMEA,Roulet,Annette,Medium
10186,46,100.0,6,4600.0,2003-11-14,Shipped,4,11,2003,Vintage Cars,105,S18_3856,"Double Decker Gift Stores, Ltd",(171) 555-7555,120 Hanover Sq.,,London,N/A,WA1 1DP,UK,EMEA,Hardy,Thomas,Medium
10197,22,100.0,3,2200.0,2003-11-26,Shipped,4,11,2003,Vintage Cars,105,S18_3856,Enaco Distributors,(93) 203 4555,"Rambla de Catalu¤a, 23",,Barcelona,N/A,8022,Spain,EMEA,Saavedra,Eduardo,Small
10209,20,100.0,5,2000.0,2004-01-09,Shipped,1,1,2004,Vintage Cars,105,S18_3856,"Men 'R' US Retailers, Ltd.",2155554369,6047 Douglas Av.,,Los Angeles,CA,UNKNOWN,USA,,Chandler,Michael,Small
10222,45,85.75,9,3858.75,2004-02-19,Shipped,1,2,2004,Vintage Cars,105,S18_3856,Collectable Mini Designs Co.,7605558146,361 Furth Circle,,San Diego,CA,91217,USA,,Thompson,Valarie,Medium
10249,46,100.0,5,4600.0,2004-05-08,Shipped,2,5,2004,Vintage Cars,105,S18_3856,Cambridge Collectables Co.,6175555555,4658 Baden Av.,,Cambridge,MA,51247,USA,,Tseng,Kyung,Medium
10262,34,100.0,14,3400.0,2004-06-24,Cancelled,2,6,2004,Vintage Cars,105,S18_3856,Euro Shopping Channel,(91) 555 94 44,"C/ Moralzarzal, 86",,Madrid,N/A,28034,Spain,EMEA,Freyre,Diego,Medium
10273,50,85.75,1,4287.5,2004-07-21,Shipped,3,7,2004,Vintage Cars,105,S18_3856,Petit Auto,(02) 5554 67,Rue Joseph-Bens 532,,Bruxelles,N/A,B-1180,Belgium,EMEA,Dewey,Catherine,Medium
10283,46,100.0,3,4600.0,2004-08-20,Shipped,3,8,2004,Vintage Cars,105,S18_3856,"Royal Canadian Collectables, Ltd.",(604) 555-4555,23 Tsawassen Blvd.,,Tsawassen,BC,T2F 8M4,Canada,,Lincoln,Elizabeth,Medium
10296,22,84.7,12,1863.4,2004-09-15,Shipped,3,9,2004,Vintage Cars,105,S18_3856,"Bavarian Collectables Imports, Co.",+49 89 61 08 9555,Hansastr. 15,,Munich,N/A,80686,Germany,EMEA,Donnermeyer,Michael,Small
10307,48,86.81,6,4166.88,2004-10-14,Shipped,4,10,2004,Vintage Cars,105,S18_3856,"Classic Gift Ideas, Inc",2155554695,782 First Street,,Philadelphia,PA,71270,USA,,Cervantes,Francisca,Medium
10316,47,86.81,14,4080.07,2004-11-01,Shipped,4,11,2004,Vintage Cars,105,S18_3856,giftsbymail.co.uk,(198) 555-8888,Garden House Crowther Way,,Cowes,Isle of Wight,PO31 7PJ,UK,EMEA,Bennett,Helen,Medium
10328,34,100.0,6,3400.0,2004-11-12,Shipped,4,11,2004,Vintage Cars,105,S18_3856,Rovelli Gifts,035-640555,Via Ludovico il Moro 22,,Bergamo,N/A,24100,Italy,EMEA,Rovelli,Giovanni,Medium
10338,45,100.0,2,4500.0,2004-11-22,Shipped,4,11,2004,Vintage Cars,105,S18_3856,Royale Belge,(071) 23 67 2555,"Boulevard Tirou, 255",,Charleroi,N/A,B-6000,Belgium,EMEA,Cartrain,Pascale,Medium
10351,20,100.0,2,2000.0,2004-12-03,Shipped,4,12,2004,Vintage Cars,105,S18_3856,"Stylish Desk Decors, Co.",(171) 555-0297,35 King George,,London,N/A,WX3 6FW,UK,EMEA,Brown,Ann,Small
10373,50,60.49,6,3024.5,2005-01-31,Shipped,1,1,2005,Vintage Cars,105,S18_3856,"Oulu Toy Supplies, Inc.",981-443655,Torikatu 38,,Oulu,N/A,90110,Finland,EMEA,Koskitalo,Pirkko,Medium
10386,22,57.55,6,1266.1,2005-03-01,Resolved,1,3,2005,Vintage Cars,105,S18_3856,Euro Shopping Channel,(91) 555 94 44,"C/ Moralzarzal, 86",,Madrid,N/A,28034,Spain,EMEA,Freyre,Diego,Small
10398,45,100.0,17,4500.0,2005-03-30,Shipped,1,3,2005,Vintage Cars,105,S18_3856,Reims Collectables,26.47.1555,59 rue de l'Abbaye,,Reims,N/A,51100,France,EMEA,Henriot,Paul,Medium
10400,58,100.0,6,5800.0,2005-04-01,Shipped,2,4,2005,Vintage Cars,105,S18_3856,The Sharp Gifts Warehouse,4085553659,3086 Ingle Ln.,,San Jose,CA,94217,USA,,Frick,Sue,Medium
10415,51,100.0,5,5100.0,2005-05-09,Disputed,2,5,2005,Vintage Cars,105,S18_3856,"Australian Collectables, Ltd",61-9-3844-6555,7 Allen Street,,Glen Waverly,Victoria,3150,Australia,APAC,Connery,Sean,Medium
10104,38,100.0,3,3800.0,2003-01-31,Shipped,1,1,2003,Classic Cars,143,S18_4027,Euro Shopping Channel,(91) 555 94 44,"C/ Moralzarzal, 86",,Madrid,N/A,28034,Spain,EMEA,Freyre,Diego,Medium
10117,22,100.0,12,2200.0,2003-04-16,Shipped,2,4,2003,Classic Cars,143,S18_4027,"Dragon Souveniers, Ltd.",+65 221 7555,"Bronz Sok., Bronz Apt. 3/6 Tesvikiye",,Singapore,N/A,79903,Singapore,Japan,Natividad,Eric,Small
10127,25,100.0,5,2500.0,2003-06-03,Shipped,2,6,2003,Classic Cars,143,S18_4027,Muscle Machine Inc,2125557413,4092 Furth Circle,Suite 400,NYC,NY,10022,USA,,Young,Jeff,Small
10142,24,100.0,15,2400.0,2003-08-08,Shipped,3,8,2003,Classic Cars,143,S18_4027,Mini Gifts Distributors Ltd.,4155551450,5677 Strong St.,,San Rafael,CA,97562,USA,,Nelson,Valarie,Small
10152,35,100.0,1,3500.0,2003-09-25,Shipped,3,9,2003,Classic Cars,143,S18_4027,"Australian Gift Network, Co",61-7-3844-6555,31 Duncan St. West End,,South Brisbane,Queensland,4101,Australia,APAC,Calaghan,Tony,Medium
10165,28,100.0,6,2800.0,2003-10-22,Shipped,4,10,2003,Classic Cars,143,S18_4027,"Dragon Souveniers, Ltd.",+65 221 7555,"Bronz Sok., Bronz Apt. 3/6 Tesvikiye",,Singapore,N/A,79903,Singapore,Japan,Natividad,Eric,Small
10176,36,100.0,5,3600.0,2003-11-06,Shipped,4,11,2003,Classic Cars,143,S18_4027,L'ordine Souveniers,0522-556555,Strada Provinciale 124,,Reggio Emilia,N/A,42100,Italy,EMEA,Moroni,Maurizio,Medium
10185,39,100.0,16,3900.0,2003-11-14,Shipped,4,11,2003,Classic Cars,143,S18_4027,Mini Creations Ltd.,5085559555,4575 Hillside Dr.,,New Bedford,MA,50553,USA,,Tam,Wing C,Medium
10196,27,100.0,8,2700.0,2003-11-26,Shipped,4,11,2003,Classic Cars,143,S18_4027,Super Scale Inc.,2035559545,567 North Pendale Street,,New Haven,CT,97823,USA,,Murphy,Leslie,Small
10207,40,100.0,1,4000.0,2003-12-09,Shipped,4,12,2003,Classic Cars,143,S18_4027,Diecast Collectables,6175552555,6251 Ingle Ln.,,Boston,MA,51003,USA,,Franco,Valarie,Medium
10220,50,100.0,5,5000.0,2004-02-12,Shipped,1,2,2004,Classic Cars,143,S18_4027,"Clover Collections, Co.",+353 1862 1555,25 Maiden Lane,Floor No. 4,Dublin,N/A,2,Ireland,EMEA,Cassidy,Dean,Medium
10230,42,100.0,3,4200.0,2004-03-15,Shipped,1,3,2004,Classic Cars,143,S18_4027,"Blauer See Auto, Co.",+49 69 66 90 2555,Lyonerstr. 34,,Frankfurt,N/A,60528,Germany,EMEA,Keitel,Roland,Medium
10247,48,100.0,5,4800.0,2004-05-05,Shipped,2,5,2004,Classic Cars,143,S18_4027,Suominen Souveniers,+358 9 8045 555,"Software Engineering Center, SEC Oy",,Espoo,N/A,FIN-02271,Finland,EMEA,Suominen,Kalle,Medium
10272,25,100.0,5,2500.0,2004-07-20,Shipped,3,7,2004,Classic Cars,143,S18_4027,Diecast Classics Inc.,2155551555,7586 Pompton St.,,Allentown,PA,70267,USA,,Yu,Kyung,Small
10282,31,100.0,8,3100.0,2004-08-20,Shipped,3,8,2004,Classic Cars,143,S18_4027,Mini Gifts Distributors Ltd.,4155551450,5677 Strong St.,,San Rafael,CA,97562,USA,,Nelson,Valarie,Medium
10292,44,100.0,2,4400.0,2004-09-08,Shipped,3,9,2004,Classic Cars,143,S18_4027,Land of Toys Inc.,2125557818,897 Long Airport Avenue,,NYC,NY,10022,USA,,Yu,Kwai,Medium
10306,23,100.0,16,2300.0,2004-10-14,Shipped,4,10,2004,Classic Cars,143,S18_4027,"AV Stores, Co.",(171) 555-1555,Fauntleroy Circus,,Manchester,N/A,EC2 5NT,UK,EMEA,Ashworth,Victoria,Small
10314,29,100.0,8,2900.0,2004-10-22,Shipped,4,10,2004,Classic Cars,143,S18_4027,Heintze Collectables,86 21 3555,Smagsloget 45,,Aaarhus,N/A,8200,Denmark,EMEA,Ibsen,Palle,Small
10324,49,100.0,13,4900.0,2004-11-05,Shipped,4,11,2004,Classic Cars,143,S18_4027,Vitachrome Inc.,2125551500,2678 Kingston Rd.,Suite 101,NYC,NY,10022,USA,,Frick,Michael,Medium
10337,36,100.0,3,3600.0,2004-11-21,Shipped,4,11,2004,Classic Cars,143,S18_4027,Classic Legends Inc.,2125558493,5905 Pompton St.,Suite 750,NYC,NY,10022,USA,,Hernandez,Maria,Medium
10349,34,100.0,5,3400.0,2004-12-01,Shipped,4,12,2004,Classic Cars,143,S18_4027,Muscle Machine Inc,2125557413,4092 Furth Circle,Suite 400,NYC,NY,10022,USA,,Young,Jeff,Medium
10358,25,100.0,13,2500.0,2004-12-10,Shipped,4,12,2004,Classic Cars,143,S18_4027,Euro Shopping Channel,(91) 555 94 44,"C/ Moralzarzal, 86",,Madrid,N/A,28034,Spain,EMEA,Freyre,Diego,Small
10372,48,100.0,6,4800.0,2005-01-26,Shipped,1,1,2005,Classic Cars,143,S18_4027,"Tokyo Collectables, Ltd",+81 3 3584 0555,2-2-8 Roppongi,,Minato-ku,Tokyo,106-0032,Japan,Japan,Shimamura,Akiko,Medium
10383,38,100.0,1,3800.0,2005-02-22,Shipped,1,2,2005,Classic Cars,143,S18_4027,Euro Shopping Channel,(91) 555 94 44,"C/ Moralzarzal, 86",,Madrid,N/A,28034,Spain,EMEA,Freyre,Diego,Medium
10394,37,100.0,1,3700.0,2005-03-15,Shipped,1,3,2005,Classic Cars,143,S18_4027,Euro Shopping Channel,(91) 555 94 44,"C/ Moralzarzal, 86",,Madrid,N/A,28034,Spain,EMEA,Freyre,Diego,Medium
10413,49,100.0,5,4900.0,2005-05-05,Shipped,2,5,2005,Classic Cars,143,S18_4027,Gift Depot Inc.,2035552570,25593 South Bay Ln.,,Bridgewater,CT,97562,USA,,King,Julie,Medium
10100,22,86.51,4,1903.22,2003-01-06,Shipped,1,1,2003,Vintage Cars,92,S18_4409,Online Diecast Creations Co.,6035558647,2304 Long Airport Avenue,,Nashua,NH,62005,USA,,Young,Valarie,Small
10110,28,89.27,8,2499.56,2003-03-18,Shipped,1,3,2003,Vintage Cars,92,S18_4409,"AV Stores, Co.",(171) 555-1555,Fauntleroy Circus,,Manchester,N/A,EC2 5NT,UK,EMEA,Ashworth,Victoria,Small
10124,36,85.59,7,3081.24,2003-05-21,Shipped,2,5,2003,Vintage Cars,92,S18_4409,Signal Gift Stores,7025551838,8489 Strong St.,,Las Vegas,NV,83030,USA,,King,Sue,Medium
10148,34,92.0,1,3128.0,2003-09-11,Shipped,3,9,2003,Vintage Cars,92,S18_4409,"Anna's Decorations, Ltd",02 9936 8555,201 Miller Street,Level 15,North Sydney,NSW,2060,Australia,APAC,O'Hara,Anna,Medium
10162,39,92.0,10,3588.0,2003-10-18,Shipped,4,10,2003,Vintage Cars,92,S18_4409,Corporate Gift Ideas Co.,6505551386,7734 Strong St.,,San Francisco,CA,UNKNOWN,USA,,Brown,Julie,Medium
10173,21,75.46,14,1584.66,2003-11-05,Shipped,4,11,2003,Vintage Cars,92,S18_4409,Rovelli Gifts,035-640555,Via Ludovico il Moro 22,,Bergamo,N/A,24100,Italy,EMEA,Rovelli,Giovanni,Small
10182,36,92.0,11,3312.0,2003-11-12,Shipped,4,11,2003,Vintage Cars,92,S18_4409,Mini Gifts Distributors Ltd.,4155551450,5677 Strong St.,,San Rafael,CA,97562,USA,,Nelson,Valarie,Medium
10193,24,92.0,15,2208.0,2003-11-21,Shipped,4,11,2003,Vintage Cars,92,S18_4409,"Australian Collectables, Ltd",61-9-3844-6555,7 Allen Street,,Glen Waverly,Victoria,3150,Australia,APAC,Connery,Sean,Small
10204,29,85.59,5,2482.11,2003-12-02,Shipped,4,12,2003,Vintage Cars,92,S18_4409,Muscle Machine Inc,2125557413,4092 Furth Circle,Suite 400,NYC,NY,10022,USA,,Young,Jeff,Small
10213,38,92.0,1,3496.0,2004-01-22,Shipped,1,1,2004,Vintage Cars,92,S18_4409,"Double Decker Gift Stores, Ltd",(171) 555-7555,120 Hanover Sq.,,London,N/A,WA1 1DP,UK,EMEA,Hardy,Thomas,Medium
10227,34,92.0,11,3128.0,2004-03-02,Shipped,1,3,2004,Vintage Cars,92,S18_4409,"Saveley & Henriot, Co.",78.32.5555,"2, rue du Commerce",,Lyon,N/A,69004,France,EMEA,Saveley,Mary,Medium
10241,42,90.19,3,3787.98,2004-04-13,Shipped,2,4,2004,Vintage Cars,92,S18_4409,Mini Caravy,88.60.1555,"24, place Kluber",,Strasbourg,N/A,67000,France,EMEA,Citeaux,Frederique,Medium
10280,35,92.0,17,3220.0,2004-08-17,Shipped,3,8,2004,Vintage Cars,92,S18_4409,Amica Models & Co.,011-4988555,Via Monte Bianco 34,,Torino,N/A,10100,Italy,EMEA,Accorti,Paolo,Medium
10288,35,80.99,6,2834.65,2004-09-01,Shipped,3,9,2004,Vintage Cars,92,S18_4409,Handji Gifts& Co,+65 224 1555,Village Close - 106 Linden Road Sandown,2nd Floor,Singapore,N/A,69045,Singapore,Japan,Victorino,Wendy,Small
10302,38,89.27,2,3392.26,2003-10-06,Shipped,4,10,2003,Vintage Cars,92,S18_4409,"UK Collectables, Ltd.",(171) 555-2282,Berkeley Gardens 12  Brewery,,Liverpool,N/A,WX1 6LT,UK,EMEA,Devon,Elizabeth,Medium
10311,41,81.91,1,3358.31,2004-10-16,Shipped,4,10,2004,Vintage Cars,92,S18_4409,Euro Shopping Channel,(91) 555 94 44,"C/ Moralzarzal, 86",,Madrid,N/A,28034,Spain,EMEA,Freyre,Diego,Medium
10332,50,92.0,2,4600.0,2004-11-17,Shipped,4,11,2004,Vintage Cars,92,S18_4409,"AV Stores, Co.",(171) 555-1555,Fauntleroy Circus,,Manchester,N/A,EC2 5NT,UK,EMEA,Ashworth,Victoria,Medium
10344,21,92.0,4,1932.0,2004-11-25,Shipped,4,11,2004,Vintage Cars,92,S18_4409,Marseille Mini Autos,91.24.4555,"12, rue des Bouchers",,Marseille,N/A,13008,France,EMEA,Lebihan,Laurence,Small
10367,43,62.72,8,2696.96,2005-01-12,Resolved,1,1,2005,Vintage Cars,92,S18_4409,Toys4GrownUps.com,6265557265,78934 Hillside Dr.,,Pasadena,CA,90003,USA,,Young,Julie,Small
10380,32,92.0,1,2944.0,2005-02-16,Shipped,1,2,2005,Vintage Cars,92,S18_4409,Euro Shopping Channel,(91) 555 94 44,"C/ Moralzarzal, 86",,Madrid,N/A,28034,Spain,EMEA,Freyre,Diego,Small
10407,6,90.19,3,541.14,2005-04-22,On Hold,2,4,2005,Vintage Cars,92,S18_4409,The Sharp Gifts Warehouse,4085553659,3086 Ingle Ln.,,San Jose,CA,94217,USA,,Frick,Sue,Small
10420,66,92.0,6,6072.0,2005-05-29,In Process,2,5,2005,Vintage Cars,92,S18_4409,Souveniers And Things Co.,+61 2 9495 8555,"Monitor Money Building, 815 Pacific Hwy",Level 6,Chatswood,NSW,2067,Australia,APAC,Huxley,Adrian,Medium
10105,41,82.5,10,3382.5,2003-02-11,Shipped,1,2,2003,Vintage Cars,87,S18_4522,Danish Wholesale Imports,31 12 3555,Vinb'ltet 34,,Kobenhavn,N/A,1734,Denmark,EMEA,Petersen,Jytte,Medium
10117,23,87.0,4,2001.0,2003-04-16,Shipped,2,4,2003,Vintage Cars,87,S18_4522,"Dragon Souveniers, Ltd.",+65 221 7555,"Bronz Sok., Bronz Apt. 3/6 Tesvikiye",,Singapore,N/A,79903,Singapore,Japan,Natividad,Eric,Small
10128,43,87.0,1,3741.0,2003-06-06,Shipped,2,6,2003,Vintage Cars,87,S18_4522,Euro Shopping Channel,(91) 555 94 44,"C/ Moralzarzal, 86",,Madrid,N/A,28034,Spain,EMEA,Freyre,Diego,Medium
10142,24,70.22,7,1685.28,2003-08-08,Shipped,3,8,2003,Vintage Cars,87,S18_4522,Mini Gifts Distributors Ltd.,4155551450,5677 Strong St.,,San Rafael,CA,97562,USA,,Nelson,Valarie,Small
10153,22,83.38,6,1834.36,2003-09-28,Shipped,3,9,2003,Vintage Cars,87,S18_4522,Euro Shopping Channel,(91) 555 94 44,"C/ Moralzarzal, 86",,Madrid,N/A,28034,Spain,EMEA,Freyre,Diego,Small
10166,26,73.73,1,1916.98,2003-10-21,Shipped,4,10,2003,Vintage Cars,87,S18_4522,FunGiftIdeas.com,5085552555,1785 First Street,,New Bedford,MA,50553,USA,,Benitez,Violeta,Small
10177,35,74.6,8,2611.0,2003-11-07,Shipped,4,11,2003,Vintage Cars,87,S18_4522,CAF Imports,+34 913 728 555,"Merchants House, 27-30 Merchant's Quay",,Madrid,N/A,28023,Spain,EMEA,Fernandez,Jesus,Small
10185,47,77.24,8,3630.28,2003-11-14,Shipped,4,11,2003,Vintage Cars,87,S18_4522,Mini Creations Ltd.,5085559555,4575 Hillside Dr.,,New Bedford,MA,50553,USA,,Tam,Wing C,Medium
10197,50,87.0,14,4350.0,2003-11-26,Shipped,4,11,2003,Vintage Cars,87,S18_4522,Enaco Distributors,(93) 203 4555,"Rambla de Catalu¤a, 23",,Barcelona,N/A,8022,Spain,EMEA,Saavedra,Eduardo,Medium
10208,45,87.0,8,3915.0,2004-01-02,Shipped,1,1,2004,Vintage Cars,87,S18_4522,"Saveley & Henriot, Co.",78.32.5555,"2, rue du Commerce",,Lyon,N/A,69004,France,EMEA,Saveley,Mary,Medium
10221,39,87.0,2,3393.0,2004-02-18,Shipped,1,2,2004,Vintage Cars,87,S18_4522,Petit Auto,(02) 5554 67,Rue Joseph-Bens 532,,Bruxelles,N/A,B-1180,Belgium,EMEA,Dewey,Catherine,Medium
10232,23,87.0,5,2001.0,2004-03-20,Shipped,1,3,2004,Vintage Cars,87,S18_4522,giftsbymail.co.uk,(198) 555-8888,Garden House Crowther Way,,Cowes,Isle of Wight,PO31 7PJ,UK,EMEA,Bennett,Helen,Small
10248,42,75.48,11,3170.16,2004-05-07,Cancelled,2,5,2004,Vintage Cars,87,S18_4522,Land of Toys Inc.,2125557818,897 Long Airport Avenue,,NYC,NY,10022,USA,,Yu,Kwai,Medium
10261,20,87.0,9,1740.0,2004-06-17,Shipped,2,6,2004,Vintage Cars,87,S18_4522,Quebec Home Shopping Network,(514) 555-8054,43 rue St. Laurent,,Montreal,Quebec,H1J 1C3,Canada,,Fresnisre,Jean,Small
10273,33,71.09,12,2345.97,2004-07-21,Shipped,3,7,2004,Vintage Cars,87,S18_4522,Petit Auto,(02) 5554 67,Rue Joseph-Bens 532,,Bruxelles,N/A,B-1180,Belgium,EMEA,Dewey,Catherine,Small
10283,34,87.0,14,2958.0,2004-08-20,Shipped,3,8,2004,Vintage Cars,87,S18_4522,"Royal Canadian Collectables, Ltd.",(604) 555-4555,23 Tsawassen Blvd.,,Tsawassen,BC,T2F 8M4,Canada,,Lincoln,Elizabeth,Small
10293,49,87.0,3,4263.0,2004-09-09,Shipped,3,9,2004,Vintage Cars,87,S18_4522,Amica Models & Co.,011-4988555,Via Monte Bianco 34,,Torino,N/A,10100,Italy,EMEA,Accorti,Paolo,Medium
10306,39,87.0,8,3393.0,2004-10-14,Shipped,4,10,2004,Vintage Cars,87,S18_4522,"AV Stores, Co.",(171) 555-1555,Fauntleroy Circus,,Manchester,N/A,EC2 5NT,UK,EMEA,Ashworth,Victoria,Medium
10315,36,87.0,7,3132.0,2004-10-29,Shipped,4,10,2004,Vintage Cars,87,S18_4522,La Rochelle Gifts,40.67.8555,"67, rue des Cinquante Otages",,Nantes,N/A,44000,France,EMEA,Labrune,Janine,Medium
10326,50,86.01,5,4300.5,2004-11-09,Shipped,4,11,2004,Vintage Cars,87,S18_4522,"Volvo Model Replicas, Co",0921-12 3555,Berguvsvgen  8,,Lule,N/A,S-958 22,Sweden,EMEA,Berglund,Christina,Medium
10337,29,87.0,2,2523.0,2004-11-21,Shipped,4,11,2004,Vintage Cars,87,S18_4522,Classic Legends Inc.,2125558493,5905 Pompton St.,Suite 750,NYC,NY,10022,USA,,Hernandez,Maria,Small
10350,30,87.0,3,2610.0,2004-12-02,Shipped,4,12,2004,Vintage Cars,87,S18_4522,Euro Shopping Channel,(91) 555 94 44,"C/ Moralzarzal, 86",,Madrid,N/A,28034,Spain,EMEA,Freyre,Diego,Small
10372,41,86.89,7,3562.49,2005-01-26,Shipped,1,1,2005,Vintage Cars,87,S18_4522,"Tokyo Collectables, Ltd",+81 3 3584 0555,2-2-8 Roppongi,,Minato-ku,Tokyo,106-0032,Japan,Japan,Shimamura,Akiko,Medium
10383,28,58.58,7,1640.24,2005-02-22,Shipped,1,2,2005,Vintage Cars,87,S18_4522,Euro Shopping Channel,(91) 555 94 44,"C/ Moralzarzal, 86",,Madrid,N/A,28034,Spain,EMEA,Freyre,Diego,Small
10396,45,87.0,5,3915.0,2005-03-23,Shipped,1,3,2005,Vintage Cars,87,S18_4522,Mini Gifts Distributors Ltd.,4155551450,5677 Strong St.,,San Rafael,CA,97562,USA,,Nelson,Valarie,Medium
10414,16,75.48,11,1207.68,2005-05-06,On Hold,2,5,2005,Vintage Cars,87,S18_4522,Gifts4AllAges.com,6175559555,8616 Spinnaker Dr.,,Boston,MA,51003,USA,,Yoshido,Juri,Small
10103,36,100.0,5,3600.0,2003-01-29,Shipped,1,1,2003,Trucks and Buses,121,S18_4600,Baane Mini Imports,07-98 9555,Erling Skakkes gate 78,,Stavern,N/A,4110,Norway,EMEA,Bergulfsen,Jonas,Medium
10114,41,100.0,9,4100.0,2003-04-01,Shipped,2,4,2003,Trucks and Buses,121,S18_4600,"La Corne D'abondance, Co.",(1) 42.34.2555,"265, boulevard Charonne",,Paris,N/A,75012,France,EMEA,Bertrand,Marie,Medium
10126,50,100.0,5,5000.0,2003-05-28,Shipped,2,5,2003,Trucks and Buses,121,S18_4600,"Corrida Auto Replicas, Ltd",(91) 555 22 82,"C/ Araquil, 67",,Madrid,N/A,28023,Spain,EMEA,Sommer,Mart¡n,Medium
10140,40,100.0,5,4000.0,2003-07-24,Shipped,3,7,2003,Trucks and Buses,121,S18_4600,Technics Stores Inc.,6505556809,9408 Furth Circle,,Burlingame,CA,94217,USA,,Hirano,Juri,Medium
10150,49,100.0,2,4900.0,2003-09-19,Shipped,3,9,2003,Trucks and Buses,121,S18_4600,"Dragon Souveniers, Ltd.",+65 221 7555,"Bronz Sok., Bronz Apt. 3/6 Tesvikiye",,Singapore,N/A,79903,Singapore,Japan,Natividad,Eric,Medium
10164,45,100.0,3,4500.0,2003-10-21,Resolved,4,10,2003,Trucks and Buses,121,S18_4600,Mini Auto Werke,7675-3555,Kirchgasse 6,,Graz,N/A,8010,Austria,EMEA,Mendel,Roland,Medium
10175,47,100.0,10,4700.0,2003-11-06,Shipped,4,11,2003,Trucks and Buses,121,S18_4600,"Stylish Desk Decors, Co.",(171) 555-0297,35 King George,,London,N/A,WX3 6FW,UK,EMEA,Brown,Ann,Medium
10183,21,100.0,2,2100.0,2003-11-13,Shipped,4,11,2003,Trucks and Buses,121,S18_4600,"Classic Gift Ideas, Inc",2155554695,782 First Street,,Philadelphia,PA,71270,USA,,Cervantes,Francisca,Small
10194,32,100.0,5,3200.0,2003-11-25,Shipped,4,11,2003,Trucks and Buses,121,S18_4600,"Saveley & Henriot, Co.",78.32.5555,"2, rue du Commerce",,Lyon,N/A,69004,France,EMEA,Saveley,Mary,Medium
10207,47,100.0,16,4700.0,2003-12-09,Shipped,4,12,2003,Trucks and Buses,121,S18_4600,Diecast Collectables,6175552555,6251 Ingle Ln.,,Boston,MA,51003,USA,,Franco,Valarie,Medium
10217,38,100.0,5,3800.0,2004-02-04,Shipped,1,2,2004,Trucks and Buses,121,S18_4600,Handji Gifts& Co,+65 224 1555,Village Close - 106 Linden Road Sandown,2nd Floor,Singapore,N/A,69045,Singapore,Japan,Victorino,Wendy,Medium
10229,41,100.0,10,4100.0,2004-03-11,Shipped,1,3,2004,Trucks and Buses,121,S18_4600,Mini Gifts Distributors Ltd.,4155551450,5677 Strong St.,,San Rafael,CA,97562,USA,,Nelson,Valarie,Medium
10245,21,100.0,3,2100.0,2004-05-04,Shipped,2,5,2004,Trucks and Buses,121,S18_4600,Super Scale Inc.,2035559545,567 North Pendale Street,,New Haven,CT,97823,USA,,Murphy,Leslie,Small
10259,41,100.0,13,4100.0,2004-06-15,Shipped,2,6,2004,Trucks and Buses,121,S18_4600,Handji Gifts& Co,+65 224 1555,Village Close - 106 Linden Road Sandown,2nd Floor,Singapore,N/A,69045,Singapore,Japan,Victorino,Wendy,Medium
10270,38,100.0,3,3800.0,2004-07-19,Shipped,3,7,2004,Trucks and Buses,121,S18_4600,Souveniers And Things Co.,+61 2 9495 8555,"Monitor Money Building, 815 Pacific Hwy",Level 6,Chatswood,NSW,2067,Australia,APAC,Huxley,Adrian,Medium
10281,25,99.29,10,2482.25,2004-08-19,Shipped,3,8,2004,Trucks and Buses,121,S18_4600,Diecast Classics Inc.,2155551555,7586 Pompton St.,,Allentown,PA,70267,USA,,Yu,Kyung,Small
10291,48,100.0,5,4800.0,2004-09-08,Shipped,3,9,2004,Trucks and Buses,121,S18_4600,Scandinavian Gift Ideas,0695-34 6555,?kergatan 24,,Boras,N/A,S-844 67,Sweden,EMEA,Larsson,Maria,Medium
10305,22,99.29,14,2184.38,2004-10-13,Shipped,4,10,2004,Trucks and Buses,121,S18_4600,Marta's Replicas Co.,6175558555,39323 Spinnaker Dr.,,Cambridge,MA,51247,USA,,Hernandez,Marta,Small
10313,28,100.0,8,2800.0,2004-10-22,Shipped,4,10,2004,Trucks and Buses,121,S18_4600,Canadian Gift Exchange Network,(604) 555-3392,1900 Oak St.,,Vancouver,BC,V3F 2K1,Canada,,Tannamuri,Yoshi,Small
10323,47,100.0,1,4700.0,2004-11-05,Shipped,4,11,2004,Trucks and Buses,121,S18_4600,"Blauer See Auto, Co.",+49 69 66 90 2555,Lyonerstr. 34,,Frankfurt,N/A,60528,Germany,EMEA,Keitel,Roland,Medium
10334,49,100.0,4,4900.0,2004-11-19,On Hold,4,11,2004,Trucks and Buses,121,S18_4600,"Volvo Model Replicas, Co",0921-12 3555,Berguvsvgen  8,,Lule,N/A,S-958 22,Sweden,EMEA,Berglund,Christina,Medium
10347,45,100.0,4,4500.0,2004-11-29,Shipped,4,11,2004,Trucks and Buses,121,S18_4600,"Australian Collectors, Co.",03 9520 4555,636 St Kilda Road,Level 3,Melbourne,Victoria,3004,Australia,APAC,Ferguson,Peter,Medium
10357,28,100.0,2,2800.0,2004-12-10,Shipped,4,12,2004,Trucks and Buses,121,S18_4600,Mini Gifts Distributors Ltd.,4155551450,5677 Strong St.,,San Rafael,CA,97562,USA,,Nelson,Valarie,Small
10370,29,57.53,6,1668.37,2005-01-20,Shipped,1,1,2005,Trucks and Buses,121,S18_4600,"Anna's Decorations, Ltd",02 9936 8555,201 Miller Street,Level 15,North Sydney,NSW,2060,Australia,APAC,O'Hara,Anna,Small
10382,39,100.0,1,3900.0,2005-02-17,Shipped,1,2,2005,Trucks and Buses,121,S18_4600,Mini Gifts Distributors Ltd.,4155551450,5677 Strong St.,,San Rafael,CA,97562,USA,,Nelson,Valarie,Medium
10411,46,100.0,3,4600.0,2005-05-01,Shipped,2,5,2005,Trucks and Buses,121,S18_4600,Quebec Home Shopping Network,(514) 555-8054,43 rue St. Laurent,,Montreal,Quebec,H1J 1C3,Canada,,Fresnisre,Jean,Medium
10425,38,100.0,13,3800.0,2005-05-31,In Process,2,5,2005,Trucks and Buses,121,S18_4600,La Rochelle Gifts,40.67.8555,"67, rue des Cinquante Otages",,Nantes,N/A,44000,France,EMEA,Labrune,Janine,Medium
10103,41,47.29,9,1938.89,2003-01-29,Shipped,1,1,2003,Vintage Cars,50,S18_4668,Baane Mini Imports,07-98 9555,Erling Skakkes gate 78,,Stavern,N/A,4110,Norway,EMEA,Bergulfsen,Jonas,Small
10113,50,49.81,3,2490.5,2003-03-26,Shipped,1,3,2003,Vintage Cars,50,S18_4668,Mini Gifts Distributors Ltd.,4155551450,5677 Strong St.,,San Rafael,CA,97562,USA,,Nelson,Valarie,Small
10126,43,50.0,9,2150.0,2003-05-28,Shipped,2,5,2003,Vintage Cars,50,S18_4668,"Corrida Auto Replicas, Ltd",(91) 555 22 82,"C/ Araquil, 67",,Madrid,N/A,28023,Spain,EMEA,Sommer,Mart¡n,Small
10140,29,43.27,9,1254.83,2003-07-24,Shipped,3,7,2003,Vintage Cars,50,S18_4668,Technics Stores Inc.,6505556809,9408 Furth Circle,,Burlingame,CA,94217,USA,,Hirano,Juri,Small
10150,30,42.76,6,1282.8,2003-09-19,Shipped,3,9,2003,Vintage Cars,50,S18_4668,"Dragon Souveniers, Ltd.",+65 221 7555,"Bronz Sok., Bronz Apt. 3/6 Tesvikiye",,Singapore,N/A,79903,Singapore,Japan,Natividad,Eric,Small
10164,25,50.0,7,1250.0,2003-10-21,Resolved,4,10,2003,Vintage Cars,50,S18_4668,Mini Auto Werke,7675-3555,Kirchgasse 6,,Graz,N/A,8010,Austria,EMEA,Mendel,Roland,Small
10174,49,44.78,2,2194.22,2003-11-06,Shipped,4,11,2003,Vintage Cars,50,S18_4668,"Australian Gift Network, Co",61-7-3844-6555,31 Duncan St. West End,,South Brisbane,Queensland,4101,Australia,APAC,Calaghan,Tony,Small
10183,40,49.3,6,1972.0,2003-11-13,Shipped,4,11,2003,Vintage Cars,50,S18_4668,"Classic Gift Ideas, Inc",2155554695,782 First Street,,Philadelphia,PA,71270,USA,,Cervantes,Francisca,Small
10194,41,44.78,9,1835.98,2003-11-25,Shipped,4,11,2003,Vintage Cars,50,S18_4668,"Saveley & Henriot, Co.",78.32.5555,"2, rue du Commerce",,Lyon,N/A,69004,France,EMEA,Saveley,Mary,Small
10206,21,50.0,4,1050.0,2003-12-05,Shipped,4,12,2003,Vintage Cars,50,S18_4668,Canadian Gift Exchange Network,(604) 555-3392,1900 Oak St.,,Vancouver,BC,V3F 2K1,Canada,,Tannamuri,Yoshi,Small
10215,46,45.28,1,2082.88,2004-01-29,Shipped,1,1,2004,Vintage Cars,50,S18_4668,West Coast Collectables Co.,3105553722,3675 Furth Circle,,Burbank,CA,94019,USA,,Thompson,Steve,Small
10229,39,40.25,14,1569.75,2004-03-11,Shipped,1,3,2004,Vintage Cars,50,S18_4668,Mini Gifts Distributors Ltd.,4155551450,5677 Strong St.,,San Rafael,CA,97562,USA,,Nelson,Valarie,Small
10245,45,50.0,7,2250.0,2004-05-04,Shipped,2,5,2004,Vintage Cars,50,S18_4668,Super Scale Inc.,2035559545,567 North Pendale Street,,New Haven,CT,97823,USA,,Murphy,Leslie,Small
10258,21,50.0,4,1050.0,2004-06-15,Shipped,2,6,2004,Vintage Cars,50,S18_4668,"Tokyo Collectables, Ltd",+81 3 3584 0555,2-2-8 Roppongi,,Minato-ku,Tokyo,106-0032,Japan,Japan,Shimamura,Akiko,Small
10270,44,50.0,7,2200.0,2004-07-19,Shipped,3,7,2004,Vintage Cars,50,S18_4668,Souveniers And Things Co.,+61 2 9495 8555,"Monitor Money Building, 815 Pacific Hwy",Level 6,Chatswood,NSW,2067,Australia,APAC,Huxley,Adrian,Small
10281,44,50.0,14,2200.0,2004-08-19,Shipped,3,8,2004,Vintage Cars,50,S18_4668,Diecast Classics Inc.,2155551555,7586 Pompton St.,,Allentown,PA,70267,USA,,Yu,Kyung,Small
10291,29,50.0,9,1450.0,2004-09-08,Shipped,3,9,2004,Vintage Cars,50,S18_4668,Scandinavian Gift Ideas,0695-34 6555,?kergatan 24,,Boras,N/A,S-844 67,Sweden,EMEA,Larsson,Maria,Small
10304,34,49.3,4,1676.2,2004-10-11,Shipped,4,10,2004,Vintage Cars,50,S18_4668,Auto Assoc. & Cie.,30.59.8555,"67, avenue de l'Europe",,Versailles,N/A,78000,France,EMEA,Tonini,Daniel,Small
10312,39,50.0,1,1950.0,2004-10-21,Shipped,4,10,2004,Vintage Cars,50,S18_4668,Mini Gifts Distributors Ltd.,4155551450,5677 Strong St.,,San Rafael,CA,97562,USA,,Nelson,Valarie,Small
10324,38,50.0,6,1900.0,2004-11-05,Shipped,4,11,2004,Vintage Cars,50,S18_4668,Vitachrome Inc.,2125551500,2678 Kingston Rd.,Suite 101,NYC,NY,10022,USA,,Frick,Michael,Small
10333,24,50.0,8,1200.0,2004-11-18,Shipped,4,11,2004,Vintage Cars,50,S18_4668,Mini Wheels Co.,6505555787,5557 North Pendale Street,,San Francisco,CA,UNKNOWN,USA,,Murphy,Julie,Small
10348,29,50.0,6,1450.0,2004-11-01,Shipped,4,11,2004,Vintage Cars,50,S18_4668,"Corrida Auto Replicas, Ltd",(91) 555 22 82,"C/ Araquil, 67",,Madrid,N/A,28023,Spain,EMEA,Sommer,Mart¡n,Small
10358,30,50.0,8,1500.0,2004-12-10,Shipped,4,12,2004,Vintage Cars,50,S18_4668,Euro Shopping Channel,(91) 555 94 44,"C/ Moralzarzal, 86",,Madrid,N/A,28034,Spain,EMEA,Freyre,Diego,Small
10370,20,50.0,2,1000.0,2005-01-20,Shipped,1,1,2005,Vintage Cars,50,S18_4668,"Anna's Decorations, Ltd",02 9936 8555,201 Miller Street,Level 15,North Sydney,NSW,2060,Australia,APAC,O'Hara,Anna,Small
10382,39,50.0,2,1950.0,2005-02-17,Shipped,1,2,2005,Vintage Cars,50,S18_4668,Mini Gifts Distributors Ltd.,4155551450,5677 Strong St.,,San Rafael,CA,97562,USA,,Nelson,Valarie,Small
10411,35,50.0,7,1750.0,2005-05-01,Shipped,2,5,2005,Vintage Cars,50,S18_4668,Quebec Home Shopping Network,(514) 555-8054,43 rue St. Laurent,,Montreal,Quebec,H1J 1C3,Canada,,Fresnisre,Jean,Small
10424,26,50.0,4,1300.0,2005-05-31,In Process,2,5,2005,Vintage Cars,50,S18_4668,Euro Shopping Channel,(91) 555 94 44,"C/ Moralzarzal, 86",,Madrid,N/A,28034,Spain,EMEA,Freyre,Diego,Small
10108,44,100.0,11,4400.0,2003-03-03,Shipped,1,3,2003,Classic Cars,148,S18_4721,Cruz & Sons Co.,+63 2 555 3587,15 McCallum Street - NatWest Center #13-03,,Makati City,N/A,1227 MM,Philippines,Japan,Cruz,Arnold,Medium
10122,28,100.0,15,2800.0,2003-05-08,Shipped,2,5,2003,Classic Cars,148,S18_4721,Marseille Mini Autos,91.24.4555,"12, rue des Bouchers",,Marseille,N/A,13008,France,EMEA,Lebihan,Laurence,Small
10135,31,100.0,12,3100.0,2003-07-02,Shipped,3,7,2003,Classic Cars,148,S18_4721,Mini Gifts Distributors Ltd.,4155551450,5677 Strong St.,,San Rafael,CA,97562,USA,,Nelson,Valarie,Medium
10146,29,100.0,1,2900.0,2003-09-03,Shipped,3,9,2003,Classic Cars,148,S18_4721,Gift Ideas Corp.,2035554407,2440 Pompton St.,,Glendale,CT,97561,USA,,Lewis,Dan,Small
10159,32,100.0,7,3200.0,2003-10-10,Shipped,4,10,2003,Classic Cars,148,S18_4721,Corporate Gift Ideas Co.,6505551386,7734 Strong St.,,San Francisco,CA,UNKNOWN,USA,,Brown,Julie,Medium
10169,33,100.0,7,3300.0,2003-11-04,Shipped,4,11,2003,Classic Cars,148,S18_4721,"Anna's Decorations, Ltd",02 9936 8555,201 Miller Street,Level 15,North Sydney,NSW,2060,Australia,APAC,O'Hara,Anna,Medium
10180,44,100.0,2,4400.0,2003-11-11,Shipped,4,11,2003,Classic Cars,148,S18_4721,Daedalus Designs Imports,20.16.1555,"184, chausse de Tournai",,Lille,N/A,59000,France,EMEA,Rance,Martine,Medium
10191,32,100.0,8,3200.0,2003-11-20,Shipped,4,11,2003,Classic Cars,148,S18_4721,"Toms Spezialitten, Ltd",0221-5554327,Mehrheimerstr. 369,,Koln,N/A,50739,Germany,EMEA,Pfalzheim,Henriette,Medium
10211,41,100.0,7,4100.0,2004-01-15,Shipped,1,1,2004,Classic Cars,148,S18_4721,Auto Canal Petit,(1) 47.55.6555,"25, rue Lauriston",,Paris,N/A,75016,France,EMEA,Perrier,Dominique,Medium
10225,35,100.0,14,3500.0,2004-02-22,Shipped,1,2,2004,Classic Cars,148,S18_4721,"Vida Sport, Ltd",0897-034555,Grenzacherweg 237,,Gensve,N/A,1203,Switzerland,EMEA,Holz,Michael,Medium
10238,44,100.0,8,4400.0,2004-04-09,Shipped,2,4,2004,Classic Cars,148,S18_4721,Danish Wholesale Imports,31 12 3555,Vinb'ltet 34,,Kobenhavn,N/A,1734,Denmark,EMEA,Petersen,Jytte,Medium
10252,26,100.0,4,2600.0,2004-05-26,Shipped,2,5,2004,Classic Cars,148,S18_4721,Auto Canal Petit,(1) 47.55.6555,"25, rue Lauriston",,Paris,N/A,75016,France,EMEA,Perrier,Dominique,Small
10264,20,100.0,2,2000.0,2004-06-30,Shipped,2,6,2004,Classic Cars,148,S18_4721,Gifts4AllAges.com,6175559555,8616 Spinnaker Dr.,,Boston,MA,51003,USA,,Yoshido,Juri,Small
10276,48,100.0,8,4800.0,2004-08-02,Shipped,3,8,2004,Classic Cars,148,S18_4721,Online Mini Collectables,6175557555,7635 Spinnaker Dr.,,Brickhaven,MA,58339,USA,,Barajas,Miguel,Medium
10287,34,100.0,17,3400.0,2004-08-30,Shipped,3,8,2004,Classic Cars,148,S18_4721,"Vida Sport, Ltd",0897-034555,Grenzacherweg 237,,Gensve,N/A,1203,Switzerland,EMEA,Holz,Michael,Medium
10299,49,100.0,2,4900.0,2004-09-30,Shipped,3,9,2004,Classic Cars,148,S18_4721,"Toys of Finland, Co.",90-224 8555,Keskuskatu 45,,Helsinki,N/A,21240,Finland,EMEA,Karttunen,Matti,Medium
10310,40,100.0,15,4000.0,2004-10-16,Shipped,4,10,2004,Classic Cars,148,S18_4721,"Toms Spezialitten, Ltd",0221-5554327,Mehrheimerstr. 369,,Koln,N/A,50739,Germany,EMEA,Pfalzheim,Henriette,Medium
10319,45,100.0,3,4500.0,2004-11-03,Shipped,4,11,2004,Classic Cars,148,S18_4721,Microscale Inc.,2125551957,5290 North Pendale Street,Suite 200,NYC,NY,10022,USA,,Kuo,Kee,Medium
10330,50,100.0,4,5000.0,2004-11-16,Shipped,4,11,2004,Classic Cars,148,S18_4721,Cruz & Sons Co.,+63 2 555 3587,15 McCallum Street - NatWest Center #13-03,,Makati City,N/A,1227 MM,Philippines,Japan,Cruz,Arnold,Medium
10342,38,100.0,11,3800.0,2004-11-24,Shipped,4,11,2004,Classic Cars,148,S18_4721,"Australian Collectors, Co.",03 9520 4555,636 St Kilda Road,Level 3,Melbourne,Victoria,3004,Australia,APAC,Ferguson,Peter,Medium
10355,25,100.0,2,2500.0,2004-12-07,Shipped,4,12,2004,Classic Cars,148,S18_4721,Euro Shopping Channel,(91) 555 94 44,"C/ Moralzarzal, 86",,Madrid,N/A,28034,Spain,EMEA,Freyre,Diego,Small
10363,28,58.18,13,1629.04,2005-01-06,Shipped,1,1,2005,Classic Cars,148,S18_4721,Suominen Souveniers,+358 9 8045 555,"Software Engineering Center, SEC Oy",,Espoo,N/A,FIN-02271,Finland,EMEA,Suominen,Kalle,Small
10378,49,67.14,8,3289.86,2005-02-10,Shipped,1,2,2005,Classic Cars,148,S18_4721,Euro Shopping Channel,(91) 555 94 44,"C/ Moralzarzal, 86",,Madrid,N/A,28034,Spain,EMEA,Freyre,Diego,Medium
10390,49,100.0,3,4900.0,2005-03-04,Shipped,1,3,2005,Classic Cars,148,S18_4721,Mini Gifts Distributors Ltd.,4155551450,5677 Strong St.,,San Rafael,CA,97562,USA,,Nelson,Valarie,Medium
10110,42,61.29,9,2574.18,2003-03-18,Shipped,1,3,2003,Classic Cars,71,S18_4933,"AV Stores, Co.",(171) 555-1555,Fauntleroy Circus,,Manchester,N/A,EC2 5NT,UK,EMEA,Ashworth,Victoria,Small
10124,23,57.73,8,1327.79,2003-05-21,Shipped,2,5,2003,Classic Cars,71,S18_4933,Signal Gift Stores,7025551838,8489 Strong St.,,Las Vegas,NV,83030,USA,,King,Sue,Small
10148,29,71.0,2,2059.0,2003-09-11,Shipped,3,9,2003,Classic Cars,71,S18_4933,"Anna's Decorations, Ltd",02 9936 8555,201 Miller Street,Level 15,North Sydney,NSW,2060,Australia,APAC,O'Hara,Anna,Small
10161,25,71.0,1,1775.0,2003-10-17,Shipped,4,10,2003,Classic Cars,71,S18_4933,Heintze Collectables,86 21 3555,Smagsloget 45,,Aaarhus,N/A,8200,Denmark,EMEA,Ibsen,Palle,Small
10173,39,71.0,15,2769.0,2003-11-05,Shipped,4,11,2003,Classic Cars,71,S18_4933,Rovelli Gifts,035-640555,Via Ludovico il Moro 22,,Bergamo,N/A,24100,Italy,EMEA,Rovelli,Giovanni,Small
10182,44,69.84,12,3072.96,2003-11-12,Shipped,4,11,2003,Classic Cars,71,S18_4933,Mini Gifts Distributors Ltd.,4155551450,5677 Strong St.,,San Rafael,CA,97562,USA,,Nelson,Valarie,Medium
10193,25,71.0,16,1775.0,2003-11-21,Shipped,4,11,2003,Classic Cars,71,S18_4933,"Australian Collectables, Ltd",61-9-3844-6555,7 Allen Street,,Glen Waverly,Victoria,3150,Australia,APAC,Connery,Sean,Small
10204,45,71.0,6,3195.0,2003-12-02,Shipped,4,12,2003,Classic Cars,71,S18_4933,Muscle Machine Inc,2125557413,4092 Furth Circle,Suite 400,NYC,NY,10022,USA,,Young,Jeff,Medium
10213,25,71.0,2,1775.0,2004-01-22,Shipped,1,1,2004,Classic Cars,71,S18_4933,"Double Decker Gift Stores, Ltd",(171) 555-7555,120 Hanover Sq.,,London,N/A,WA1 1DP,UK,EMEA,Hardy,Thomas,Small
10227,37,57.73,12,2136.01,2004-03-02,Shipped,1,3,2004,Classic Cars,71,S18_4933,"Saveley & Henriot, Co.",78.32.5555,"2, rue du Commerce",,Lyon,N/A,69004,France,EMEA,Saveley,Mary,Small
10241,30,66.99,4,2009.7,2004-04-13,Shipped,2,4,2004,Classic Cars,71,S18_4933,Mini Caravy,88.60.1555,"24, place Kluber",,Strasbourg,N/A,67000,France,EMEA,Citeaux,Frederique,Small
10267,36,71.0,1,2556.0,2004-07-07,Shipped,3,7,2004,Classic Cars,71,S18_4933,Muscle Machine Inc,2125557413,4092 Furth Circle,Suite 400,NYC,NY,10022,USA,,Young,Jeff,Small
10279,26,60.58,1,1575.08,2004-08-09,Shipped,3,8,2004,Classic Cars,71,S18_4933,Euro Shopping Channel,(91) 555 94 44,"C/ Moralzarzal, 86",,Madrid,N/A,28034,Spain,EMEA,Freyre,Diego,Small
10288,23,71.0,7,1633.0,2004-09-01,Shipped,3,9,2004,Classic Cars,71,S18_4933,Handji Gifts& Co,+65 224 1555,Village Close - 106 Linden Road Sandown,2nd Floor,Singapore,N/A,69045,Singapore,Japan,Victorino,Wendy,Small
10302,23,71.0,3,1633.0,2003-10-06,Shipped,4,10,2003,Classic Cars,71,S18_4933,"UK Collectables, Ltd.",(171) 555-2282,Berkeley Gardens 12  Brewery,,Liverpool,N/A,WX1 6LT,UK,EMEA,Devon,Elizabeth,Small
10311,25,66.99,2,1674.75,2004-10-16,Shipped,4,10,2004,Classic Cars,71,S18_4933,Euro Shopping Channel,(91) 555 94 44,"C/ Moralzarzal, 86",,Madrid,N/A,28034,Spain,EMEA,Freyre,Diego,Small
10332,21,71.0,3,1491.0,2004-11-17,Shipped,4,11,2004,Classic Cars,71,S18_4933,"AV Stores, Co.",(171) 555-1555,Fauntleroy Circus,,Manchester,N/A,EC2 5NT,UK,EMEA,Ashworth,Victoria,Small
10344,26,63.43,5,1649.18,2004-11-25,Shipped,4,11,2004,Classic Cars,71,S18_4933,Marseille Mini Autos,91.24.4555,"12, rue des Bouchers",,Marseille,N/A,13008,France,EMEA,Lebihan,Laurence,Small
10367,44,71.0,9,3124.0,2005-01-12,Resolved,1,1,2005,Classic Cars,71,S18_4933,Toys4GrownUps.com,6265557265,78934 Hillside Dr.,,Pasadena,CA,90003,USA,,Young,Julie,Medium
10380,24,71.0,2,1704.0,2005-02-16,Shipped,1,2,2005,Classic Cars,71,S18_4933,Euro Shopping Channel,(91) 555 94 44,"C/ Moralzarzal, 86",,Madrid,N/A,28034,Spain,EMEA,Freyre,Diego,Small
10407,66,66.99,4,4421.34,2005-04-22,On Hold,2,4,2005,Classic Cars,71,S18_4933,The Sharp Gifts Warehouse,4085553659,3086 Ingle Ln.,,San Jose,CA,94217,USA,,Frick,Sue,Medium
10420,36,57.73,7,2078.28,2005-05-29,In Process,2,5,2005,Classic Cars,71,S18_4933,Souveniers And Things Co.,+61 2 9495 8555,"Monitor Money Building, 815 Pacific Hwy",Level 6,Chatswood,NSW,2067,Australia,APAC,Huxley,Adrian,Small
10110,36,73.0,13,2628.0,2003-03-18,Shipped,1,3,2003,Classic Cars,73,S24_1046,"AV Stores, Co.",(171) 555-1555,Fauntleroy Circus,,Manchester,N/A,EC2 5NT,UK,EMEA,Ashworth,Victoria,Small
10124,22,73.0,12,1606.0,2003-05-21,Shipped,2,5,2003,Classic Cars,73,S24_1046,Signal Gift Stores,7025551838,8489 Strong St.,,Las Vegas,NV,83030,USA,,King,Sue,Small
10148,25,60.26,6,1506.5,2003-09-11,Shipped,3,9,2003,Classic Cars,73,S24_1046,"Anna's Decorations, Ltd",02 9936 8555,201 Miller Street,Level 15,North Sydney,NSW,2060,Australia,APAC,O'Hara,Anna,Small
10161,37,72.76,5,2692.12,2003-10-17,Shipped,4,10,2003,Classic Cars,73,S24_1046,Heintze Collectables,86 21 3555,Smagsloget 45,,Aaarhus,N/A,8200,Denmark,EMEA,Ibsen,Palle,Small
10172,32,73.0,3,2336.0,2003-11-05,Shipped,4,11,2003,Classic Cars,73,S24_1046,Gift Depot Inc.,2035552570,25593 South Bay Ln.,,Bridgewater,CT,97562,USA,,King,Julie,Small
10182,47,73.0,16,3431.0,2003-11-12,Shipped,4,11,2003,Classic Cars,73,S24_1046,Mini Gifts Distributors Ltd.,4155551450,5677 Strong St.,,San Rafael,CA,97562,USA,,Nelson,Valarie,Medium
10192,37,69.82,4,2583.34,2003-11-20,Shipped,4,11,2003,Classic Cars,73,S24_1046,Online Diecast Creations Co.,6035558647,2304 Long Airport Avenue,,Nashua,NH,62005,USA,,Young,Valarie,Small
10204,20,62.47,10,1249.4,2003-12-02,Shipped,4,12,2003,Classic Cars,73,S24_1046,Muscle Machine Inc,2125557413,4092 Furth Circle,Suite 400,NYC,NY,10022,USA,,Young,Jeff,Small
10212,41,73.0,3,2993.0,2004-01-16,Shipped,1,1,2004,Classic Cars,73,S24_1046,Euro Shopping Channel,(91) 555 94 44,"C/ Moralzarzal, 86",,Madrid,N/A,28034,Spain,EMEA,Freyre,Diego,Small
10226,21,60.26,1,1265.46,2004-02-26,Shipped,1,2,2004,Classic Cars,73,S24_1046,Collectable Mini Designs Co.,7605558146,361 Furth Circle,,San Diego,CA,91217,USA,,Thompson,Valarie,Small
10241,22,73.0,8,1606.0,2004-04-13,Shipped,2,4,2004,Classic Cars,73,S24_1046,Mini Caravy,88.60.1555,"24, place Kluber",,Strasbourg,N/A,67000,France,EMEA,Citeaux,Frederique,Small
10267,40,73.0,5,2920.0,2004-07-07,Shipped,3,7,2004,Classic Cars,73,S24_1046,Muscle Machine Inc,2125557413,4092 Furth Circle,Suite 400,NYC,NY,10022,USA,,Young,Jeff,Small
10279,32,73.0,5,2336.0,2004-08-09,Shipped,3,8,2004,Classic Cars,73,S24_1046,Euro Shopping Channel,(91) 555 94 44,"C/ Moralzarzal, 86",,Madrid,N/A,28034,Spain,EMEA,Freyre,Diego,Small
10288,36,66.14,11,2381.04,2004-09-01,Shipped,3,9,2004,Classic Cars,73,S24_1046,Handji Gifts& Co,+65 224 1555,Village Close - 106 Linden Road Sandown,2nd Floor,Singapore,N/A,69045,Singapore,Japan,Victorino,Wendy,Small
10301,27,72.02,1,1944.54,2003-10-05,Shipped,4,10,2003,Classic Cars,73,S24_1046,"Norway Gifts By Mail, Co.",+47 2212 1555,"Drammensveien 126 A, PB 744 Sentrum",,Oslo,N/A,N 0106,Norway,EMEA,Klaeboe,Jan,Small
10311,26,73.0,6,1898.0,2004-10-16,Shipped,4,10,2004,Classic Cars,73,S24_1046,Euro Shopping Channel,(91) 555 94 44,"C/ Moralzarzal, 86",,Madrid,N/A,28034,Spain,EMEA,Freyre,Diego,Small
10321,30,70.55,3,2116.5,2004-11-04,Shipped,4,11,2004,Classic Cars,73,S24_1046,FunGiftIdeas.com,5085552555,1785 First Street,,New Bedford,MA,50553,USA,,Benitez,Violeta,Small
10332,23,56.84,4,1307.32,2004-11-17,Shipped,4,11,2004,Classic Cars,73,S24_1046,"AV Stores, Co.",(171) 555-1555,Fauntleroy Circus,,Manchester,N/A,EC2 5NT,UK,EMEA,Ashworth,Victoria,Small
10344,29,59.53,7,1726.37,2004-11-25,Shipped,4,11,2004,Classic Cars,73,S24_1046,Marseille Mini Autos,91.24.4555,"12, rue des Bouchers",,Marseille,N/A,13008,France,EMEA,Lebihan,Laurence,Small
10367,21,60.37,10,1267.77,2005-01-12,Resolved,1,1,2005,Classic Cars,73,S24_1046,Toys4GrownUps.com,6265557265,78934 Hillside Dr.,,Pasadena,CA,90003,USA,,Young,Julie,Small
10380,34,73.0,3,2482.0,2005-02-16,Shipped,1,2,2005,Classic Cars,73,S24_1046,Euro Shopping Channel,(91) 555 94 44,"C/ Moralzarzal, 86",,Madrid,N/A,28034,Spain,EMEA,Freyre,Diego,Small
10407,26,73.0,8,1898.0,2005-04-22,On Hold,2,4,2005,Classic Cars,73,S24_1046,The Sharp Gifts Warehouse,4085553659,3086 Ingle Ln.,,San Jose,CA,94217,USA,,Frick,Sue,Small
10420,60,64.67,11,3880.2,2005-05-29,In Process,2,5,2005,Classic Cars,73,S24_1046,Souveniers And Things Co.,+61 2 9495 8555,"Monitor Money Building, 815 Pacific Hwy",Level 6,Chatswood,NSW,2067,Australia,APAC,Huxley,Adrian,Medium
10104,35,55.49,6,1942.15,2003-01-31,Shipped,1,1,2003,Classic Cars,57,S24_1444,Euro Shopping Channel,(91) 555 94 44,"C/ Moralzarzal, 86",,Madrid,N/A,28034,Spain,EMEA,Freyre,Diego,Small
10115,47,57.0,2,2679.0,2003-04-04,Shipped,2,4,2003,Classic Cars,57,S24_1444,Classic Legends Inc.,2125558493,5905 Pompton St.,Suite 750,NYC,NY,10022,USA,,Hernandez,Maria,Small
10127,20,57.0,8,1140.0,2003-06-03,Shipped,2,6,2003,Classic Cars,57,S24_1444,Muscle Machine Inc,2125557413,4092 Furth Circle,Suite 400,NYC,NY,10022,USA,,Young,Jeff,Small
10141,20,54.33,2,1086.6,2003-08-01,Shipped,3,8,2003,Classic Cars,57,S24_1444,Suominen Souveniers,+358 9 8045 555,"Software Engineering Center, SEC Oy",,Espoo,N/A,FIN-02271,Finland,EMEA,Suominen,Kalle,Small
10152,25,57.0,4,1425.0,2003-09-25,Shipped,3,9,2003,Classic Cars,57,S24_1444,"Australian Gift Network, Co",61-7-3844-6555,31 Duncan St. West End,,South Brisbane,Queensland,4101,Australia,APAC,Calaghan,Tony,Small
10165,25,57.0,9,1425.0,2003-10-22,Shipped,4,10,2003,Classic Cars,57,S24_1444,"Dragon Souveniers, Ltd.",+65 221 7555,"Bronz Sok., Bronz Apt. 3/6 Tesvikiye",,Singapore,N/A,79903,Singapore,Japan,Natividad,Eric,Small
10176,27,57.0,8,1539.0,2003-11-06,Shipped,4,11,2003,Classic Cars,57,S24_1444,L'ordine Souveniers,0522-556555,Strada Provinciale 124,,Reggio Emilia,N/A,42100,Italy,EMEA,Moroni,Maurizio,Small
10184,31,57.0,3,1767.0,2003-11-14,Shipped,4,11,2003,Classic Cars,57,S24_1444,"Iberia Gift Imports, Corp.",(95) 555 82 82,"C/ Romero, 33",,Sevilla,N/A,41101,Spain,EMEA,Roel,Jose Pedro,Small
10195,44,57.0,3,2508.0,2003-11-25,Shipped,4,11,2003,Classic Cars,57,S24_1444,Mini Classics,9145554562,3758 North Pendale Street,,White Plains,NY,24067,USA,,Frick,Steve,Small
10207,49,46.82,4,2294.18,2003-12-09,Shipped,4,12,2003,Classic Cars,57,S24_1444,Diecast Collectables,6175552555,6251 Ingle Ln.,,Boston,MA,51003,USA,,Franco,Valarie,Small
10220,26,56.07,8,1457.82,2004-02-12,Shipped,1,2,2004,Classic Cars,57,S24_1444,"Clover Collections, Co.",+353 1862 1555,25 Maiden Lane,Floor No. 4,Dublin,N/A,2,Ireland,EMEA,Cassidy,Dean,Small
10230,36,54.33,6,1955.88,2004-03-15,Shipped,1,3,2004,Classic Cars,57,S24_1444,"Blauer See Auto, Co.",+49 69 66 90 2555,Lyonerstr. 34,,Frankfurt,N/A,60528,Germany,EMEA,Keitel,Roland,Small
10246,44,52.6,2,2314.4,2004-05-05,Shipped,2,5,2004,Classic Cars,57,S24_1444,Euro Shopping Channel,(91) 555 94 44,"C/ Moralzarzal, 86",,Madrid,N/A,28034,Spain,EMEA,Freyre,Diego,Small
10259,28,46.82,1,1310.96,2004-06-15,Shipped,2,6,2004,Classic Cars,57,S24_1444,Handji Gifts& Co,+65 224 1555,Village Close - 106 Linden Road Sandown,2nd Floor,Singapore,N/A,69045,Singapore,Japan,Victorino,Wendy,Small
10271,45,57.0,2,2565.0,2004-07-20,Shipped,3,7,2004,Classic Cars,57,S24_1444,Mini Gifts Distributors Ltd.,4155551450,5677 Strong St.,,San Rafael,CA,97562,USA,,Nelson,Valarie,Small
10282,29,46.82,11,1357.78,2004-08-20,Shipped,3,8,2004,Classic Cars,57,S24_1444,Mini Gifts Distributors Ltd.,4155551450,5677 Strong St.,,San Rafael,CA,97562,USA,,Nelson,Valarie,Small
10292,40,53.75,5,2150.0,2004-09-08,Shipped,3,9,2004,Classic Cars,57,S24_1444,Land of Toys Inc.,2125557818,897 Long Airport Avenue,,NYC,NY,10022,USA,,Yu,Kwai,Small
10305,45,57.0,2,2565.0,2004-10-13,Shipped,4,10,2004,Classic Cars,57,S24_1444,Marta's Replicas Co.,6175558555,39323 Spinnaker Dr.,,Cambridge,MA,51247,USA,,Hernandez,Marta,Small
10314,44,53.18,11,2339.92,2004-10-22,Shipped,4,10,2004,Classic Cars,57,S24_1444,Heintze Collectables,86 21 3555,Smagsloget 45,,Aaarhus,N/A,8200,Denmark,EMEA,Ibsen,Palle,Small
10324,25,57.0,14,1425.0,2004-11-05,Shipped,4,11,2004,Classic Cars,57,S24_1444,Vitachrome Inc.,2125551500,2678 Kingston Rd.,Suite 101,NYC,NY,10022,USA,,Frick,Michael,Small
10336,45,57.0,4,2565.0,2004-11-20,Shipped,4,11,2004,Classic Cars,57,S24_1444,"La Corne D'abondance, Co.",(1) 42.34.2555,"265, boulevard Charonne",,Paris,N/A,75012,France,EMEA,Bertrand,Marie,Small
10349,48,47.4,4,2275.2,2004-12-01,Shipped,4,12,2004,Classic Cars,57,S24_1444,Muscle Machine Inc,2125557413,4092 Furth Circle,Suite 400,NYC,NY,10022,USA,,Young,Jeff,Small
10358,44,57.0,14,2508.0,2004-12-10,Shipped,4,12,2004,Classic Cars,57,S24_1444,Euro Shopping Channel,(91) 555 94 44,"C/ Moralzarzal, 86",,Madrid,N/A,28034,Spain,EMEA,Freyre,Diego,Small
10371,25,57.0,12,1425.0,2005-01-23,Shipped,1,1,2005,Classic Cars,57,S24_1444,Mini Gifts Distributors Ltd.,4155551450,5677 Strong St.,,San Rafael,CA,97562,USA,,Nelson,Valarie,Small
10383,22,57.0,2,1254.0,2005-02-22,Shipped,1,2,2005,Classic Cars,57,S24_1444,Euro Shopping Channel,(91) 555 94 44,"C/ Moralzarzal, 86",,Madrid,N/A,28034,Spain,EMEA,Freyre,Diego,Small
10394,31,50.29,2,1558.99,2005-03-15,Shipped,1,3,2005,Classic Cars,57,S24_1444,Euro Shopping Channel,(91) 555 94 44,"C/ Moralzarzal, 86",,Madrid,N/A,28034,Spain,EMEA,Freyre,Diego,Small
10412,21,52.6,2,1104.6,2005-05-03,Shipped,2,5,2005,Classic Cars,57,S24_1444,Euro Shopping Channel,(91) 555 94 44,"C/ Moralzarzal, 86",,Madrid,N/A,28034,Spain,EMEA,Freyre,Diego,Small
10425,55,46.82,1,2575.1,2005-05-31,In Process,2,5,2005,Classic Cars,57,S24_1444,La Rochelle Gifts,40.67.8555,"67, rue des Cinquante Otages",,Nantes,N/A,44000,France,EMEA,Labrune,Janine,Small
10107,25,100.0,3,2500.0,2003-02-24,Shipped,1,2,2003,Motorcycles,112,S24_1578,Land of Toys Inc.,2125557818,897 Long Airport Avenue,,NYC,NY,10022,USA,,Yu,Kwai,Small
10120,35,98.05,1,3431.75,2003-04-29,Shipped,2,4,2003,Motorcycles,112,S24_1578,"Australian Collectors, Co.",03 9520 4555,636 St Kilda Road,Level 3,Melbourne,Victoria,3004,Australia,APAC,Ferguson,Peter,Medium
10134,35,93.54,3,3273.9,2003-07-01,Shipped,3,7,2003,Motorcycles,112,S24_1578,Lyon Souveniers,+33 1 46 62 7555,27 rue du Colonel Pierre Avia,,Paris,N/A,75508,France,EMEA,Da Cunha,Daniel,Medium
10145,43,95.8,7,4119.4,2003-08-25,Shipped,3,8,2003,Motorcycles,112,S24_1578,Toys4GrownUps.com,6265557265,78934 Hillside Dr.,,Pasadena,CA,90003,USA,,Young,Julie,Medium
10159,44,100.0,15,4400.0,2003-10-10,Shipped,4,10,2003,Motorcycles,112,S24_1578,Corporate Gift Ideas Co.,6505551386,7734 Strong St.,,San Francisco,CA,UNKNOWN,USA,,Brown,Julie,Medium
10168,50,100.0,2,5000.0,2003-10-28,Shipped,4,10,2003,Motorcycles,112,S24_1578,Technics Stores Inc.,6505556809,9408 Furth Circle,,Burlingame,CA,94217,USA,,Hirano,Juri,Medium
10180,48,100.0,10,4800.0,2003-11-11,Shipped,4,11,2003,Motorcycles,112,S24_1578,Daedalus Designs Imports,20.16.1555,"184, chausse de Tournai",,Lille,N/A,59000,France,EMEA,Rance,Martine,Medium
10188,25,100.0,2,2500.0,2003-11-18,Shipped,4,11,2003,Motorcycles,112,S24_1578,Herkku Gifts,+47 2267 3215,"Drammen 121, PR 744 Sentrum",,Bergen,N/A,N 5804,Norway,EMEA,Oeztan,Veysel,Small
10201,39,100.0,3,3900.0,2003-12-01,Shipped,4,12,2003,Motorcycles,112,S24_1578,Mini Wheels Co.,6505555787,5557 North Pendale Street,,San Francisco,CA,UNKNOWN,USA,,Murphy,Julie,Medium
10211,25,90.16,15,2254.0,2004-01-15,Shipped,1,1,2004,Motorcycles,112,S24_1578,Auto Canal Petit,(1) 47.55.6555,"25, rue Lauriston",,Paris,N/A,75016,France,EMEA,Perrier,Dominique,Small
10223,32,91.29,2,2921.28,2004-02-20,Shipped,1,2,2004,Motorcycles,112,S24_1578,"Australian Collectors, Co.",03 9520 4555,636 St Kilda Road,Level 3,Melbourne,Victoria,3004,Australia,APAC,Ferguson,Peter,Small
10237,20,100.0,8,2000.0,2004-04-05,Shipped,2,4,2004,Motorcycles,112,S24_1578,Vitachrome Inc.,2125551500,2678 Kingston Rd.,Suite 101,NYC,NY,10022,USA,,Frick,Michael,Small
10251,26,100.0,3,2600.0,2004-05-18,Shipped,2,5,2004,Motorcycles,112,S24_1578,Tekni Collectables Inc.,2015559350,7476 Moss Rd.,,Newark,NJ,94019,USA,,Brown,William,Small
10263,42,100.0,3,4200.0,2004-06-28,Shipped,2,6,2004,Motorcycles,112,S24_1578,Gift Depot Inc.,2035552570,25593 South Bay Ln.,,Bridgewater,CT,97562,USA,,King,Julie,Medium
10275,21,100.0,2,2100.0,2004-07-23,Shipped,3,7,2004,Motorcycles,112,S24_1578,La Rochelle Gifts,40.67.8555,"67, rue des Cinquante Otages",,Nantes,N/A,44000,France,EMEA,Labrune,Janine,Small
10285,34,100.0,7,3400.0,2004-08-27,Shipped,3,8,2004,Motorcycles,112,S24_1578,Marta's Replicas Co.,6175558555,39323 Spinnaker Dr.,,Cambridge,MA,51247,USA,,Hernandez,Marta,Medium
10299,47,100.0,10,4700.0,2004-09-30,Shipped,3,9,2004,Motorcycles,112,S24_1578,"Toys of Finland, Co.",90-224 8555,Keskuskatu 45,,Helsinki,N/A,21240,Finland,EMEA,Karttunen,Matti,Medium
10309,21,100.0,6,2100.0,2004-10-15,Shipped,4,10,2004,Motorcycles,112,S24_1578,Baane Mini Imports,07-98 9555,Erling Skakkes gate 78,,Stavern,N/A,4110,Norway,EMEA,Bergulfsen,Jonas,Small
10318,48,100.0,2,4800.0,2004-11-02,Shipped,4,11,2004,Motorcycles,112,S24_1578,Diecast Classics Inc.,2155551555,7586 Pompton St.,,Allentown,PA,70267,USA,,Yu,Kyung,Medium
10329,30,87.78,7,2633.4,2004-11-15,Shipped,4,11,2004,Motorcycles,112,S24_1578,Land of Toys Inc.,2125557818,897 Long Airport Avenue,,NYC,NY,10022,USA,,Yu,Kwai,Small
10339,27,84.39,10,2278.53,2004-11-23,Shipped,4,11,2004,Motorcycles,112,S24_1578,"Tokyo Collectables, Ltd",+81 3 3584 0555,2-2-8 Roppongi,,Minato-ku,Tokyo,106-0032,Japan,Japan,Shimamura,Akiko,Small
10362,50,96.92,2,4846.0,2005-01-05,Shipped,1,1,2005,Motorcycles,112,S24_1578,Technics Stores Inc.,6505556809,9408 Furth Circle,,Burlingame,CA,94217,USA,,Hirano,Juri,Medium
10374,38,100.0,6,3800.0,2005-02-02,Shipped,1,2,2005,Motorcycles,112,S24_1578,"Australian Gift Network, Co",61-7-3844-6555,31 Duncan St. West End,,South Brisbane,Queensland,4101,Australia,APAC,Calaghan,Tony,Medium
10389,45,100.0,1,4500.0,2005-03-03,Shipped,1,3,2005,Motorcycles,112,S24_1578,Scandinavian Gift Ideas,0695-34 6555,?kergatan 24,,Boras,N/A,S-844 67,Sweden,EMEA,Larsson,Maria,Medium
10403,46,100.0,8,4600.0,2005-04-08,Shipped,2,4,2005,Motorcycles,112,S24_1578,"UK Collectables, Ltd.",(171) 555-2282,Berkeley Gardens 12  Brewery,,Liverpool,N/A,WX1 6LT,UK,EMEA,Devon,Elizabeth,Medium
10417,35,100.0,3,3500.0,2005-05-13,Disputed,2,5,2005,Motorcycles,112,S24_1578,Euro Shopping Channel,(91) 555 94 44,"C/ Moralzarzal, 86",,Madrid,N/A,28034,Spain,EMEA,Freyre,Diego,Medium
10110,29,50.0,15,1450.0,2003-03-18,Shipped,1,3,2003,Classic Cars,50,S24_1628,"AV Stores, Co.",(171) 555-1555,Fauntleroy Circus,,Manchester,N/A,EC2 5NT,UK,EMEA,Ashworth,Victoria,Small
10123,50,50.0,1,2500.0,2003-05-20,Shipped,2,5,2003,Classic Cars,50,S24_1628,Atelier graphique,40.32.2555,"54, rue Royale",,Nantes,N/A,44000,France,EMEA,Schmitt,Carine,Small
10137,26,49.81,1,1295.06,2003-07-10,Shipped,3,7,2003,Classic Cars,50,S24_1628,Reims Collectables,26.47.1555,59 rue de l'Abbaye,,Reims,N/A,51100,France,EMEA,Henriot,Paul,Small
10148,47,50.0,8,2350.0,2003-09-11,Shipped,3,9,2003,Classic Cars,50,S24_1628,"Anna's Decorations, Ltd",02 9936 8555,201 Miller Street,Level 15,North Sydney,NSW,2060,Australia,APAC,O'Hara,Anna,Small
10161,23,50.0,7,1150.0,2003-10-17,Shipped,4,10,2003,Classic Cars,50,S24_1628,Heintze Collectables,86 21 3555,Smagsloget 45,,Aaarhus,N/A,8200,Denmark,EMEA,Ibsen,Palle,Small
10172,34,42.76,5,1453.84,2003-11-05,Shipped,4,11,2003,Classic Cars,50,S24_1628,Gift Depot Inc.,2035552570,25593 South Bay Ln.,,Bridgewater,CT,97562,USA,,King,Julie,Small
10181,34,50.0,1,1700.0,2003-11-12,Shipped,4,11,2003,Classic Cars,50,S24_1628,Herkku Gifts,+47 2267 3215,"Drammen 121, PR 744 Sentrum",,Bergen,N/A,N 5804,Norway,EMEA,Oeztan,Veysel,Small
10192,47,50.0,6,2350.0,2003-11-20,Shipped,4,11,2003,Classic Cars,50,S24_1628,Online Diecast Creations Co.,6035558647,2304 Long Airport Avenue,,Nashua,NH,62005,USA,,Young,Valarie,Small
10204,45,49.81,12,2241.45,2003-12-02,Shipped,4,12,2003,Classic Cars,50,S24_1628,Muscle Machine Inc,2125557413,4092 Furth Circle,Suite 400,NYC,NY,10022,USA,,Young,Jeff,Small
10212,45,50.0,5,2250.0,2004-01-16,Shipped,1,1,2004,Classic Cars,50,S24_1628,Euro Shopping Channel,(91) 555 94 44,"C/ Moralzarzal, 86",,Madrid,N/A,28034,Spain,EMEA,Freyre,Diego,Small
10226,36,43.27,3,1557.72,2004-02-26,Shipped,1,2,2004,Classic Cars,50,S24_1628,Collectable Mini Designs Co.,7605558146,361 Furth Circle,,San Diego,CA,91217,USA,,Thompson,Valarie,Small
10241,21,40.25,10,845.25,2004-04-13,Shipped,2,4,2004,Classic Cars,50,S24_1628,Mini Caravy,88.60.1555,"24, place Kluber",,Strasbourg,N/A,67000,France,EMEA,Citeaux,Frederique,Small
10266,28,48.3,1,1352.4,2004-07-06,Shipped,3,7,2004,Classic Cars,50,S24_1628,L'ordine Souveniers,0522-556555,Strada Provinciale 124,,Reggio Emilia,N/A,42100,Italy,EMEA,Moroni,Maurizio,Small
10278,35,45.28,1,1584.8,2004-08-06,Shipped,3,8,2004,Classic Cars,50,S24_1628,Signal Gift Stores,7025551838,8489 Strong St.,,Las Vegas,NV,83030,USA,,King,Sue,Small
10288,50,50.0,13,2500.0,2004-09-01,Shipped,3,9,2004,Classic Cars,50,S24_1628,Handji Gifts& Co,+65 224 1555,Village Close - 106 Linden Road Sandown,2nd Floor,Singapore,N/A,69045,Singapore,Japan,Victorino,Wendy,Small
10301,22,50.0,3,1100.0,2003-10-05,Shipped,4,10,2003,Classic Cars,50,S24_1628,"Norway Gifts By Mail, Co.",+47 2212 1555,"Drammensveien 126 A, PB 744 Sentrum",,Oslo,N/A,N 0106,Norway,EMEA,Klaeboe,Jan,Small
10311,45,49.3,8,2218.5,2004-10-16,Shipped,4,10,2004,Classic Cars,50,S24_1628,Euro Shopping Channel,(91) 555 94 44,"C/ Moralzarzal, 86",,Madrid,N/A,28034,Spain,EMEA,Freyre,Diego,Small
10321,48,42.26,5,2028.48,2004-11-04,Shipped,4,11,2004,Classic Cars,50,S24_1628,FunGiftIdeas.com,5085552555,1785 First Street,,New Bedford,MA,50553,USA,,Benitez,Violeta,Small
10332,20,50.0,5,1000.0,2004-11-17,Shipped,4,11,2004,Classic Cars,50,S24_1628,"AV Stores, Co.",(171) 555-1555,Fauntleroy Circus,,Manchester,N/A,EC2 5NT,UK,EMEA,Ashworth,Victoria,Small
10343,27,36.21,6,977.67,2004-11-24,Shipped,4,11,2004,Classic Cars,50,S24_1628,Reims Collectables,26.47.1555,59 rue de l'Abbaye,,Reims,N/A,51100,France,EMEA,Henriot,Paul,Small
10367,38,38.5,11,1463.0,2005-01-12,Resolved,1,1,2005,Classic Cars,50,S24_1628,Toys4GrownUps.com,6265557265,78934 Hillside Dr.,,Pasadena,CA,90003,USA,,Young,Julie,Small
10379,32,50.0,3,1600.0,2005-02-10,Shipped,1,2,2005,Classic Cars,50,S24_1628,Euro Shopping Channel,(91) 555 94 44,"C/ Moralzarzal, 86",,Madrid,N/A,28034,Spain,EMEA,Freyre,Diego,Small
10407,64,40.25,10,2576.0,2005-04-22,On Hold,2,4,2005,Classic Cars,50,S24_1628,The Sharp Gifts Warehouse,4085553659,3086 Ingle Ln.,,San Jose,CA,94217,USA,,Frick,Sue,Small
10420,37,50.0,13,1850.0,2005-05-29,In Process,2,5,2005,Classic Cars,50,S24_1628,Souveniers And Things Co.,+61 2 9495 8555,"Monitor Money Building, 815 Pacific Hwy",Level 6,Chatswood,NSW,2067,Australia,APAC,Huxley,Adrian,Small
10106,28,88.63,4,2481.64,2003-02-17,Shipped,1,2,2003,Planes,109,S24_1785,Rovelli Gifts,035-640555,Via Ludovico il Moro 22,,Bergamo,N/A,24100,Italy,EMEA,Rovelli,Giovanni,Small
10120,39,100.0,10,3900.0,2003-04-29,Shipped,2,4,2003,Planes,109,S24_1785,"Australian Collectors, Co.",03 9520 4555,636 St Kilda Road,Level 3,Melbourne,Victoria,3004,Australia,APAC,Ferguson,Peter,Medium
10133,41,94.1,5,3858.1,2003-06-27,Shipped,2,6,2003,Planes,109,S24_1785,Euro Shopping Channel,(91) 555 94 44,"C/ Moralzarzal, 86",,Madrid,N/A,28034,Spain,EMEA,Freyre,Diego,Medium
10145,40,87.54,16,3501.6,2003-08-25,Shipped,3,8,2003,Planes,109,S24_1785,Toys4GrownUps.com,6265557265,78934 Hillside Dr.,,Pasadena,CA,90003,USA,,Young,Julie,Medium
10168,49,100.0,11,4900.0,2003-10-28,Shipped,4,10,2003,Planes,109,S24_1785,Technics Stores Inc.,6505556809,9408 Furth Circle,,Burlingame,CA,94217,USA,,Hirano,Juri,Medium
10210,27,98.48,9,2658.96,2004-01-12,Shipped,1,1,2004,Planes,109,S24_1785,Osaka Souveniers Co.,+81 06 6342 5555,"Dojima Avanza 4F, 1-6-20 Dojima, Kita-ku",,Osaka,Osaka,530-0003,Japan,Japan,Kentary,Mory,Small
10223,34,100.0,11,3400.0,2004-02-20,Shipped,1,2,2004,Planes,109,S24_1785,"Australian Collectors, Co.",03 9520 4555,636 St Kilda Road,Level 3,Melbourne,Victoria,3004,Australia,APAC,Ferguson,Peter,Medium
10235,23,96.29,5,2214.67,2004-04-02,Shipped,2,4,2004,Planes,109,S24_1785,"Royal Canadian Collectables, Ltd.",(604) 555-4555,23 Tsawassen Blvd.,,Tsawassen,BC,T2F 8M4,Canada,,Lincoln,Elizabeth,Small
10250,31,88.63,6,2747.53,2004-05-11,Shipped,2,5,2004,Planes,109,S24_1785,The Sharp Gifts Warehouse,4085553659,3086 Ingle Ln.,,San Jose,CA,94217,USA,,Frick,Sue,Small
10262,34,97.38,1,3310.92,2004-06-24,Cancelled,2,6,2004,Planes,109,S24_1785,Euro Shopping Channel,(91) 555 94 44,"C/ Moralzarzal, 86",,Madrid,N/A,28034,Spain,EMEA,Freyre,Diego,Medium
10275,25,95.2,11,2380.0,2004-07-23,Shipped,3,7,2004,Planes,109,S24_1785,La Rochelle Gifts,40.67.8555,"67, rue des Cinquante Otages",,Nantes,N/A,44000,France,EMEA,Labrune,Janine,Small
10284,22,100.0,3,2200.0,2004-08-21,Shipped,3,8,2004,Planes,109,S24_1785,"Norway Gifts By Mail, Co.",+47 2212 1555,"Drammensveien 126 A, PB 744 Sentrum",,Oslo,N/A,N 0106,Norway,EMEA,Klaeboe,Jan,Small
10297,32,100.0,6,3200.0,2004-09-16,Shipped,3,9,2004,Planes,109,S24_1785,"Clover Collections, Co.",+353 1862 1555,25 Maiden Lane,Floor No. 4,Dublin,N/A,2,Ireland,EMEA,Cassidy,Dean,Medium
10308,31,100.0,9,3100.0,2004-10-15,Shipped,4,10,2004,Planes,109,S24_1785,Mini Classics,9145554562,3758 North Pendale Street,,White Plains,NY,24067,USA,,Frick,Steve,Medium
10316,25,100.0,1,2500.0,2004-11-01,Shipped,4,11,2004,Planes,109,S24_1785,giftsbymail.co.uk,(198) 555-8888,Garden House Crowther Way,,Cowes,Isle of Wight,PO31 7PJ,UK,EMEA,Bennett,Helen,Small
10328,47,87.54,14,4114.38,2004-11-12,Shipped,4,11,2004,Planes,109,S24_1785,Rovelli Gifts,035-640555,Via Ludovico il Moro 22,,Bergamo,N/A,24100,Italy,EMEA,Rovelli,Giovanni,Medium
10339,21,50.65,7,1063.65,2004-11-23,Shipped,4,11,2004,Planes,109,S24_1785,"Tokyo Collectables, Ltd",+81 3 3584 0555,2-2-8 Roppongi,,Minato-ku,Tokyo,106-0032,Japan,Japan,Shimamura,Akiko,Small
10353,28,71.73,2,2008.44,2004-12-04,Shipped,4,12,2004,Planes,109,S24_1785,Gift Ideas Corp.,2035554407,2440 Pompton St.,,Glendale,CT,97561,USA,,Lewis,Dan,Small
10374,46,94.1,3,4328.6,2005-02-02,Shipped,1,2,2005,Planes,109,S24_1785,"Australian Gift Network, Co",61-7-3844-6555,31 Duncan St. West End,,South Brisbane,Queensland,4101,Australia,APAC,Calaghan,Tony,Medium
10386,33,41.71,11,1376.43,2005-03-01,Resolved,1,3,2005,Planes,109,S24_1785,Euro Shopping Channel,(91) 555 94 44,"C/ Moralzarzal, 86",,Madrid,N/A,28034,Spain,EMEA,Freyre,Diego,Small
10398,43,100.0,16,4300.0,2005-03-30,Shipped,1,3,2005,Planes,109,S24_1785,Reims Collectables,26.47.1555,59 rue de l'Abbaye,,Reims,N/A,51100,France,EMEA,Henriot,Paul,Medium
10401,38,96.29,5,3659.02,2005-04-03,On Hold,2,4,2005,Planes,109,S24_1785,Tekni Collectables Inc.,2015559350,7476 Moss Rd.,,Newark,NJ,94019,USA,,Brown,William,Medium
10416,47,88.63,6,4165.61,2005-05-10,Shipped,2,5,2005,Planes,109,S24_1785,L'ordine Souveniers,0522-556555,Strada Provinciale 124,,Reggio Emilia,N/A,42100,Italy,EMEA,Moroni,Maurizio,Medium
10101,45,31.2,3,1404.0,2003-01-09,Shipped,1,1,2003,Vintage Cars,33,S24_1937,"Blauer See Auto, Co.",+49 69 66 90 2555,Lyonerstr. 34,,Frankfurt,N/A,60528,Germany,EMEA,Keitel,Roland,Small
10110,20,33.0,3,660.0,2003-03-18,Shipped,1,3,2003,Vintage Cars,33,S24_1937,"AV Stores, Co.",(171) 555-1555,Fauntleroy Circus,,Manchester,N/A,EC2 5NT,UK,EMEA,Ashworth,Victoria,Small
10124,45,33.0,2,1485.0,2003-05-21,Shipped,2,5,2003,Vintage Cars,33,S24_1937,Signal Gift Stores,7025551838,8489 Strong St.,,Las Vegas,NV,83030,USA,,King,Sue,Small
10149,36,33.0,7,1188.0,2003-09-12,Shipped,3,9,2003,Vintage Cars,33,S24_1937,Signal Collectibles Ltd.,4155554312,2793 Furth Circle,,Brisbane,CA,94217,USA,,Taylor,Sue,Small
10162,37,27.22,5,1007.14,2003-10-18,Shipped,4,10,2003,Vintage Cars,33,S24_1937,Corporate Gift Ideas Co.,6505551386,7734 Strong St.,,San Francisco,CA,UNKNOWN,USA,,Brown,Julie,Small
10173,31,31.53,9,977.43,2003-11-05,Shipped,4,11,2003,Vintage Cars,33,S24_1937,Rovelli Gifts,035-640555,Via Ludovico il Moro 22,,Bergamo,N/A,24100,Italy,EMEA,Rovelli,Giovanni,Small
10182,39,33.0,6,1287.0,2003-11-12,Shipped,4,11,2003,Vintage Cars,33,S24_1937,Mini Gifts Distributors Ltd.,4155551450,5677 Strong St.,,San Rafael,CA,97562,USA,,Nelson,Valarie,Small
10193,26,29.21,10,759.46,2003-11-21,Shipped,4,11,2003,Vintage Cars,33,S24_1937,"Australian Collectables, Ltd",61-9-3844-6555,7 Allen Street,,Glen Waverly,Victoria,3150,Australia,APAC,Connery,Sean,Small
10205,32,33.0,5,1056.0,2003-12-03,Shipped,4,12,2003,Vintage Cars,33,S24_1937,Euro Shopping Channel,(91) 555 94 44,"C/ Moralzarzal, 86",,Madrid,N/A,28034,Spain,EMEA,Freyre,Diego,Small
10214,20,33.0,3,660.0,2004-01-26,Shipped,1,1,2004,Vintage Cars,33,S24_1937,"Corrida Auto Replicas, Ltd",(91) 555 22 82,"C/ Araquil, 67",,Madrid,N/A,28023,Spain,EMEA,Sommer,Mart¡n,Small
10227,42,29.21,6,1226.82,2004-03-02,Shipped,1,3,2004,Vintage Cars,33,S24_1937,"Saveley & Henriot, Co.",78.32.5555,"2, rue du Commerce",,Lyon,N/A,69004,France,EMEA,Saveley,Mary,Small
10243,33,29.54,1,974.82,2004-04-26,Shipped,2,4,2004,Vintage Cars,33,S24_1937,Diecast Collectables,6175552555,6251 Ingle Ln.,,Boston,MA,51003,USA,,Franco,Valarie,Small
10280,20,28.88,12,577.6,2004-08-17,Shipped,3,8,2004,Vintage Cars,33,S24_1937,Amica Models & Co.,011-4988555,Via Monte Bianco 34,,Torino,N/A,10100,Italy,EMEA,Accorti,Paolo,Small
10288,29,33.0,1,957.0,2004-09-01,Shipped,3,9,2004,Vintage Cars,33,S24_1937,Handji Gifts& Co,+65 224 1555,Village Close - 106 Linden Road Sandown,2nd Floor,Singapore,N/A,69045,Singapore,Japan,Victorino,Wendy,Small
10304,23,30.2,16,694.6,2004-10-11,Shipped,4,10,2004,Vintage Cars,33,S24_1937,Auto Assoc. & Cie.,30.59.8555,"67, avenue de l'Europe",,Versailles,N/A,78000,France,EMEA,Tonini,Daniel,Small
10312,39,29.54,13,1152.06,2004-10-21,Shipped,4,10,2004,Vintage Cars,33,S24_1937,Mini Gifts Distributors Ltd.,4155551450,5677 Strong St.,,San Rafael,CA,97562,USA,,Nelson,Valarie,Small
10322,20,33.0,3,660.0,2004-11-04,Shipped,4,11,2004,Vintage Cars,33,S24_1937,Online Diecast Creations Co.,6035558647,2304 Long Airport Avenue,,Nashua,NH,62005,USA,,Young,Valarie,Small
10332,45,33.0,6,1485.0,2004-11-17,Shipped,4,11,2004,Vintage Cars,33,S24_1937,"AV Stores, Co.",(171) 555-1555,Fauntleroy Circus,,Manchester,N/A,EC2 5NT,UK,EMEA,Ashworth,Victoria,Small
10344,20,33.0,6,660.0,2004-11-25,Shipped,4,11,2004,Vintage Cars,33,S24_1937,Marseille Mini Autos,91.24.4555,"12, rue des Bouchers",,Marseille,N/A,13008,France,EMEA,Lebihan,Laurence,Small
10356,48,33.0,5,1584.0,2004-12-09,Shipped,4,12,2004,Vintage Cars,33,S24_1937,Lyon Souveniers,+33 1 46 62 7555,27 rue du Colonel Pierre Avia,,Paris,N/A,75508,France,EMEA,Da Cunha,Daniel,Small
10367,23,33.0,13,759.0,2005-01-12,Resolved,1,1,2005,Vintage Cars,33,S24_1937,Toys4GrownUps.com,6265557265,78934 Hillside Dr.,,Pasadena,CA,90003,USA,,Young,Julie,Small
10380,32,33.0,4,1056.0,2005-02-16,Shipped,1,2,2005,Vintage Cars,33,S24_1937,Euro Shopping Channel,(91) 555 94 44,"C/ Moralzarzal, 86",,Madrid,N/A,28034,Spain,EMEA,Freyre,Diego,Small
10391,33,33.0,8,1089.0,2005-03-09,Shipped,1,3,2005,Vintage Cars,33,S24_1937,"Anna's Decorations, Ltd",02 9936 8555,201 Miller Street,Level 15,North Sydney,NSW,2060,Australia,APAC,O'Hara,Anna,Small
10409,61,29.54,1,1801.94,2005-04-23,Shipped,2,4,2005,Vintage Cars,33,S24_1937,Handji Gifts& Co,+65 224 1555,Village Close - 106 Linden Road Sandown,2nd Floor,Singapore,N/A,69045,Singapore,Japan,Victorino,Wendy,Small
10420,45,26.88,1,1209.6,2005-05-29,In Process,2,5,2005,Vintage Cars,33,S24_1937,Souveniers And Things Co.,+61 2 9495 8555,"Monitor Money Building, 815 Pacific Hwy",Level 6,Chatswood,NSW,2067,Australia,APAC,Huxley,Adrian,Small
10107,38,76.0,7,2888.0,2003-02-24,Shipped,1,2,2003,Motorcycles,76,S24_2000,Land of Toys Inc.,2125557818,897 Long Airport Avenue,,NYC,NY,10022,USA,,Yu,Kwai,Small
10120,34,76.0,5,2584.0,2003-04-29,Shipped,2,4,2003,Motorcycles,76,S24_2000,"Australian Collectors, Co.",03 9520 4555,636 St Kilda Road,Level 3,Melbourne,Victoria,3004,Australia,APAC,Ferguson,Peter,Small
10134,43,76.0,7,3268.0,2003-07-01,Shipped,3,7,2003,Motorcycles,76,S24_2000,Lyon Souveniers,+33 1 46 62 7555,27 rue du Colonel Pierre Avia,,Paris,N/A,75508,France,EMEA,Da Cunha,Daniel,Medium
10145,47,76.0,11,3572.0,2003-08-25,Shipped,3,8,2003,Motorcycles,76,S24_2000,Toys4GrownUps.com,6265557265,78934 Hillside Dr.,,Pasadena,CA,90003,USA,,Young,Julie,Medium
10158,22,67.03,1,1474.66,2003-10-10,Shipped,4,10,2003,Motorcycles,76,S24_2000,Baane Mini Imports,07-98 9555,Erling Skakkes gate 78,,Stavern,N/A,4110,Norway,EMEA,Bergulfsen,Jonas,Small
10168,29,75.41,6,2186.89,2003-10-28,Shipped,4,10,2003,Motorcycles,76,S24_2000,Technics Stores Inc.,6505556809,9408 Furth Circle,,Burlingame,CA,94217,USA,,Hirano,Juri,Small
10180,28,68.55,14,1919.4,2003-11-11,Shipped,4,11,2003,Motorcycles,76,S24_2000,Daedalus Designs Imports,20.16.1555,"184, chausse de Tournai",,Lille,N/A,59000,France,EMEA,Rance,Martine,Small
10188,40,76.0,6,3040.0,2003-11-18,Shipped,4,11,2003,Motorcycles,76,S24_2000,Herkku Gifts,+47 2267 3215,"Drammen 121, PR 744 Sentrum",,Bergen,N/A,N 5804,Norway,EMEA,Oeztan,Veysel,Medium
10201,25,73.88,7,1847.0,2003-12-01,Shipped,4,12,2003,Motorcycles,76,S24_2000,Mini Wheels Co.,6505555787,5557 North Pendale Street,,San Francisco,CA,UNKNOWN,USA,,Murphy,Julie,Small
10210,30,61.7,4,1851.0,2004-01-12,Shipped,1,1,2004,Motorcycles,76,S24_2000,Osaka Souveniers Co.,+81 06 6342 5555,"Dojima Avanza 4F, 1-6-20 Dojima, Kita-ku",,Osaka,Osaka,530-0003,Japan,Japan,Kentary,Mory,Small
10223,38,69.31,6,2633.78,2004-02-20,Shipped,1,2,2004,Motorcycles,76,S24_2000,"Australian Collectors, Co.",03 9520 4555,636 St Kilda Road,Level 3,Melbourne,Victoria,3004,Australia,APAC,Ferguson,Peter,Small
10236,36,76.0,3,2736.0,2004-04-03,Shipped,2,4,2004,Motorcycles,76,S24_2000,Motor Mint Distributors Inc.,2155559857,11328 Douglas Av.,,Philadelphia,PA,71270,USA,,Hernandez,Rosa,Small
10250,32,76.0,1,2432.0,2004-05-11,Shipped,2,5,2004,Motorcycles,76,S24_2000,The Sharp Gifts Warehouse,4085553659,3086 Ingle Ln.,,San Jose,CA,94217,USA,,Frick,Sue,Small
10263,37,62.46,7,2311.02,2004-06-28,Shipped,2,6,2004,Motorcycles,76,S24_2000,Gift Depot Inc.,2035552570,25593 South Bay Ln.,,Bridgewater,CT,97562,USA,,King,Julie,Small
10275,30,76.0,6,2280.0,2004-07-23,Shipped,3,7,2004,Motorcycles,76,S24_2000,La Rochelle Gifts,40.67.8555,"67, rue des Cinquante Otages",,Nantes,N/A,44000,France,EMEA,Labrune,Janine,Small
10285,39,70.08,11,2733.12,2004-08-27,Shipped,3,8,2004,Motorcycles,76,S24_2000,Marta's Replicas Co.,6175558555,39323 Spinnaker Dr.,,Cambridge,MA,51247,USA,,Hernandez,Marta,Small
10297,32,65.51,1,2096.32,2004-09-16,Shipped,3,9,2004,Motorcycles,76,S24_2000,"Clover Collections, Co.",+353 1862 1555,25 Maiden Lane,Floor No. 4,Dublin,N/A,2,Ireland,EMEA,Cassidy,Dean,Small
10308,47,63.22,4,2971.34,2004-10-15,Shipped,4,10,2004,Motorcycles,76,S24_2000,Mini Classics,9145554562,3758 North Pendale Street,,White Plains,NY,24067,USA,,Frick,Steve,Small
10318,26,76.0,6,1976.0,2004-11-02,Shipped,4,11,2004,Motorcycles,76,S24_2000,Diecast Classics Inc.,2155551555,7586 Pompton St.,,Allentown,PA,70267,USA,,Yu,Kyung,Small
10329,37,76.0,4,2812.0,2004-11-15,Shipped,4,11,2004,Motorcycles,76,S24_2000,Land of Toys Inc.,2125557818,897 Long Airport Avenue,,NYC,NY,10022,USA,,Yu,Kwai,Small
10340,55,76.0,8,4180.0,2004-11-24,Shipped,4,11,2004,Motorcycles,76,S24_2000,Enaco Distributors,(93) 203 4555,"Rambla de Catalu¤a, 23",,Barcelona,N/A,8022,Spain,EMEA,Saavedra,Eduardo,Medium
10363,21,76.0,8,1596.0,2005-01-06,Shipped,1,1,2005,Motorcycles,76,S24_2000,Suominen Souveniers,+358 9 8045 555,"Software Engineering Center, SEC Oy",,Espoo,N/A,FIN-02271,Finland,EMEA,Suominen,Kalle,Small
10375,23,76.0,9,1748.0,2005-02-03,Shipped,1,2,2005,Motorcycles,76,S24_2000,La Rochelle Gifts,40.67.8555,"67, rue des Cinquante Otages",,Nantes,N/A,44000,France,EMEA,Labrune,Janine,Small
10389,49,76.0,2,3724.0,2005-03-03,Shipped,1,3,2005,Motorcycles,76,S24_2000,Scandinavian Gift Ideas,0695-34 6555,?kergatan 24,,Boras,N/A,S-844 67,Sweden,EMEA,Larsson,Maria,Medium
10402,59,76.0,3,4484.0,2005-04-07,Shipped,2,4,2005,Motorcycles,76,S24_2000,Auto Canal Petit,(1) 47.55.6555,"25, rue Lauriston",,Paris,N/A,75016,France,EMEA,Perrier,Dominique,Medium
10416,32,76.0,1,2432.0,2005-05-10,Shipped,2,5,2005,Motorcycles,76,S24_2000,L'ordine Souveniers,0522-556555,Strada Provinciale 124,,Reggio Emilia,N/A,42100,Italy,EMEA,Moroni,Maurizio,Small
10105,43,100.0,9,4300.0,2003-02-11,Shipped,1,2,2003,Ships,122,S24_2011,Danish Wholesale Imports,31 12 3555,Vinb'ltet 34,,Kobenhavn,N/A,1734,Denmark,EMEA,Petersen,Jytte,Medium
10117,41,100.0,3,4100.0,2003-04-16,Shipped,2,4,2003,Ships,122,S24_2011,"Dragon Souveniers, Ltd.",+65 221 7555,"Bronz Sok., Bronz Apt. 3/6 Tesvikiye",,Singapore,N/A,79903,Singapore,Japan,Natividad,Eric,Medium
10129,45,100.0,9,4500.0,2003-06-12,Shipped,2,6,2003,Ships,122,S24_2011,"Stylish Desk Decors, Co.",(171) 555-0297,35 King George,,London,N/A,WX3 6FW,UK,EMEA,Brown,Ann,Medium
10142,33,100.0,6,3300.0,2003-08-08,Shipped,3,8,2003,Ships,122,S24_2011,Mini Gifts Distributors Ltd.,4155551450,5677 Strong St.,,San Rafael,CA,97562,USA,,Nelson,Valarie,Medium
10153,40,100.0,5,4000.0,2003-09-28,Shipped,3,9,2003,Ships,122,S24_2011,Euro Shopping Channel,(91) 555 94 44,"C/ Moralzarzal, 86",,Madrid,N/A,28034,Spain,EMEA,Freyre,Diego,Medium
10167,33,100.0,16,3300.0,2003-10-23,Cancelled,4,10,2003,Ships,122,S24_2011,Scandinavian Gift Ideas,0695-34 6555,?kergatan 24,,Boras,N/A,S-844 67,Sweden,EMEA,Larsson,Maria,Medium
10177,50,100.0,7,5000.0,2003-11-07,Shipped,4,11,2003,Ships,122,S24_2011,CAF Imports,+34 913 728 555,"Merchants House, 27-30 Merchant's Quay",,Madrid,N/A,28023,Spain,EMEA,Fernandez,Jesus,Medium
10185,30,100.0,7,3000.0,2003-11-14,Shipped,4,11,2003,Ships,122,S24_2011,Mini Creations Ltd.,5085559555,4575 Hillside Dr.,,New Bedford,MA,50553,USA,,Tam,Wing C,Medium
10197,41,100.0,13,4100.0,2003-11-26,Shipped,4,11,2003,Ships,122,S24_2011,Enaco Distributors,(93) 203 4555,"Rambla de Catalu¤a, 23",,Barcelona,N/A,8022,Spain,EMEA,Saavedra,Eduardo,Medium
10208,35,100.0,7,3500.0,2004-01-02,Shipped,1,1,2004,Ships,122,S24_2011,"Saveley & Henriot, Co.",78.32.5555,"2, rue du Commerce",,Lyon,N/A,69004,France,EMEA,Saveley,Mary,Medium
10221,49,100.0,1,4900.0,2004-02-18,Shipped,1,2,2004,Ships,122,S24_2011,Petit Auto,(02) 5554 67,Rue Joseph-Bens 532,,Bruxelles,N/A,B-1180,Belgium,EMEA,Dewey,Catherine,Medium
10232,46,100.0,4,4600.0,2004-03-20,Shipped,1,3,2004,Ships,122,S24_2011,giftsbymail.co.uk,(198) 555-8888,Garden House Crowther Way,,Cowes,Isle of Wight,PO31 7PJ,UK,EMEA,Bennett,Helen,Medium
10248,48,100.0,10,4800.0,2004-05-07,Cancelled,2,5,2004,Ships,122,S24_2011,Land of Toys Inc.,2125557818,897 Long Airport Avenue,,NYC,NY,10022,USA,,Yu,Kwai,Medium
10261,36,100.0,8,3600.0,2004-06-17,Shipped,2,6,2004,Ships,122,S24_2011,Quebec Home Shopping Network,(514) 555-8054,43 rue St. Laurent,,Montreal,Quebec,H1J 1C3,Canada,,Fresnisre,Jean,Medium
10273,22,100.0,11,2200.0,2004-07-21,Shipped,3,7,2004,Ships,122,S24_2011,Petit Auto,(02) 5554 67,Rue Joseph-Bens 532,,Bruxelles,N/A,B-1180,Belgium,EMEA,Dewey,Catherine,Small
10283,42,100.0,13,4200.0,2004-08-20,Shipped,3,8,2004,Ships,122,S24_2011,"Royal Canadian Collectables, Ltd.",(604) 555-4555,23 Tsawassen Blvd.,,Tsawassen,BC,T2F 8M4,Canada,,Lincoln,Elizabeth,Medium
10293,21,100.0,2,2100.0,2004-09-09,Shipped,3,9,2004,Ships,122,S24_2011,Amica Models & Co.,011-4988555,Via Monte Bianco 34,,Torino,N/A,10100,Italy,EMEA,Accorti,Paolo,Small
10306,29,100.0,7,2900.0,2004-10-14,Shipped,4,10,2004,Ships,122,S24_2011,"AV Stores, Co.",(171) 555-1555,Fauntleroy Circus,,Manchester,N/A,EC2 5NT,UK,EMEA,Ashworth,Victoria,Small
10315,35,100.0,6,3500.0,2004-10-29,Shipped,4,10,2004,Ships,122,S24_2011,La Rochelle Gifts,40.67.8555,"67, rue des Cinquante Otages",,Nantes,N/A,44000,France,EMEA,Labrune,Janine,Medium
10326,41,100.0,4,4100.0,2004-11-09,Shipped,4,11,2004,Ships,122,S24_2011,"Volvo Model Replicas, Co",0921-12 3555,Berguvsvgen  8,,Lule,N/A,S-958 22,Sweden,EMEA,Berglund,Christina,Medium
10337,29,71.97,4,2087.13,2004-11-21,Shipped,4,11,2004,Ships,122,S24_2011,Classic Legends Inc.,2125558493,5905 Pompton St.,Suite 750,NYC,NY,10022,USA,,Hernandez,Maria,Small
10350,34,50.33,7,1711.22,2004-12-02,Shipped,4,12,2004,Ships,122,S24_2011,Euro Shopping Channel,(91) 555 94 44,"C/ Moralzarzal, 86",,Madrid,N/A,28034,Spain,EMEA,Freyre,Diego,Small
10372,37,100.0,8,3700.0,2005-01-26,Shipped,1,1,2005,Ships,122,S24_2011,"Tokyo Collectables, Ltd",+81 3 3584 0555,2-2-8 Roppongi,,Minato-ku,Tokyo,106-0032,Japan,Japan,Shimamura,Akiko,Medium
10384,28,80.54,3,2255.12,2005-02-23,Shipped,1,2,2005,Ships,122,S24_2011,Corporate Gift Ideas Co.,6505551386,7734 Strong St.,,San Francisco,CA,UNKNOWN,USA,,Brown,Julie,Small
10396,49,100.0,6,4900.0,2005-03-23,Shipped,1,3,2005,Ships,122,S24_2011,Mini Gifts Distributors Ltd.,4155551450,5677 Strong St.,,San Rafael,CA,97562,USA,,Nelson,Valarie,Medium
10414,23,100.0,10,2300.0,2005-05-06,On Hold,2,5,2005,Ships,122,S24_2011,Gifts4AllAges.com,6175559555,8616 Spinnaker Dr.,,Boston,MA,51003,USA,,Yoshido,Juri,Small
10101,46,44.0,2,2024.0,2003-01-09,Shipped,1,1,2003,Vintage Cars,44,S24_2022,"Blauer See Auto, Co.",+49 69 66 90 2555,Lyonerstr. 34,,Frankfurt,N/A,60528,Germany,EMEA,Keitel,Roland,Small
10110,39,44.0,2,1716.0,2003-03-18,Shipped,1,3,2003,Vintage Cars,44,S24_2022,"AV Stores, Co.",(171) 555-1555,Fauntleroy Circus,,Manchester,N/A,EC2 5NT,UK,EMEA,Ashworth,Victoria,Small
10124,22,44.0,1,968.0,2003-05-21,Shipped,2,5,2003,Vintage Cars,44,S24_2022,Signal Gift Stores,7025551838,8489 Strong St.,,Las Vegas,NV,83030,USA,,King,Sue,Small
10149,49,44.0,6,2156.0,2003-09-12,Shipped,3,9,2003,Vintage Cars,44,S24_2022,Signal Collectibles Ltd.,4155554312,2793 Furth Circle,,Brisbane,CA,94217,USA,,Taylor,Sue,Small
10162,43,36.29,4,1560.47,2003-10-18,Shipped,4,10,2003,Vintage Cars,44,S24_2022,Corporate Gift Ideas Co.,6505551386,7734 Strong St.,,San Francisco,CA,UNKNOWN,USA,,Brown,Julie,Small
10173,27,41.22,8,1112.94,2003-11-05,Shipped,4,11,2003,Vintage Cars,44,S24_2022,Rovelli Gifts,035-640555,Via Ludovico il Moro 22,,Bergamo,N/A,24100,Italy,EMEA,Rovelli,Giovanni,Small
10182,31,36.74,5,1138.94,2003-11-12,Shipped,4,11,2003,Vintage Cars,44,S24_2022,Mini Gifts Distributors Ltd.,4155551450,5677 Strong St.,,San Rafael,CA,97562,USA,,Nelson,Valarie,Small
10193,20,44.0,9,880.0,2003-11-21,Shipped,4,11,2003,Vintage Cars,44,S24_2022,"Australian Collectables, Ltd",61-9-3844-6555,7 Allen Street,,Glen Waverly,Victoria,3150,Australia,APAC,Connery,Sean,Small
10205,24,38.08,4,913.92,2003-12-03,Shipped,4,12,2003,Vintage Cars,44,S24_2022,Euro Shopping Channel,(91) 555 94 44,"C/ Moralzarzal, 86",,Madrid,N/A,28034,Spain,EMEA,Freyre,Diego,Small
10214,49,44.0,2,2156.0,2004-01-26,Shipped,1,1,2004,Vintage Cars,44,S24_2022,"Corrida Auto Replicas, Ltd",(91) 555 22 82,"C/ Araquil, 67",,Madrid,N/A,28023,Spain,EMEA,Sommer,Mart¡n,Small
10227,24,44.0,5,1056.0,2004-03-02,Shipped,1,3,2004,Vintage Cars,44,S24_2022,"Saveley & Henriot, Co.",78.32.5555,"2, rue du Commerce",,Lyon,N/A,69004,France,EMEA,Saveley,Mary,Small
10244,39,44.0,9,1716.0,2004-04-29,Shipped,2,4,2004,Vintage Cars,44,S24_2022,Euro Shopping Channel,(91) 555 94 44,"C/ Moralzarzal, 86",,Madrid,N/A,28034,Spain,EMEA,Freyre,Diego,Small
10255,37,44.0,2,1628.0,2004-06-04,Shipped,2,6,2004,Vintage Cars,44,S24_2022,Mini Caravy,88.60.1555,"24, place Kluber",,Strasbourg,N/A,67000,France,EMEA,Citeaux,Frederique,Small
10280,45,44.0,11,1980.0,2004-08-17,Shipped,3,8,2004,Vintage Cars,44,S24_2022,Amica Models & Co.,011-4988555,Via Monte Bianco 34,,Torino,N/A,10100,Italy,EMEA,Accorti,Paolo,Small
10289,45,44.0,4,1980.0,2004-09-03,Shipped,3,9,2004,Vintage Cars,44,S24_2022,Herkku Gifts,+47 2267 3215,"Drammen 121, PR 744 Sentrum",,Bergen,N/A,N 5804,Norway,EMEA,Oeztan,Veysel,Small
10304,44,39.42,15,1734.48,2004-10-11,Shipped,4,10,2004,Vintage Cars,44,S24_2022,Auto Assoc. & Cie.,30.59.8555,"67, avenue de l'Europe",,Versailles,N/A,78000,France,EMEA,Tonini,Daniel,Small
10312,23,37.63,12,865.49,2004-10-21,Shipped,4,10,2004,Vintage Cars,44,S24_2022,Mini Gifts Distributors Ltd.,4155551450,5677 Strong St.,,San Rafael,CA,97562,USA,,Nelson,Valarie,Small
10322,30,44.0,4,1320.0,2004-11-04,Shipped,4,11,2004,Vintage Cars,44,S24_2022,Online Diecast Creations Co.,6035558647,2304 Long Airport Avenue,,Nashua,NH,62005,USA,,Young,Valarie,Small
10332,26,44.0,10,1144.0,2004-11-17,Shipped,4,11,2004,Vintage Cars,44,S24_2022,"AV Stores, Co.",(171) 555-1555,Fauntleroy Circus,,Manchester,N/A,EC2 5NT,UK,EMEA,Ashworth,Victoria,Small
10345,43,44.0,1,1892.0,2004-11-25,Shipped,4,11,2004,Vintage Cars,44,S24_2022,Atelier graphique,40.32.2555,"54, rue Royale",,Nantes,N/A,44000,France,EMEA,Schmitt,Carine,Small
10356,26,31.86,7,828.36,2004-12-09,Shipped,4,12,2004,Vintage Cars,44,S24_2022,Lyon Souveniers,+33 1 46 62 7555,27 rue du Colonel Pierre Avia,,Paris,N/A,75508,France,EMEA,Da Cunha,Daniel,Small
10367,28,30.59,12,856.52,2005-01-12,Resolved,1,1,2005,Vintage Cars,44,S24_2022,Toys4GrownUps.com,6265557265,78934 Hillside Dr.,,Pasadena,CA,90003,USA,,Young,Julie,Small
10380,27,44.0,5,1188.0,2005-02-16,Shipped,1,2,2005,Vintage Cars,44,S24_2022,Euro Shopping Channel,(91) 555 94 44,"C/ Moralzarzal, 86",,Madrid,N/A,28034,Spain,EMEA,Freyre,Diego,Small
10391,24,44.0,1,1056.0,2005-03-09,Shipped,1,3,2005,Vintage Cars,44,S24_2022,"Anna's Decorations, Ltd",02 9936 8555,201 Miller Street,Level 15,North Sydney,NSW,2060,Australia,APAC,O'Hara,Anna,Small
10421,40,44.0,2,1760.0,2005-05-29,In Process,2,5,2005,Vintage Cars,44,S24_2022,Mini Gifts Distributors Ltd.,4155551450,5677 Strong St.,,San Rafael,CA,97562,USA,,Nelson,Valarie,Small
10103,36,100.0,1,3600.0,2003-01-29,Shipped,1,1,2003,Trucks and Buses,127,S24_2300,Baane Mini Imports,07-98 9555,Erling Skakkes gate 78,,Stavern,N/A,4110,Norway,EMEA,Bergulfsen,Jonas,Medium
10114,21,100.0,5,2100.0,2003-04-01,Shipped,2,4,2003,Trucks and Buses,127,S24_2300,"La Corne D'abondance, Co.",(1) 42.34.2555,"265, boulevard Charonne",,Paris,N/A,75012,France,EMEA,Bertrand,Marie,Small
10126,27,100.0,1,2700.0,2003-05-28,Shipped,2,5,2003,Trucks and Buses,127,S24_2300,"Corrida Auto Replicas, Ltd",(91) 555 22 82,"C/ Araquil, 67",,Madrid,N/A,28023,Spain,EMEA,Sommer,Mart¡n,Small
10140,47,100.0,1,4700.0,2003-07-24,Shipped,3,7,2003,Trucks and Buses,127,S24_2300,Technics Stores Inc.,6505556809,9408 Furth Circle,,Burlingame,CA,94217,USA,,Hirano,Juri,Medium
10151,42,100.0,8,4200.0,2003-09-21,Shipped,3,9,2003,Trucks and Buses,127,S24_2300,"Oulu Toy Supplies, Inc.",981-443655,Torikatu 38,,Oulu,N/A,90110,Finland,EMEA,Koskitalo,Pirkko,Medium
10165,32,100.0,17,3200.0,2003-10-22,Shipped,4,10,2003,Trucks and Buses,127,S24_2300,"Dragon Souveniers, Ltd.",+65 221 7555,"Bronz Sok., Bronz Apt. 3/6 Tesvikiye",,Singapore,N/A,79903,Singapore,Japan,Natividad,Eric,Medium
10175,28,100.0,6,2800.0,2003-11-06,Shipped,4,11,2003,Trucks and Buses,127,S24_2300,"Stylish Desk Decors, Co.",(171) 555-0297,35 King George,,London,N/A,WX3 6FW,UK,EMEA,Brown,Ann,Small
10184,24,100.0,11,2400.0,2003-11-14,Shipped,4,11,2003,Trucks and Buses,127,S24_2300,"Iberia Gift Imports, Corp.",(95) 555 82 82,"C/ Romero, 33",,Sevilla,N/A,41101,Spain,EMEA,Roel,Jose Pedro,Small
10194,49,100.0,1,4900.0,2003-11-25,Shipped,4,11,2003,Trucks and Buses,127,S24_2300,"Saveley & Henriot, Co.",78.32.5555,"2, rue du Commerce",,Lyon,N/A,69004,France,EMEA,Saveley,Mary,Medium
10207,46,100.0,12,4600.0,2003-12-09,Shipped,4,12,2003,Trucks and Buses,127,S24_2300,Diecast Collectables,6175552555,6251 Ingle Ln.,,Boston,MA,51003,USA,,Franco,Valarie,Medium
10217,28,100.0,1,2800.0,2004-02-04,Shipped,1,2,2004,Trucks and Buses,127,S24_2300,Handji Gifts& Co,+65 224 1555,Village Close - 106 Linden Road Sandown,2nd Floor,Singapore,N/A,69045,Singapore,Japan,Victorino,Wendy,Small
10229,48,100.0,6,4800.0,2004-03-11,Shipped,1,3,2004,Trucks and Buses,127,S24_2300,Mini Gifts Distributors Ltd.,4155551450,5677 Strong St.,,San Rafael,CA,97562,USA,,Nelson,Valarie,Medium
10246,29,100.0,10,2900.0,2004-05-05,Shipped,2,5,2004,Trucks and Buses,127,S24_2300,Euro Shopping Channel,(91) 555 94 44,"C/ Moralzarzal, 86",,Madrid,N/A,28034,Spain,EMEA,Freyre,Diego,Small
10259,47,100.0,9,4700.0,2004-06-15,Shipped,2,6,2004,Trucks and Buses,127,S24_2300,Handji Gifts& Co,+65 224 1555,Village Close - 106 Linden Road Sandown,2nd Floor,Singapore,N/A,69045,Singapore,Japan,Victorino,Wendy,Medium
10271,43,100.0,10,4300.0,2004-07-20,Shipped,3,7,2004,Trucks and Buses,127,S24_2300,Mini Gifts Distributors Ltd.,4155551450,5677 Strong St.,,San Rafael,CA,97562,USA,,Nelson,Valarie,Medium
10281,25,100.0,6,2500.0,2004-08-19,Shipped,3,8,2004,Trucks and Buses,127,S24_2300,Diecast Classics Inc.,2155551555,7586 Pompton St.,,Allentown,PA,70267,USA,,Yu,Kyung,Small
10291,48,100.0,1,4800.0,2004-09-08,Shipped,3,9,2004,Trucks and Buses,127,S24_2300,Scandinavian Gift Ideas,0695-34 6555,?kergatan 24,,Boras,N/A,S-844 67,Sweden,EMEA,Larsson,Maria,Medium
10305,24,100.0,10,2400.0,2004-10-13,Shipped,4,10,2004,Trucks and Buses,127,S24_2300,Marta's Replicas Co.,6175558555,39323 Spinnaker Dr.,,Cambridge,MA,51247,USA,,Hernandez,Marta,Small
10313,42,100.0,4,4200.0,2004-10-22,Shipped,4,10,2004,Trucks and Buses,127,S24_2300,Canadian Gift Exchange Network,(604) 555-3392,1900 Oak St.,,Vancouver,BC,V3F 2K1,Canada,,Tannamuri,Yoshi,Medium
10324,31,100.0,2,3100.0,2004-11-05,Shipped,4,11,2004,Trucks and Buses,127,S24_2300,Vitachrome Inc.,2125551500,2678 Kingston Rd.,Suite 101,NYC,NY,10022,USA,,Frick,Michael,Medium
10334,42,100.0,5,4200.0,2004-11-19,On Hold,4,11,2004,Trucks and Buses,127,S24_2300,"Volvo Model Replicas, Co",0921-12 3555,Berguvsvgen  8,,Lule,N/A,S-958 22,Sweden,EMEA,Berglund,Christina,Medium
10348,37,100.0,1,3700.0,2004-11-01,Shipped,4,11,2004,Trucks and Buses,127,S24_2300,"Corrida Auto Replicas, Ltd",(91) 555 22 82,"C/ Araquil, 67",,Madrid,N/A,28023,Spain,EMEA,Sommer,Mart¡n,Medium
10358,41,100.0,7,4100.0,2004-12-10,Shipped,4,12,2004,Trucks and Buses,127,S24_2300,Euro Shopping Channel,(91) 555 94 44,"C/ Moralzarzal, 86",,Madrid,N/A,28034,Spain,EMEA,Freyre,Diego,Medium
10371,20,100.0,5,2000.0,2005-01-23,Shipped,1,1,2005,Trucks and Buses,127,S24_2300,Mini Gifts Distributors Ltd.,4155551450,5677 Strong St.,,San Rafael,CA,97562,USA,,Nelson,Valarie,Small
10382,20,100.0,3,2000.0,2005-02-17,Shipped,1,2,2005,Trucks and Buses,127,S24_2300,Mini Gifts Distributors Ltd.,4155551450,5677 Strong St.,,San Rafael,CA,97562,USA,,Nelson,Valarie,Small
10412,70,100.0,10,7000.0,2005-05-03,Shipped,2,5,2005,Trucks and Buses,127,S24_2300,Euro Shopping Channel,(91) 555 94 44,"C/ Moralzarzal, 86",,Madrid,N/A,28034,Spain,EMEA,Freyre,Diego,Large
10425,49,100.0,9,4900.0,2005-05-31,In Process,2,5,2005,Trucks and Buses,127,S24_2300,La Rochelle Gifts,40.67.8555,"67, rue des Cinquante Otages",,Nantes,N/A,44000,France,EMEA,Labrune,Janine,Medium
10108,35,58.87,15,2060.45,2003-03-03,Shipped,1,3,2003,Motorcycles,69,S24_2360,Cruz & Sons Co.,+63 2 555 3587,15 McCallum Street - NatWest Center #13-03,,Makati City,N/A,1227 MM,Philippines,Japan,Cruz,Arnold,Small
10121,32,69.0,2,2208.0,2003-05-07,Shipped,2,5,2003,Motorcycles,69,S24_2360,Reims Collectables,26.47.1555,59 rue de l'Abbaye,,Reims,N/A,51100,France,EMEA,Henriot,Paul,Small
10135,29,61.64,16,1787.56,2003-07-02,Shipped,3,7,2003,Motorcycles,69,S24_2360,Mini Gifts Distributors Ltd.,4155551450,5677 Strong St.,,San Rafael,CA,97562,USA,,Nelson,Valarie,Small
10145,27,60.95,3,1645.65,2003-08-25,Shipped,3,8,2003,Motorcycles,69,S24_2360,Toys4GrownUps.com,6265557265,78934 Hillside Dr.,,Pasadena,CA,90003,USA,,Young,Julie,Small
10159,27,69.0,11,1863.0,2003-10-10,Shipped,4,10,2003,Motorcycles,69,S24_2360,Corporate Gift Ideas Co.,6505551386,7734 Strong St.,,San Francisco,CA,UNKNOWN,USA,,Brown,Julie,Small
10169,38,69.0,11,2622.0,2003-11-04,Shipped,4,11,2003,Motorcycles,69,S24_2360,"Anna's Decorations, Ltd",02 9936 8555,201 Miller Street,Level 15,North Sydney,NSW,2060,Australia,APAC,O'Hara,Anna,Small
10180,35,69.0,6,2415.0,2003-11-11,Shipped,4,11,2003,Motorcycles,69,S24_2360,Daedalus Designs Imports,20.16.1555,"184, chausse de Tournai",,Lille,N/A,59000,France,EMEA,Rance,Martine,Small
10190,42,69.0,3,2898.0,2003-11-19,Shipped,4,11,2003,Motorcycles,69,S24_2360,Euro Shopping Channel,(91) 555 94 44,"C/ Moralzarzal, 86",,Madrid,N/A,28034,Spain,EMEA,Freyre,Diego,Small
10211,21,63.72,11,1338.12,2004-01-15,Shipped,1,1,2004,Motorcycles,69,S24_2360,Auto Canal Petit,(1) 47.55.6555,"25, rue Lauriston",,Paris,N/A,75016,France,EMEA,Perrier,Dominique,Small
10224,37,69.0,4,2553.0,2004-02-21,Shipped,1,2,2004,Motorcycles,69,S24_2360,Daedalus Designs Imports,20.16.1555,"184, chausse de Tournai",,Lille,N/A,59000,France,EMEA,Rance,Martine,Small
10237,26,69.0,4,1794.0,2004-04-05,Shipped,2,4,2004,Motorcycles,69,S24_2360,Vitachrome Inc.,2125551500,2678 Kingston Rd.,Suite 101,NYC,NY,10022,USA,,Frick,Michael,Small
10252,47,65.8,8,3092.6,2004-05-26,Shipped,2,5,2004,Motorcycles,69,S24_2360,Auto Canal Petit,(1) 47.55.6555,"25, rue Lauriston",,Paris,N/A,75016,France,EMEA,Perrier,Dominique,Medium
10264,37,65.1,6,2408.7,2004-06-30,Shipped,2,6,2004,Motorcycles,69,S24_2360,Gifts4AllAges.com,6175559555,8616 Spinnaker Dr.,,Boston,MA,51003,USA,,Yoshido,Juri,Small
10276,46,69.0,12,3174.0,2004-08-02,Shipped,3,8,2004,Motorcycles,69,S24_2360,Online Mini Collectables,6175557555,7635 Spinnaker Dr.,,Brickhaven,MA,58339,USA,,Barajas,Miguel,Medium
10285,38,59.56,3,2263.28,2004-08-27,Shipped,3,8,2004,Motorcycles,69,S24_2360,Marta's Replicas Co.,6175558555,39323 Spinnaker Dr.,,Cambridge,MA,51247,USA,,Hernandez,Marta,Small
10299,33,66.49,6,2194.17,2004-09-30,Shipped,3,9,2004,Motorcycles,69,S24_2360,"Toys of Finland, Co.",90-224 8555,Keskuskatu 45,,Helsinki,N/A,21240,Finland,EMEA,Karttunen,Matti,Small
10309,24,56.1,2,1346.4,2004-10-15,Shipped,4,10,2004,Motorcycles,69,S24_2360,Baane Mini Imports,07-98 9555,Erling Skakkes gate 78,,Stavern,N/A,4110,Norway,EMEA,Bergulfsen,Jonas,Small
10319,31,69.0,7,2139.0,2004-11-03,Shipped,4,11,2004,Motorcycles,69,S24_2360,Microscale Inc.,2125551957,5290 North Pendale Street,Suite 200,NYC,NY,10022,USA,,Kuo,Kee,Small
10330,42,69.0,1,2898.0,2004-11-16,Shipped,4,11,2004,Motorcycles,69,S24_2360,Cruz & Sons Co.,+63 2 555 3587,15 McCallum Street - NatWest Center #13-03,,Makati City,N/A,1227 MM,Philippines,Japan,Cruz,Arnold,Small
10341,32,69.0,6,2208.0,2004-11-24,Shipped,4,11,2004,Motorcycles,69,S24_2360,Salzburg Collectables,6562-9555,Geislweg 14,,Salzburg,N/A,5020,Austria,EMEA,Pipps,Georg,Small
10355,41,69.0,3,2829.0,2004-12-07,Shipped,4,12,2004,Motorcycles,69,S24_2360,Euro Shopping Channel,(91) 555 94 44,"C/ Moralzarzal, 86",,Madrid,N/A,28034,Spain,EMEA,Freyre,Diego,Small
10363,43,61.23,14,2632.89,2005-01-06,Shipped,1,1,2005,Motorcycles,69,S24_2360,Suominen Souveniers,+358 9 8045 555,"Software Engineering Center, SEC Oy",,Espoo,N/A,FIN-02271,Finland,EMEA,Suominen,Kalle,Small
10375,20,69.0,14,1380.0,2005-02-03,Shipped,1,2,2005,Motorcycles,69,S24_2360,La Rochelle Gifts,40.67.8555,"67, rue des Cinquante Otages",,Nantes,N/A,44000,France,EMEA,Labrune,Janine,Small
10390,35,65.13,4,2279.55,2005-03-04,Shipped,1,3,2005,Motorcycles,69,S24_2360,Mini Gifts Distributors Ltd.,4155551450,5677 Strong St.,,San Rafael,CA,97562,USA,,Nelson,Valarie,Small
10403,27,69.0,4,1863.0,2005-04-08,Shipped,2,4,2005,Motorcycles,69,S24_2360,"UK Collectables, Ltd.",(171) 555-2282,Berkeley Gardens 12  Brewery,,Liverpool,N/A,WX1 6LT,UK,EMEA,Devon,Elizabeth,Small
10110,43,78.15,11,3360.45,2003-03-18,Shipped,1,3,2003,Classic Cars,90,S24_2766,"AV Stores, Co.",(171) 555-1555,Fauntleroy Circus,,Manchester,N/A,EC2 5NT,UK,EMEA,Ashworth,Victoria,Medium
10124,32,72.7,10,2326.4,2003-05-21,Shipped,2,5,2003,Classic Cars,90,S24_2766,Signal Gift Stores,7025551838,8489 Strong St.,,Las Vegas,NV,83030,USA,,King,Sue,Small
10148,21,73.6,4,1545.6,2003-09-11,Shipped,3,9,2003,Classic Cars,90,S24_2766,"Anna's Decorations, Ltd",02 9936 8555,201 Miller Street,Level 15,North Sydney,NSW,2060,Australia,APAC,O'Hara,Anna,Small
10161,20,90.0,3,1800.0,2003-10-17,Shipped,4,10,2003,Classic Cars,90,S24_2766,Heintze Collectables,86 21 3555,Smagsloget 45,,Aaarhus,N/A,8200,Denmark,EMEA,Ibsen,Palle,Small
10172,22,74.51,1,1639.22,2003-11-05,Shipped,4,11,2003,Classic Cars,90,S24_2766,Gift Depot Inc.,2035552570,25593 South Bay Ln.,,Bridgewater,CT,97562,USA,,King,Julie,Small
10182,36,73.6,14,2649.6,2003-11-12,Shipped,4,11,2003,Classic Cars,90,S24_2766,Mini Gifts Distributors Ltd.,4155551450,5677 Strong St.,,San Rafael,CA,97562,USA,,Nelson,Valarie,Small
10192,46,83.6,2,3845.6,2003-11-20,Shipped,4,11,2003,Classic Cars,90,S24_2766,Online Diecast Creations Co.,6035558647,2304 Long Airport Avenue,,Nashua,NH,62005,USA,,Young,Valarie,Medium
10204,47,90.0,8,4230.0,2003-12-02,Shipped,4,12,2003,Classic Cars,90,S24_2766,Muscle Machine Inc,2125557413,4092 Furth Circle,Suite 400,NYC,NY,10022,USA,,Young,Jeff,Medium
10212,45,88.14,1,3966.3,2004-01-16,Shipped,1,1,2004,Classic Cars,90,S24_2766,Euro Shopping Channel,(91) 555 94 44,"C/ Moralzarzal, 86",,Madrid,N/A,28034,Spain,EMEA,Freyre,Diego,Medium
10227,47,88.14,14,4142.58,2004-03-02,Shipped,1,3,2004,Classic Cars,90,S24_2766,"Saveley & Henriot, Co.",78.32.5555,"2, rue du Commerce",,Lyon,N/A,69004,France,EMEA,Saveley,Mary,Medium
10241,47,90.0,6,4230.0,2004-04-13,Shipped,2,4,2004,Classic Cars,90,S24_2766,Mini Caravy,88.60.1555,"24, place Kluber",,Strasbourg,N/A,67000,France,EMEA,Citeaux,Frederique,Medium
10267,38,87.24,3,3315.12,2004-07-07,Shipped,3,7,2004,Classic Cars,90,S24_2766,Muscle Machine Inc,2125557413,4092 Furth Circle,Suite 400,NYC,NY,10022,USA,,Young,Jeff,Medium
10279,49,79.97,3,3918.53,2004-08-09,Shipped,3,8,2004,Classic Cars,90,S24_2766,Euro Shopping Channel,(91) 555 94 44,"C/ Moralzarzal, 86",,Madrid,N/A,28034,Spain,EMEA,Freyre,Diego,Medium
10288,35,80.87,9,2830.45,2004-09-01,Shipped,3,9,2004,Classic Cars,90,S24_2766,Handji Gifts& Co,+65 224 1555,Village Close - 106 Linden Road Sandown,2nd Floor,Singapore,N/A,69045,Singapore,Japan,Victorino,Wendy,Small
10302,49,90.0,5,4410.0,2003-10-06,Shipped,4,10,2003,Classic Cars,90,S24_2766,"UK Collectables, Ltd.",(171) 555-2282,Berkeley Gardens 12  Brewery,,Liverpool,N/A,WX1 6LT,UK,EMEA,Devon,Elizabeth,Medium
10311,28,90.0,4,2520.0,2004-10-16,Shipped,4,10,2004,Classic Cars,90,S24_2766,Euro Shopping Channel,(91) 555 94 44,"C/ Moralzarzal, 86",,Madrid,N/A,28034,Spain,EMEA,Freyre,Diego,Small
10321,30,72.7,1,2181.0,2004-11-04,Shipped,4,11,2004,Classic Cars,90,S24_2766,FunGiftIdeas.com,5085552555,1785 First Street,,New Bedford,MA,50553,USA,,Benitez,Violeta,Small
10332,39,86.72,7,3382.08,2004-11-17,Shipped,4,11,2004,Classic Cars,90,S24_2766,"AV Stores, Co.",(171) 555-1555,Fauntleroy Circus,,Manchester,N/A,EC2 5NT,UK,EMEA,Ashworth,Victoria,Medium
10346,25,90.0,1,2250.0,2004-11-29,Shipped,4,11,2004,Classic Cars,90,S24_2766,Signal Gift Stores,7025551838,8489 Strong St.,,Las Vegas,NV,83030,USA,,King,Sue,Small
10368,40,90.0,2,3600.0,2005-01-19,Shipped,1,1,2005,Classic Cars,90,S24_2766,Mini Gifts Distributors Ltd.,4155551450,5677 Strong St.,,San Rafael,CA,97562,USA,,Nelson,Valarie,Medium
10380,36,37.5,6,1350.0,2005-02-16,Shipped,1,2,2005,Classic Cars,90,S24_2766,Euro Shopping Channel,(91) 555 94 44,"C/ Moralzarzal, 86",,Madrid,N/A,28034,Spain,EMEA,Freyre,Diego,Small
10407,76,90.0,6,6840.0,2005-04-22,On Hold,2,4,2005,Classic Cars,90,S24_2766,The Sharp Gifts Warehouse,4085553659,3086 Ingle Ln.,,San Jose,CA,94217,USA,,Frick,Sue,Medium
10420,39,90.0,9,3510.0,2005-05-29,In Process,2,5,2005,Classic Cars,90,S24_2766,Souveniers And Things Co.,+61 2 9495 8555,"Monitor Money Building, 815 Pacific Hwy",Level 6,Chatswood,NSW,2067,Australia,APAC,Huxley,Adrian,Medium
10104,44,35.0,10,1540.0,2003-01-31,Shipped,1,1,2003,Classic Cars,35,S24_2840,Euro Shopping Channel,(91) 555 94 44,"C/ Moralzarzal, 86",,Madrid,N/A,28034,Spain,EMEA,Freyre,Diego,Small
10114,24,30.06,1,721.44,2003-04-01,Shipped,2,4,2003,Classic Cars,35,S24_2840,"La Corne D'abondance, Co.",(1) 42.34.2555,"265, boulevard Charonne",,Paris,N/A,75012,France,EMEA,Bertrand,Marie,Small
10127,39,35.0,12,1365.0,2003-06-03,Shipped,2,6,2003,Classic Cars,35,S24_2840,Muscle Machine Inc,2125557413,4092 Furth Circle,Suite 400,NYC,NY,10022,USA,,Young,Jeff,Small
10141,21,35.0,6,735.0,2003-08-01,Shipped,3,8,2003,Classic Cars,35,S24_2840,Suominen Souveniers,+358 9 8045 555,"Software Engineering Center, SEC Oy",,Espoo,N/A,FIN-02271,Finland,EMEA,Suominen,Kalle,Small
10151,30,35.0,4,1050.0,2003-09-21,Shipped,3,9,2003,Classic Cars,35,S24_2840,"Oulu Toy Supplies, Inc.",981-443655,Torikatu 38,,Oulu,N/A,90110,Finland,EMEA,Koskitalo,Pirkko,Small
10165,27,31.82,13,859.14,2003-10-22,Shipped,4,10,2003,Classic Cars,35,S24_2840,"Dragon Souveniers, Ltd.",+65 221 7555,"Bronz Sok., Bronz Apt. 3/6 Tesvikiye",,Singapore,N/A,79903,Singapore,Japan,Natividad,Eric,Small
10175,37,31.12,2,1151.44,2003-11-06,Shipped,4,11,2003,Classic Cars,35,S24_2840,"Stylish Desk Decors, Co.",(171) 555-0297,35 King George,,London,N/A,WX3 6FW,UK,EMEA,Brown,Ann,Small
10184,42,31.82,7,1336.44,2003-11-14,Shipped,4,11,2003,Classic Cars,35,S24_2840,"Iberia Gift Imports, Corp.",(95) 555 82 82,"C/ Romero, 33",,Sevilla,N/A,41101,Spain,EMEA,Roel,Jose Pedro,Small
10195,32,28.29,7,905.28,2003-11-25,Shipped,4,11,2003,Classic Cars,35,S24_2840,Mini Classics,9145554562,3758 North Pendale Street,,White Plains,NY,24067,USA,,Frick,Steve,Small
10207,42,29.7,8,1247.4,2003-12-09,Shipped,4,12,2003,Classic Cars,35,S24_2840,Diecast Collectables,6175552555,6251 Ingle Ln.,,Boston,MA,51003,USA,,Franco,Valarie,Small
10219,21,35.0,3,735.0,2004-02-10,Shipped,1,2,2004,Classic Cars,35,S24_2840,Signal Collectibles Ltd.,4155554312,2793 Furth Circle,,Brisbane,CA,94217,USA,,Taylor,Sue,Small
10229,33,32.88,2,1085.04,2004-03-11,Shipped,1,3,2004,Classic Cars,35,S24_2840,Mini Gifts Distributors Ltd.,4155551450,5677 Strong St.,,San Rafael,CA,97562,USA,,Nelson,Valarie,Small
10246,49,35.0,6,1715.0,2004-05-05,Shipped,2,5,2004,Classic Cars,35,S24_2840,Euro Shopping Channel,(91) 555 94 44,"C/ Moralzarzal, 86",,Madrid,N/A,28034,Spain,EMEA,Freyre,Diego,Small
10259,31,33.24,5,1030.44,2004-06-15,Shipped,2,6,2004,Classic Cars,35,S24_2840,Handji Gifts& Co,+65 224 1555,Village Close - 106 Linden Road Sandown,2nd Floor,Singapore,N/A,69045,Singapore,Japan,Victorino,Wendy,Small
10271,38,35.0,6,1330.0,2004-07-20,Shipped,3,7,2004,Classic Cars,35,S24_2840,Mini Gifts Distributors Ltd.,4155551450,5677 Strong St.,,San Rafael,CA,97562,USA,,Nelson,Valarie,Small
10281,20,35.0,2,700.0,2004-08-19,Shipped,3,8,2004,Classic Cars,35,S24_2840,Diecast Classics Inc.,2155551555,7586 Pompton St.,,Allentown,PA,70267,USA,,Yu,Kyung,Small
10292,39,30.06,9,1172.34,2004-09-08,Shipped,3,9,2004,Classic Cars,35,S24_2840,Land of Toys Inc.,2125557818,897 Long Airport Avenue,,NYC,NY,10022,USA,,Yu,Kwai,Small
10305,48,31.47,6,1510.56,2004-10-13,Shipped,4,10,2004,Classic Cars,35,S24_2840,Marta's Replicas Co.,6175558555,39323 Spinnaker Dr.,,Cambridge,MA,51247,USA,,Hernandez,Marta,Small
10314,39,35.0,15,1365.0,2004-10-22,Shipped,4,10,2004,Classic Cars,35,S24_2840,Heintze Collectables,86 21 3555,Smagsloget 45,,Aaarhus,N/A,8200,Denmark,EMEA,Ibsen,Palle,Small
10324,30,35.0,9,1050.0,2004-11-05,Shipped,4,11,2004,Classic Cars,35,S24_2840,Vitachrome Inc.,2125551500,2678 Kingston Rd.,Suite 101,NYC,NY,10022,USA,,Frick,Michael,Small
10335,33,35.0,2,1155.0,2004-11-19,Shipped,4,11,2004,Classic Cars,35,S24_2840,Mini Gifts Distributors Ltd.,4155551450,5677 Strong St.,,San Rafael,CA,97562,USA,,Nelson,Valarie,Small
10349,36,35.0,3,1260.0,2004-12-01,Shipped,4,12,2004,Classic Cars,35,S24_2840,Muscle Machine Inc,2125557413,4092 Furth Circle,Suite 400,NYC,NY,10022,USA,,Young,Jeff,Small
10358,36,35.0,4,1260.0,2004-12-10,Shipped,4,12,2004,Classic Cars,35,S24_2840,Euro Shopping Channel,(91) 555 94 44,"C/ Moralzarzal, 86",,Madrid,N/A,28034,Spain,EMEA,Freyre,Diego,Small
10371,45,35.0,8,1575.0,2005-01-23,Shipped,1,1,2005,Classic Cars,35,S24_2840,Mini Gifts Distributors Ltd.,4155551450,5677 Strong St.,,San Rafael,CA,97562,USA,,Nelson,Valarie,Small
10383,40,35.0,3,1400.0,2005-02-22,Shipped,1,2,2005,Classic Cars,35,S24_2840,Euro Shopping Channel,(91) 555 94 44,"C/ Moralzarzal, 86",,Madrid,N/A,28034,Spain,EMEA,Freyre,Diego,Small
10394,46,35.0,6,1610.0,2005-03-15,Shipped,1,3,2005,Classic Cars,35,S24_2840,Euro Shopping Channel,(91) 555 94 44,"C/ Moralzarzal, 86",,Madrid,N/A,28034,Spain,EMEA,Freyre,Diego,Small
10412,30,35.0,6,1050.0,2005-05-03,Shipped,2,5,2005,Classic Cars,35,S24_2840,Euro Shopping Channel,(91) 555 94 44,"C/ Moralzarzal, 86",,Madrid,N/A,28034,Spain,EMEA,Freyre,Diego,Small
10425,31,33.24,5,1030.44,2005-05-31,In Process,2,5,2005,Classic Cars,35,S24_2840,La Rochelle Gifts,40.67.8555,"67, rue des Cinquante Otages",,Nantes,N/A,44000,France,EMEA,Labrune,Janine,Small
10106,49,68.0,13,3332.0,2003-02-17,Shipped,1,2,2003,Planes,68,S24_2841,Rovelli Gifts,035-640555,Via Ludovico il Moro 22,,Bergamo,N/A,24100,Italy,EMEA,Rovelli,Giovanni,Medium
10119,41,59.6,4,2443.6,2003-04-28,Shipped,2,4,2003,Planes,68,S24_2841,Salzburg Collectables,6562-9555,Geislweg 14,,Salzburg,N/A,5020,Austria,EMEA,Pipps,Georg,Small
10131,35,67.14,5,2349.9,2003-06-16,Shipped,2,6,2003,Planes,68,S24_2841,Gift Ideas Corp.,2035554407,2440 Pompton St.,,Glendale,CT,97561,USA,,Lewis,Dan,Small
10143,27,60.97,8,1646.19,2003-08-10,Shipped,3,8,2003,Planes,68,S24_2841,Mini Creations Ltd.,5085559555,4575 Hillside Dr.,,New Bedford,MA,50553,USA,,Tam,Wing C,Small
10155,23,68.0,6,1564.0,2003-10-06,Shipped,4,10,2003,Planes,68,S24_2841,"Toys of Finland, Co.",90-224 8555,Keskuskatu 45,,Helsinki,N/A,21240,Finland,EMEA,Karttunen,Matti,Small
10167,21,68.0,2,1428.0,2003-10-23,Cancelled,4,10,2003,Planes,68,S24_2841,Scandinavian Gift Ideas,0695-34 6555,?kergatan 24,,Boras,N/A,S-844 67,Sweden,EMEA,Larsson,Maria,Small
10178,34,68.0,5,2312.0,2003-11-08,Shipped,4,11,2003,Planes,68,S24_2841,Alpha Cognac,61.77.6555,1 rue Alsace-Lorraine,,Toulouse,N/A,31000,France,EMEA,Roulet,Annette,Small
10186,22,68.0,2,1496.0,2003-11-14,Shipped,4,11,2003,Planes,68,S24_2841,"Double Decker Gift Stores, Ltd",(171) 555-7555,120 Hanover Sq.,,London,N/A,WA1 1DP,UK,EMEA,Hardy,Thomas,Small
10198,48,67.82,5,3255.36,2003-11-27,Shipped,4,11,2003,Planes,68,S24_2841,Cruz & Sons Co.,+63 2 555 3587,15 McCallum Street - NatWest Center #13-03,,Makati City,N/A,1227 MM,Philippines,Japan,Cruz,Arnold,Medium
10209,43,68.0,1,2924.0,2004-01-09,Shipped,1,1,2004,Planes,68,S24_2841,"Men 'R' US Retailers, Ltd.",2155554369,6047 Douglas Av.,,Los Angeles,CA,UNKNOWN,USA,,Chandler,Michael,Small
10222,32,68.0,5,2176.0,2004-02-19,Shipped,1,2,2004,Planes,68,S24_2841,Collectable Mini Designs Co.,7605558146,361 Furth Circle,,San Diego,CA,91217,USA,,Thompson,Valarie,Small
10249,20,67.82,1,1356.4,2004-05-08,Shipped,2,5,2004,Planes,68,S24_2841,Cambridge Collectables Co.,6175555555,4658 Baden Av.,,Cambridge,MA,51247,USA,,Tseng,Kyung,Small
10262,24,67.14,10,1611.36,2004-06-24,Cancelled,2,6,2004,Planes,68,S24_2841,Euro Shopping Channel,(91) 555 94 44,"C/ Moralzarzal, 86",,Madrid,N/A,28034,Spain,EMEA,Freyre,Diego,Small
10274,40,65.08,2,2603.2,2004-07-21,Shipped,3,7,2004,Planes,68,S24_2841,Collectables For Less Inc.,6175558555,7825 Douglas Av.,,Brickhaven,MA,58339,USA,,Nelson,Allen,Small
10284,30,68.0,12,2040.0,2004-08-21,Shipped,3,8,2004,Planes,68,S24_2841,"Norway Gifts By Mail, Co.",+47 2212 1555,"Drammensveien 126 A, PB 744 Sentrum",,Oslo,N/A,N 0106,Norway,EMEA,Klaeboe,Jan,Small
10296,21,68.0,8,1428.0,2004-09-15,Shipped,3,9,2004,Planes,68,S24_2841,"Bavarian Collectables Imports, Co.",+49 89 61 08 9555,Hansastr. 15,,Munich,N/A,80686,Germany,EMEA,Donnermeyer,Michael,Small
10307,25,68.0,2,1700.0,2004-10-14,Shipped,4,10,2004,Planes,68,S24_2841,"Classic Gift Ideas, Inc",2155554695,782 First Street,,Philadelphia,PA,71270,USA,,Cervantes,Francisca,Small
10316,34,63.71,10,2166.14,2004-11-01,Shipped,4,11,2004,Planes,68,S24_2841,giftsbymail.co.uk,(198) 555-8888,Garden House Crowther Way,,Cowes,Isle of Wight,PO31 7PJ,UK,EMEA,Bennett,Helen,Small
10328,48,58.92,1,2828.16,2004-11-12,Shipped,4,11,2004,Planes,68,S24_2841,Rovelli Gifts,035-640555,Via Ludovico il Moro 22,,Bergamo,N/A,24100,Italy,EMEA,Rovelli,Giovanni,Small
10339,55,68.0,12,3740.0,2004-11-23,Shipped,4,11,2004,Planes,68,S24_2841,"Tokyo Collectables, Ltd",+81 3 3584 0555,2-2-8 Roppongi,,Minato-ku,Tokyo,106-0032,Japan,Japan,Shimamura,Akiko,Medium
10351,25,68.0,5,1700.0,2004-12-03,Shipped,4,12,2004,Planes,68,S24_2841,"Stylish Desk Decors, Co.",(171) 555-0297,35 King George,,London,N/A,WX3 6FW,UK,EMEA,Brown,Ann,Small
10373,38,68.0,7,2584.0,2005-01-31,Shipped,1,1,2005,Planes,68,S24_2841,"Oulu Toy Supplies, Inc.",981-443655,Torikatu 38,,Oulu,N/A,90110,Finland,EMEA,Koskitalo,Pirkko,Small
10386,39,55.96,1,2182.44,2005-03-01,Resolved,1,3,2005,Planes,68,S24_2841,Euro Shopping Channel,(91) 555 94 44,"C/ Moralzarzal, 86",,Madrid,N/A,28034,Spain,EMEA,Freyre,Diego,Small
10398,28,57.55,3,1611.4,2005-03-30,Shipped,1,3,2005,Planes,68,S24_2841,Reims Collectables,26.47.1555,59 rue de l'Abbaye,,Reims,N/A,51100,France,EMEA,Henriot,Paul,Small
10400,24,61.66,2,1479.84,2005-04-01,Shipped,2,4,2005,Planes,68,S24_2841,The Sharp Gifts Warehouse,4085553659,3086 Ingle Ln.,,San Jose,CA,94217,USA,,Frick,Sue,Small
10415,21,67.82,1,1424.22,2005-05-09,Disputed,2,5,2005,Planes,68,S24_2841,"Australian Collectables, Ltd",61-9-3844-6555,7 Allen Street,,Glen Waverly,Victoria,3150,Australia,APAC,Connery,Sean,Small
10110,46,100.0,10,4600.0,2003-03-18,Shipped,1,3,2003,Classic Cars,117,S24_2887,"AV Stores, Co.",(171) 555-1555,Fauntleroy Circus,,Manchester,N/A,EC2 5NT,UK,EMEA,Ashworth,Victoria,Medium
10124,25,93.95,9,2348.75,2003-05-21,Shipped,2,5,2003,Classic Cars,117,S24_2887,Signal Gift Stores,7025551838,8489 Strong St.,,Las Vegas,NV,83030,USA,,King,Sue,Small
10148,34,100.0,3,3400.0,2003-09-11,Shipped,3,9,2003,Classic Cars,117,S24_2887,"Anna's Decorations, Ltd",02 9936 8555,201 Miller Street,Level 15,North Sydney,NSW,2060,Australia,APAC,O'Hara,Anna,Medium
10161,25,100.0,2,2500.0,2003-10-17,Shipped,4,10,2003,Classic Cars,117,S24_2887,Heintze Collectables,86 21 3555,Smagsloget 45,,Aaarhus,N/A,8200,Denmark,EMEA,Ibsen,Palle,Small
10173,23,100.0,16,2300.0,2003-11-05,Shipped,4,11,2003,Classic Cars,117,S24_2887,Rovelli Gifts,035-640555,Via Ludovico il Moro 22,,Bergamo,N/A,24100,Italy,EMEA,Rovelli,Giovanni,Small
10182,20,100.0,13,2000.0,2003-11-12,Shipped,4,11,2003,Classic Cars,117,S24_2887,Mini Gifts Distributors Ltd.,4155551450,5677 Strong St.,,San Rafael,CA,97562,USA,,Nelson,Valarie,Small
10192,23,100.0,1,2300.0,2003-11-20,Shipped,4,11,2003,Classic Cars,117,S24_2887,Online Diecast Creations Co.,6035558647,2304 Long Airport Avenue,,Nashua,NH,62005,USA,,Young,Valarie,Small
10204,42,100.0,7,4200.0,2003-12-02,Shipped,4,12,2003,Classic Cars,117,S24_2887,Muscle Machine Inc,2125557413,4092 Furth Circle,Suite 400,NYC,NY,10022,USA,,Young,Jeff,Medium
10213,27,100.0,3,2700.0,2004-01-22,Shipped,1,1,2004,Classic Cars,117,S24_2887,"Double Decker Gift Stores, Ltd",(171) 555-7555,120 Hanover Sq.,,London,N/A,WA1 1DP,UK,EMEA,Hardy,Thomas,Small
10227,33,100.0,13,3300.0,2004-03-02,Shipped,1,3,2004,Classic Cars,117,S24_2887,"Saveley & Henriot, Co.",78.32.5555,"2, rue du Commerce",,Lyon,N/A,69004,France,EMEA,Saveley,Mary,Medium
10241,28,98.65,5,2762.2,2004-04-13,Shipped,2,4,2004,Classic Cars,117,S24_2887,Mini Caravy,88.60.1555,"24, place Kluber",,Strasbourg,N/A,67000,France,EMEA,Citeaux,Frederique,Small
10267,43,100.0,2,4300.0,2004-07-07,Shipped,3,7,2004,Classic Cars,117,S24_2887,Muscle Machine Inc,2125557413,4092 Furth Circle,Suite 400,NYC,NY,10022,USA,,Young,Jeff,Medium
10279,48,100.0,2,4800.0,2004-08-09,Shipped,3,8,2004,Classic Cars,117,S24_2887,Euro Shopping Channel,(91) 555 94 44,"C/ Moralzarzal, 86",,Madrid,N/A,28034,Spain,EMEA,Freyre,Diego,Medium
10288,48,100.0,8,4800.0,2004-09-01,Shipped,3,9,2004,Classic Cars,117,S24_2887,Handji Gifts& Co,+65 224 1555,Village Close - 106 Linden Road Sandown,2nd Floor,Singapore,N/A,69045,Singapore,Japan,Victorino,Wendy,Medium
10302,45,100.0,4,4500.0,2003-10-06,Shipped,4,10,2003,Classic Cars,117,S24_2887,"UK Collectables, Ltd.",(171) 555-2282,Berkeley Gardens 12  Brewery,,Liverpool,N/A,WX1 6LT,UK,EMEA,Devon,Elizabeth,Medium
10311,43,100.0,3,4300.0,2004-10-16,Shipped,4,10,2004,Classic Cars,117,S24_2887,Euro Shopping Channel,(91) 555 94 44,"C/ Moralzarzal, 86",,Madrid,N/A,28034,Spain,EMEA,Freyre,Diego,Medium
10332,44,42.26,11,1859.44,2004-11-17,Shipped,4,11,2004,Classic Cars,117,S24_2887,"AV Stores, Co.",(171) 555-1555,Fauntleroy Circus,,Manchester,N/A,EC2 5NT,UK,EMEA,Ashworth,Victoria,Small
10346,24,87.24,5,2093.76,2004-11-29,Shipped,4,11,2004,Classic Cars,117,S24_2887,Signal Gift Stores,7025551838,8489 Strong St.,,Las Vegas,NV,83030,USA,,King,Sue,Small
10368,31,100.0,5,3100.0,2005-01-19,Shipped,1,1,2005,Classic Cars,117,S24_2887,Mini Gifts Distributors Ltd.,4155551450,5677 Strong St.,,San Rafael,CA,97562,USA,,Nelson,Valarie,Medium
10380,44,36.29,7,1596.76,2005-02-16,Shipped,1,2,2005,Classic Cars,117,S24_2887,Euro Shopping Channel,(91) 555 94 44,"C/ Moralzarzal, 86",,Madrid,N/A,28034,Spain,EMEA,Freyre,Diego,Small
10407,59,98.65,5,5820.35,2005-04-22,On Hold,2,4,2005,Classic Cars,117,S24_2887,The Sharp Gifts Warehouse,4085553659,3086 Ingle Ln.,,San Jose,CA,94217,USA,,Frick,Sue,Medium
10420,55,96.3,8,5296.5,2005-05-29,In Process,2,5,2005,Classic Cars,117,S24_2887,Souveniers And Things Co.,+61 2 9495 8555,"Monitor Money Building, 815 Pacific Hwy",Level 6,Chatswood,NSW,2067,Australia,APAC,Huxley,Adrian,Medium
10109,29,32.1,6,930.9,2003-03-10,Shipped,1,3,2003,Classic Cars,37,S24_2972,Motor Mint Distributors Inc.,2155559857,11328 Douglas Av.,,Philadelphia,PA,71270,USA,,Hernandez,Rosa,Small
10122,39,30.96,4,1207.44,2003-05-08,Shipped,2,5,2003,Classic Cars,37,S24_2972,Marseille Mini Autos,91.24.4555,"12, rue des Bouchers",,Marseille,N/A,13008,France,EMEA,Lebihan,Laurence,Small
10135,20,35.87,1,717.4,2003-07-02,Shipped,3,7,2003,Classic Cars,37,S24_2972,Mini Gifts Distributors Ltd.,4155551450,5677 Strong St.,,San Rafael,CA,97562,USA,,Nelson,Valarie,Small
10147,25,37.0,1,925.0,2003-09-05,Shipped,3,9,2003,Classic Cars,37,S24_2972,Collectables For Less Inc.,6175558555,7825 Douglas Av.,,Brickhaven,MA,58339,USA,,Nelson,Allen,Small
10160,42,37.0,2,1554.0,2003-10-11,Shipped,4,10,2003,Classic Cars,37,S24_2972,"Men 'R' US Retailers, Ltd.",2155554369,6047 Douglas Av.,,Los Angeles,CA,UNKNOWN,USA,,Chandler,Michael,Small
10171,36,35.49,4,1277.64,2003-11-05,Shipped,4,11,2003,Classic Cars,37,S24_2972,Quebec Home Shopping Network,(514) 555-8054,43 rue St. Laurent,,Montreal,Quebec,H1J 1C3,Canada,,Fresnisre,Jean,Small
10181,37,37.0,8,1369.0,2003-11-12,Shipped,4,11,2003,Classic Cars,37,S24_2972,Herkku Gifts,+47 2267 3215,"Drammen 121, PR 744 Sentrum",,Bergen,N/A,N 5804,Norway,EMEA,Oeztan,Veysel,Small
10192,30,30.59,13,917.7,2003-11-20,Shipped,4,11,2003,Classic Cars,37,S24_2972,Online Diecast Creations Co.,6035558647,2304 Long Airport Avenue,,Nashua,NH,62005,USA,,Young,Valarie,Small
10203,21,37.0,2,777.0,2003-12-02,Shipped,4,12,2003,Classic Cars,37,S24_2972,Euro Shopping Channel,(91) 555 94 44,"C/ Moralzarzal, 86",,Madrid,N/A,28034,Spain,EMEA,Freyre,Diego,Small
10212,34,37.0,12,1258.0,2004-01-16,Shipped,1,1,2004,Classic Cars,37,S24_2972,Euro Shopping Channel,(91) 555 94 44,"C/ Moralzarzal, 86",,Madrid,N/A,28034,Spain,EMEA,Freyre,Diego,Small
10225,42,36.63,3,1538.46,2004-02-22,Shipped,1,2,2004,Classic Cars,37,S24_2972,"Vida Sport, Ltd",0897-034555,Grenzacherweg 237,,Gensve,N/A,1203,Switzerland,EMEA,Holz,Michael,Small
10239,20,37.0,2,740.0,2004-04-12,Shipped,2,4,2004,Classic Cars,37,S24_2972,"Oulu Toy Supplies, Inc.",981-443655,Torikatu 38,,Oulu,N/A,90110,Finland,EMEA,Koskitalo,Pirkko,Small
10253,40,37.0,7,1480.0,2004-06-01,Cancelled,2,6,2004,Classic Cars,37,S24_2972,"UK Collectables, Ltd.",(171) 555-2282,Berkeley Gardens 12  Brewery,,Liverpool,N/A,WX1 6LT,UK,EMEA,Devon,Elizabeth,Small
10266,34,37.0,8,1258.0,2004-07-06,Shipped,3,7,2004,Classic Cars,37,S24_2972,L'ordine Souveniers,0522-556555,Strada Provinciale 124,,Reggio Emilia,N/A,42100,Italy,EMEA,Moroni,Maurizio,Small
10278,31,37.0,8,1147.0,2004-08-06,Shipped,3,8,2004,Classic Cars,37,S24_2972,Signal Gift Stores,7025551838,8489 Strong St.,,Las Vegas,NV,83030,USA,,King,Sue,Small
10287,36,37.0,6,1332.0,2004-08-30,Shipped,3,8,2004,Classic Cars,37,S24_2972,"Vida Sport, Ltd",0897-034555,Grenzacherweg 237,,Gensve,N/A,1203,Switzerland,EMEA,Holz,Michael,Small
10301,48,34.36,10,1649.28,2003-10-05,Shipped,4,10,2003,Classic Cars,37,S24_2972,"Norway Gifts By Mail, Co.",+47 2212 1555,"Drammensveien 126 A, PB 744 Sentrum",,Oslo,N/A,N 0106,Norway,EMEA,Klaeboe,Jan,Small
10310,33,37.0,4,1221.0,2004-10-16,Shipped,4,10,2004,Classic Cars,37,S24_2972,"Toms Spezialitten, Ltd",0221-5554327,Mehrheimerstr. 369,,Koln,N/A,50739,Germany,EMEA,Pfalzheim,Henriette,Small
10321,37,33.23,12,1229.51,2004-11-04,Shipped,4,11,2004,Classic Cars,37,S24_2972,FunGiftIdeas.com,5085552555,1785 First Street,,New Bedford,MA,50553,USA,,Benitez,Violeta,Small
10331,27,37.0,13,999.0,2004-11-17,Shipped,4,11,2004,Classic Cars,37,S24_2972,Motor Mint Distributors Inc.,2155559857,11328 Douglas Av.,,Philadelphia,PA,71270,USA,,Hernandez,Rosa,Small
10342,39,37.0,9,1443.0,2004-11-24,Shipped,4,11,2004,Classic Cars,37,S24_2972,"Australian Collectors, Co.",03 9520 4555,636 St Kilda Road,Level 3,Melbourne,Victoria,3004,Australia,APAC,Ferguson,Peter,Small
10355,36,37.0,4,1332.0,2004-12-07,Shipped,4,12,2004,Classic Cars,37,S24_2972,Euro Shopping Channel,(91) 555 94 44,"C/ Moralzarzal, 86",,Madrid,N/A,28034,Spain,EMEA,Freyre,Diego,Small
10367,36,37.0,2,1332.0,2005-01-12,Resolved,1,1,2005,Classic Cars,37,S24_2972,Toys4GrownUps.com,6265557265,78934 Hillside Dr.,,Pasadena,CA,90003,USA,,Young,Julie,Small
10378,41,37.0,7,1517.0,2005-02-10,Shipped,1,2,2005,Classic Cars,37,S24_2972,Euro Shopping Channel,(91) 555 94 44,"C/ Moralzarzal, 86",,Madrid,N/A,28034,Spain,EMEA,Freyre,Diego,Small
10390,37,37.0,5,1369.0,2005-03-04,Shipped,1,3,2005,Classic Cars,37,S24_2972,Mini Gifts Distributors Ltd.,4155551450,5677 Strong St.,,San Rafael,CA,97562,USA,,Nelson,Valarie,Small
10405,47,37.0,2,1739.0,2005-04-14,Shipped,2,4,2005,Classic Cars,37,S24_2972,Mini Caravy,88.60.1555,"24, place Kluber",,Strasbourg,N/A,67000,France,EMEA,Citeaux,Frederique,Small
10419,15,37.0,7,555.0,2005-05-17,Shipped,2,5,2005,Classic Cars,37,S24_2972,Salzburg Collectables,6562-9555,Geislweg 14,,Salzburg,N/A,5020,Austria,EMEA,Pipps,Georg,Small
10105,44,72.58,4,3193.52,2003-02-11,Shipped,1,2,2003,Vintage Cars,88,S24_3151,Danish Wholesale Imports,31 12 3555,Vinb'ltet 34,,Kobenhavn,N/A,1734,Denmark,EMEA,Petersen,Jytte,Medium
10119,35,87.62,13,3066.7,2003-04-28,Shipped,2,4,2003,Vintage Cars,88,S24_3151,Salzburg Collectables,6562-9555,Geislweg 14,,Salzburg,N/A,5020,Austria,EMEA,Pipps,Georg,Medium
10129,41,88.0,4,3608.0,2003-06-12,Shipped,2,6,2003,Vintage Cars,88,S24_3151,"Stylish Desk Decors, Co.",(171) 555-0297,35 King George,,London,N/A,WX3 6FW,UK,EMEA,Brown,Ann,Medium
10142,49,88.0,1,4312.0,2003-08-08,Shipped,3,8,2003,Vintage Cars,88,S24_3151,Mini Gifts Distributors Ltd.,4155551450,5677 Strong St.,,San Rafael,CA,97562,USA,,Nelson,Valarie,Medium
10154,31,88.0,2,2728.0,2003-10-02,Shipped,4,10,2003,Vintage Cars,88,S24_3151,Boards & Toys Co.,3105552373,4097 Douglas Av.,,Glendale,CA,92561,USA,,Young,Leslie,Small
10167,20,79.66,11,1593.2,2003-10-23,Cancelled,4,10,2003,Vintage Cars,88,S24_3151,Scandinavian Gift Ideas,0695-34 6555,?kergatan 24,,Boras,N/A,S-844 67,Sweden,EMEA,Larsson,Maria,Small
10177,45,72.58,2,3266.1,2003-11-07,Shipped,4,11,2003,Vintage Cars,88,S24_3151,CAF Imports,+34 913 728 555,"Merchants House, 27-30 Merchant's Quay",,Madrid,N/A,28023,Spain,EMEA,Fernandez,Jesus,Medium
10185,33,74.35,2,2453.55,2003-11-14,Shipped,4,11,2003,Vintage Cars,88,S24_3151,Mini Creations Ltd.,5085559555,4575 Hillside Dr.,,New Bedford,MA,50553,USA,,Tam,Wing C,Small
10197,47,83.2,8,3910.4,2003-11-26,Shipped,4,11,2003,Vintage Cars,88,S24_3151,Enaco Distributors,(93) 203 4555,"Rambla de Catalu¤a, 23",,Barcelona,N/A,8022,Spain,EMEA,Saavedra,Eduardo,Medium
10208,20,88.0,2,1760.0,2004-01-02,Shipped,1,1,2004,Vintage Cars,88,S24_3151,"Saveley & Henriot, Co.",78.32.5555,"2, rue du Commerce",,Lyon,N/A,69004,France,EMEA,Saveley,Mary,Small
10222,47,70.81,14,3328.07,2004-02-19,Shipped,1,2,2004,Vintage Cars,88,S24_3151,Collectable Mini Designs Co.,7605558146,361 Furth Circle,,San Diego,CA,91217,USA,,Thompson,Valarie,Medium
10233,40,88.0,2,3520.0,2004-03-29,Shipped,1,3,2004,Vintage Cars,88,S24_3151,Tekni Collectables Inc.,2015559350,7476 Moss Rd.,,Newark,NJ,94019,USA,,Brown,William,Medium
10248,30,88.0,5,2640.0,2004-05-07,Cancelled,2,5,2004,Vintage Cars,88,S24_3151,Land of Toys Inc.,2125557818,897 Long Airport Avenue,,NYC,NY,10022,USA,,Yu,Kwai,Small
10261,22,88.0,3,1936.0,2004-06-17,Shipped,2,6,2004,Vintage Cars,88,S24_3151,Quebec Home Shopping Network,(514) 555-8054,43 rue St. Laurent,,Montreal,Quebec,H1J 1C3,Canada,,Fresnisre,Jean,Small
10273,27,88.0,6,2376.0,2004-07-21,Shipped,3,7,2004,Vintage Cars,88,S24_3151,Petit Auto,(02) 5554 67,Rue Joseph-Bens 532,,Bruxelles,N/A,B-1180,Belgium,EMEA,Dewey,Catherine,Small
10283,34,88.0,8,2992.0,2004-08-20,Shipped,3,8,2004,Vintage Cars,88,S24_3151,"Royal Canadian Collectables, Ltd.",(604) 555-4555,23 Tsawassen Blvd.,,Tsawassen,BC,T2F 8M4,Canada,,Lincoln,Elizabeth,Small
10295,46,84.97,3,3908.62,2004-09-10,Shipped,3,9,2004,Vintage Cars,88,S24_3151,Gifts4AllAges.com,6175559555,8616 Spinnaker Dr.,,Boston,MA,51003,USA,,Yoshido,Juri,Medium
10306,31,84.08,2,2606.48,2004-10-14,Shipped,4,10,2004,Vintage Cars,88,S24_3151,"AV Stores, Co.",(171) 555-1555,Fauntleroy Circus,,Manchester,N/A,EC2 5NT,UK,EMEA,Ashworth,Victoria,Small
10315,24,86.74,1,2081.76,2004-10-29,Shipped,4,10,2004,Vintage Cars,88,S24_3151,La Rochelle Gifts,40.67.8555,"67, rue des Cinquante Otages",,Nantes,N/A,44000,France,EMEA,Labrune,Janine,Small
10326,41,85.85,3,3519.85,2004-11-09,Shipped,4,11,2004,Vintage Cars,88,S24_3151,"Volvo Model Replicas, Co",0921-12 3555,Berguvsvgen  8,,Lule,N/A,S-958 22,Sweden,EMEA,Berglund,Christina,Medium
10339,55,88.0,13,4840.0,2004-11-23,Shipped,4,11,2004,Vintage Cars,88,S24_3151,"Tokyo Collectables, Ltd",+81 3 3584 0555,2-2-8 Roppongi,,Minato-ku,Tokyo,106-0032,Japan,Japan,Shimamura,Akiko,Medium
10350,30,88.0,9,2640.0,2004-12-02,Shipped,4,12,2004,Vintage Cars,88,S24_3151,Euro Shopping Channel,(91) 555 94 44,"C/ Moralzarzal, 86",,Madrid,N/A,28034,Spain,EMEA,Freyre,Diego,Small
10373,33,57.32,12,1891.56,2005-01-31,Shipped,1,1,2005,Vintage Cars,88,S24_3151,"Oulu Toy Supplies, Inc.",981-443655,Torikatu 38,,Oulu,N/A,90110,Finland,EMEA,Koskitalo,Pirkko,Small
10384,43,88.0,2,3784.0,2005-02-23,Shipped,1,2,2005,Vintage Cars,88,S24_3151,Corporate Gift Ideas Co.,6505551386,7734 Strong St.,,San Francisco,CA,UNKNOWN,USA,,Brown,Julie,Medium
10396,27,83.2,7,2246.4,2005-03-23,Shipped,1,3,2005,Vintage Cars,88,S24_3151,Mini Gifts Distributors Ltd.,4155551450,5677 Strong St.,,San Rafael,CA,97562,USA,,Nelson,Valarie,Small
10414,60,88.0,5,5280.0,2005-05-06,On Hold,2,5,2005,Vintage Cars,88,S24_3151,Gifts4AllAges.com,6175559555,8616 Spinnaker Dr.,,Boston,MA,51003,USA,,Yoshido,Juri,Medium
10110,27,73.62,12,1987.74,2003-03-18,Shipped,1,3,2003,Classic Cars,85,S24_3191,"AV Stores, Co.",(171) 555-1555,Fauntleroy Circus,,Manchester,N/A,EC2 5NT,UK,EMEA,Ashworth,Victoria,Small
10124,49,83.04,11,4068.96,2003-05-21,Shipped,2,5,2003,Classic Cars,85,S24_3191,Signal Gift Stores,7025551838,8489 Strong St.,,Las Vegas,NV,83030,USA,,King,Sue,Medium
10148,31,73.62,5,2282.22,2003-09-11,Shipped,3,9,2003,Classic Cars,85,S24_3191,"Anna's Decorations, Ltd",02 9936 8555,201 Miller Street,Level 15,North Sydney,NSW,2060,Australia,APAC,O'Hara,Anna,Small
10161,20,77.05,4,1541.0,2003-10-17,Shipped,4,10,2003,Classic Cars,85,S24_3191,Heintze Collectables,86 21 3555,Smagsloget 45,,Aaarhus,N/A,8200,Denmark,EMEA,Ibsen,Palle,Small
10172,24,81.33,2,1951.92,2003-11-05,Shipped,4,11,2003,Classic Cars,85,S24_3191,Gift Depot Inc.,2035552570,25593 South Bay Ln.,,Bridgewater,CT,97562,USA,,King,Julie,Small
10182,33,85.0,15,2805.0,2003-11-12,Shipped,4,11,2003,Classic Cars,85,S24_3191,Mini Gifts Distributors Ltd.,4155551450,5677 Strong St.,,San Rafael,CA,97562,USA,,Nelson,Valarie,Small
10192,32,72.77,3,2328.64,2003-11-20,Shipped,4,11,2003,Classic Cars,85,S24_3191,Online Diecast Creations Co.,6035558647,2304 Long Airport Avenue,,Nashua,NH,62005,USA,,Young,Valarie,Small
10204,40,79.62,9,3184.8,2003-12-02,Shipped,4,12,2003,Classic Cars,85,S24_3191,Muscle Machine Inc,2125557413,4092 Furth Circle,Suite 400,NYC,NY,10022,USA,,Young,Jeff,Medium
10212,27,79.62,2,2149.74,2004-01-16,Shipped,1,1,2004,Classic Cars,85,S24_3191,Euro Shopping Channel,(91) 555 94 44,"C/ Moralzarzal, 86",,Madrid,N/A,28034,Spain,EMEA,Freyre,Diego,Small
10227,40,79.62,15,3184.8,2004-03-02,Shipped,1,3,2004,Classic Cars,85,S24_3191,"Saveley & Henriot, Co.",78.32.5555,"2, rue du Commerce",,Lyon,N/A,69004,France,EMEA,Saveley,Mary,Medium
10241,26,81.33,7,2114.58,2004-04-13,Shipped,2,4,2004,Classic Cars,85,S24_3191,Mini Caravy,88.60.1555,"24, place Kluber",,Strasbourg,N/A,67000,France,EMEA,Citeaux,Frederique,Small
10267,44,85.0,4,3740.0,2004-07-07,Shipped,3,7,2004,Classic Cars,85,S24_3191,Muscle Machine Inc,2125557413,4092 Furth Circle,Suite 400,NYC,NY,10022,USA,,Young,Jeff,Medium
10279,33,71.06,4,2344.98,2004-08-09,Shipped,3,8,2004,Classic Cars,85,S24_3191,Euro Shopping Channel,(91) 555 94 44,"C/ Moralzarzal, 86",,Madrid,N/A,28034,Spain,EMEA,Freyre,Diego,Small
10288,34,68.49,10,2328.66,2004-09-01,Shipped,3,9,2004,Classic Cars,85,S24_3191,Handji Gifts& Co,+65 224 1555,Village Close - 106 Linden Road Sandown,2nd Floor,Singapore,N/A,69045,Singapore,Japan,Victorino,Wendy,Small
10302,48,74.48,6,3575.04,2003-10-06,Shipped,4,10,2003,Classic Cars,85,S24_3191,"UK Collectables, Ltd.",(171) 555-2282,Berkeley Gardens 12  Brewery,,Liverpool,N/A,WX1 6LT,UK,EMEA,Devon,Elizabeth,Medium
10311,25,83.04,5,2076.0,2004-10-16,Shipped,4,10,2004,Classic Cars,85,S24_3191,Euro Shopping Channel,(91) 555 94 44,"C/ Moralzarzal, 86",,Madrid,N/A,28034,Spain,EMEA,Freyre,Diego,Small
10321,39,84.75,2,3305.25,2004-11-04,Shipped,4,11,2004,Classic Cars,85,S24_3191,FunGiftIdeas.com,5085552555,1785 First Street,,New Bedford,MA,50553,USA,,Benitez,Violeta,Medium
10332,45,34.19,12,1538.55,2004-11-17,Shipped,4,11,2004,Classic Cars,85,S24_3191,"AV Stores, Co.",(171) 555-1555,Fauntleroy Circus,,Manchester,N/A,EC2 5NT,UK,EMEA,Ashworth,Victoria,Small
10346,24,85.0,2,2040.0,2004-11-29,Shipped,4,11,2004,Classic Cars,85,S24_3191,Signal Gift Stores,7025551838,8489 Strong St.,,Las Vegas,NV,83030,USA,,King,Sue,Small
10368,46,79.62,1,3662.52,2005-01-19,Shipped,1,1,2005,Classic Cars,85,S24_3191,Mini Gifts Distributors Ltd.,4155551450,5677 Strong St.,,San Rafael,CA,97562,USA,,Nelson,Valarie,Medium
10380,44,79.06,9,3478.64,2005-02-16,Shipped,1,2,2005,Classic Cars,85,S24_3191,Euro Shopping Channel,(91) 555 94 44,"C/ Moralzarzal, 86",,Madrid,N/A,28034,Spain,EMEA,Freyre,Diego,Medium
10407,13,81.33,7,1057.29,2005-04-22,On Hold,2,4,2005,Classic Cars,85,S24_3191,The Sharp Gifts Warehouse,4085553659,3086 Ingle Ln.,,San Jose,CA,94217,USA,,Frick,Sue,Small
10420,35,85.0,10,2975.0,2005-05-29,In Process,2,5,2005,Classic Cars,85,S24_3191,Souveniers And Things Co.,+61 2 9495 8555,"Monitor Money Building, 815 Pacific Hwy",Level 6,Chatswood,NSW,2067,Australia,APAC,Huxley,Adrian,Small
10108,30,61.0,5,1830.0,2003-03-03,Shipped,1,3,2003,Classic Cars,61,S24_3371,Cruz & Sons Co.,+63 2 555 3587,15 McCallum Street - NatWest Center #13-03,,Makati City,N/A,1227 MM,Philippines,Japan,Cruz,Arnold,Small
10122,34,50.21,9,1707.14,2003-05-08,Shipped,2,5,2003,Classic Cars,61,S24_3371,Marseille Mini Autos,91.24.4555,"12, rue des Bouchers",,Marseille,N/A,13008,France,EMEA,Lebihan,Laurence,Small
10135,27,61.0,6,1647.0,2003-07-02,Shipped,3,7,2003,Classic Cars,61,S24_3371,Mini Gifts Distributors Ltd.,4155551450,5677 Strong St.,,San Rafael,CA,97562,USA,,Nelson,Valarie,Small
10147,30,61.0,6,1830.0,2003-09-05,Shipped,3,9,2003,Classic Cars,61,S24_3371,Collectables For Less Inc.,6175558555,7825 Douglas Av.,,Brickhaven,MA,58339,USA,,Nelson,Allen,Small
10159,50,61.0,1,3050.0,2003-10-10,Shipped,4,10,2003,Classic Cars,61,S24_3371,Corporate Gift Ideas Co.,6505551386,7734 Strong St.,,San Francisco,CA,UNKNOWN,USA,,Brown,Julie,Medium
10169,34,50.21,1,1707.14,2003-11-04,Shipped,4,11,2003,Classic Cars,61,S24_3371,"Anna's Decorations, Ltd",02 9936 8555,201 Miller Street,Level 15,North Sydney,NSW,2060,Australia,APAC,O'Hara,Anna,Small
10181,23,61.0,13,1403.0,2003-11-12,Shipped,4,11,2003,Classic Cars,61,S24_3371,Herkku Gifts,+47 2267 3215,"Drammen 121, PR 744 Sentrum",,Bergen,N/A,N 5804,Norway,EMEA,Oeztan,Veysel,Small
10191,48,60.01,2,2880.48,2003-11-20,Shipped,4,11,2003,Classic Cars,61,S24_3371,"Toms Spezialitten, Ltd",0221-5554327,Mehrheimerstr. 369,,Koln,N/A,50739,Germany,EMEA,Pfalzheim,Henriette,Small
10203,34,61.0,7,2074.0,2003-12-02,Shipped,4,12,2003,Classic Cars,61,S24_3371,Euro Shopping Channel,(91) 555 94 44,"C/ Moralzarzal, 86",,Madrid,N/A,28034,Spain,EMEA,Freyre,Diego,Small
10211,48,48.98,1,2351.04,2004-01-15,Shipped,1,1,2004,Classic Cars,61,S24_3371,Auto Canal Petit,(1) 47.55.6555,"25, rue Lauriston",,Paris,N/A,75016,France,EMEA,Perrier,Dominique,Small
10225,24,50.21,8,1205.04,2004-02-22,Shipped,1,2,2004,Classic Cars,61,S24_3371,"Vida Sport, Ltd",0897-034555,Grenzacherweg 237,,Gensve,N/A,1203,Switzerland,EMEA,Holz,Michael,Small
10238,47,61.0,2,2867.0,2004-04-09,Shipped,2,4,2004,Classic Cars,61,S24_3371,Danish Wholesale Imports,31 12 3555,Vinb'ltet 34,,Kobenhavn,N/A,1734,Denmark,EMEA,Petersen,Jytte,Small
10253,24,52.66,12,1263.84,2004-06-01,Cancelled,2,6,2004,Classic Cars,61,S24_3371,"UK Collectables, Ltd.",(171) 555-2282,Berkeley Gardens 12  Brewery,,Liverpool,N/A,WX1 6LT,UK,EMEA,Devon,Elizabeth,Small
10266,47,61.0,13,2867.0,2004-07-06,Shipped,3,7,2004,Classic Cars,61,S24_3371,L'ordine Souveniers,0522-556555,Strada Provinciale 124,,Reggio Emilia,N/A,42100,Italy,EMEA,Moroni,Maurizio,Small
10276,20,61.0,2,1220.0,2004-08-02,Shipped,3,8,2004,Classic Cars,61,S24_3371,Online Mini Collectables,6175557555,7635 Spinnaker Dr.,,Brickhaven,MA,58339,USA,,Barajas,Miguel,Small
10287,20,61.0,11,1220.0,2004-08-30,Shipped,3,8,2004,Classic Cars,61,S24_3371,"Vida Sport, Ltd",0897-034555,Grenzacherweg 237,,Gensve,N/A,1203,Switzerland,EMEA,Holz,Michael,Small
10300,31,58.78,4,1822.18,2003-10-04,Shipped,4,10,2003,Classic Cars,61,S24_3371,"Blauer See Auto, Co.",+49 69 66 90 2555,Lyonerstr. 34,,Frankfurt,N/A,60528,Germany,EMEA,Keitel,Roland,Small
10310,38,56.94,9,2163.72,2004-10-16,Shipped,4,10,2004,Classic Cars,61,S24_3371,"Toms Spezialitten, Ltd",0221-5554327,Mehrheimerstr. 369,,Koln,N/A,50739,Germany,EMEA,Pfalzheim,Henriette,Small
10320,26,61.0,2,1586.0,2004-11-03,Shipped,4,11,2004,Classic Cars,61,S24_3371,"Volvo Model Replicas, Co",0921-12 3555,Berguvsvgen  8,,Lule,N/A,S-958 22,Sweden,EMEA,Berglund,Christina,Small
10331,25,61.0,9,1525.0,2004-11-17,Shipped,4,11,2004,Classic Cars,61,S24_3371,Motor Mint Distributors Inc.,2155559857,11328 Douglas Av.,,Philadelphia,PA,71270,USA,,Hernandez,Rosa,Small
10342,48,61.0,10,2928.0,2004-11-24,Shipped,4,11,2004,Classic Cars,61,S24_3371,"Australian Collectors, Co.",03 9520 4555,636 St Kilda Road,Level 3,Melbourne,Victoria,3004,Australia,APAC,Ferguson,Peter,Small
10355,44,61.0,6,2684.0,2004-12-07,Shipped,4,12,2004,Classic Cars,61,S24_3371,Euro Shopping Channel,(91) 555 94 44,"C/ Moralzarzal, 86",,Madrid,N/A,28034,Spain,EMEA,Freyre,Diego,Small
10363,21,61.0,15,1281.0,2005-01-06,Shipped,1,1,2005,Classic Cars,61,S24_3371,Suominen Souveniers,+358 9 8045 555,"Software Engineering Center, SEC Oy",,Espoo,N/A,FIN-02271,Finland,EMEA,Suominen,Kalle,Small
10378,46,41.54,6,1910.84,2005-02-10,Shipped,1,2,2005,Classic Cars,61,S24_3371,Euro Shopping Channel,(91) 555 94 44,"C/ Moralzarzal, 86",,Madrid,N/A,28034,Spain,EMEA,Freyre,Diego,Small
10390,46,52.84,6,2430.64,2005-03-04,Shipped,1,3,2005,Classic Cars,61,S24_3371,Mini Gifts Distributors Ltd.,4155551450,5677 Strong St.,,San Rafael,CA,97562,USA,,Nelson,Valarie,Small
10419,55,52.66,12,2896.3,2005-05-17,Shipped,2,5,2005,Classic Cars,61,S24_3371,Salzburg Collectables,6562-9555,Geislweg 14,,Salzburg,N/A,5020,Austria,EMEA,Pipps,Georg,Small
10106,31,52.6,14,1630.6,2003-02-17,Shipped,1,2,2003,Vintage Cars,65,S24_3420,Rovelli Gifts,035-640555,Via Ludovico il Moro 22,,Bergamo,N/A,24100,Italy,EMEA,Rovelli,Giovanni,Small
10119,20,65.0,5,1300.0,2003-04-28,Shipped,2,4,2003,Vintage Cars,65,S24_3420,Salzburg Collectables,6562-9555,Geislweg 14,,Salzburg,N/A,5020,Austria,EMEA,Pipps,Georg,Small
10131,29,59.18,6,1716.22,2003-06-16,Shipped,2,6,2003,Vintage Cars,65,S24_3420,Gift Ideas Corp.,2035554407,2440 Pompton St.,,Glendale,CT,97561,USA,,Lewis,Dan,Small
10143,33,65.0,9,2145.0,2003-08-10,Shipped,3,8,2003,Vintage Cars,65,S24_3420,Mini Creations Ltd.,5085559555,4575 Hillside Dr.,,New Bedford,MA,50553,USA,,Tam,Wing C,Small
10155,34,55.89,7,1900.26,2003-10-06,Shipped,4,10,2003,Vintage Cars,65,S24_3420,"Toys of Finland, Co.",90-224 8555,Keskuskatu 45,,Helsinki,N/A,21240,Finland,EMEA,Karttunen,Matti,Small
10167,32,63.12,3,2019.84,2003-10-23,Cancelled,4,10,2003,Vintage Cars,65,S24_3420,Scandinavian Gift Ideas,0695-34 6555,?kergatan 24,,Boras,N/A,S-844 67,Sweden,EMEA,Larsson,Maria,Small
10178,27,65.0,6,1755.0,2003-11-08,Shipped,4,11,2003,Vintage Cars,65,S24_3420,Alpha Cognac,61.77.6555,1 rue Alsace-Lorraine,,Toulouse,N/A,31000,France,EMEA,Roulet,Annette,Small
10186,21,65.0,3,1365.0,2003-11-14,Shipped,4,11,2003,Vintage Cars,65,S24_3420,"Double Decker Gift Stores, Ltd",(171) 555-7555,120 Hanover Sq.,,London,N/A,WA1 1DP,UK,EMEA,Hardy,Thomas,Small
10198,27,65.0,6,1755.0,2003-11-27,Shipped,4,11,2003,Vintage Cars,65,S24_3420,Cruz & Sons Co.,+63 2 555 3587,15 McCallum Street - NatWest Center #13-03,,Makati City,N/A,1227 MM,Philippines,Japan,Cruz,Arnold,Small
10209,36,65.0,2,2340.0,2004-01-09,Shipped,1,1,2004,Vintage Cars,65,S24_3420,"Men 'R' US Retailers, Ltd.",2155554369,6047 Douglas Av.,,Los Angeles,CA,UNKNOWN,USA,,Chandler,Michael,Small
10222,43,65.0,6,2795.0,2004-02-19,Shipped,1,2,2004,Vintage Cars,65,S24_3420,Collectable Mini Designs Co.,7605558146,361 Furth Circle,,San Diego,CA,91217,USA,,Thompson,Valarie,Small
10249,25,65.0,2,1625.0,2004-05-08,Shipped,2,5,2004,Vintage Cars,65,S24_3420,Cambridge Collectables Co.,6175555555,4658 Baden Av.,,Cambridge,MA,51247,USA,,Tseng,Kyung,Small
10262,46,65.0,11,2990.0,2004-06-24,Cancelled,2,6,2004,Vintage Cars,65,S24_3420,Euro Shopping Channel,(91) 555 94 44,"C/ Moralzarzal, 86",,Madrid,N/A,28034,Spain,EMEA,Freyre,Diego,Small
10274,24,65.0,3,1560.0,2004-07-21,Shipped,3,7,2004,Vintage Cars,65,S24_3420,Collectables For Less Inc.,6175558555,7825 Douglas Av.,,Brickhaven,MA,58339,USA,,Nelson,Allen,Small
10284,39,65.0,13,2535.0,2004-08-21,Shipped,3,8,2004,Vintage Cars,65,S24_3420,"Norway Gifts By Mail, Co.",+47 2212 1555,"Drammensveien 126 A, PB 744 Sentrum",,Oslo,N/A,N 0106,Norway,EMEA,Klaeboe,Jan,Small
10296,31,53.92,9,1671.52,2004-09-15,Shipped,3,9,2004,Vintage Cars,65,S24_3420,"Bavarian Collectables Imports, Co.",+49 89 61 08 9555,Hansastr. 15,,Munich,N/A,80686,Germany,EMEA,Donnermeyer,Michael,Small
10307,22,65.0,3,1430.0,2004-10-14,Shipped,4,10,2004,Vintage Cars,65,S24_3420,"Classic Gift Ideas, Inc",2155554695,782 First Street,,Philadelphia,PA,71270,USA,,Cervantes,Francisca,Small
10316,47,65.0,11,3055.0,2004-11-01,Shipped,4,11,2004,Vintage Cars,65,S24_3420,giftsbymail.co.uk,(198) 555-8888,Garden House Crowther Way,,Cowes,Isle of Wight,PO31 7PJ,UK,EMEA,Bennett,Helen,Medium
10328,20,65.0,2,1300.0,2004-11-12,Shipped,4,11,2004,Vintage Cars,65,S24_3420,Rovelli Gifts,035-640555,Via Ludovico il Moro 22,,Bergamo,N/A,24100,Italy,EMEA,Rovelli,Giovanni,Small
10339,29,65.0,14,1885.0,2004-11-23,Shipped,4,11,2004,Vintage Cars,65,S24_3420,"Tokyo Collectables, Ltd",+81 3 3584 0555,2-2-8 Roppongi,,Minato-ku,Tokyo,106-0032,Japan,Japan,Shimamura,Akiko,Small
10351,38,65.0,4,2470.0,2004-12-03,Shipped,4,12,2004,Vintage Cars,65,S24_3420,"Stylish Desk Decors, Co.",(171) 555-0297,35 King George,,London,N/A,WX3 6FW,UK,EMEA,Brown,Ann,Small
10361,34,65.0,6,2210.0,2004-12-17,Shipped,4,12,2004,Vintage Cars,65,S24_3420,Souveniers And Things Co.,+61 2 9495 8555,"Monitor Money Building, 815 Pacific Hwy",Level 6,Chatswood,NSW,2067,Australia,APAC,Huxley,Adrian,Small
10373,46,65.0,11,2990.0,2005-01-31,Shipped,1,1,2005,Vintage Cars,65,S24_3420,"Oulu Toy Supplies, Inc.",981-443655,Torikatu 38,,Oulu,N/A,90110,Finland,EMEA,Koskitalo,Pirkko,Small
10386,35,63.76,9,2231.6,2005-03-01,Resolved,1,3,2005,Vintage Cars,65,S24_3420,Euro Shopping Channel,(91) 555 94 44,"C/ Moralzarzal, 86",,Madrid,N/A,28034,Spain,EMEA,Freyre,Diego,Small
10398,34,65.0,13,2210.0,2005-03-30,Shipped,1,3,2005,Vintage Cars,65,S24_3420,Reims Collectables,26.47.1555,59 rue de l'Abbaye,,Reims,N/A,51100,France,EMEA,Henriot,Paul,Small
10400,38,57.2,3,2173.6,2005-04-01,Shipped,2,4,2005,Vintage Cars,65,S24_3420,The Sharp Gifts Warehouse,4085553659,3086 Ingle Ln.,,San Jose,CA,94217,USA,,Frick,Sue,Small
10415,18,65.0,2,1170.0,2005-05-09,Disputed,2,5,2005,Vintage Cars,65,S24_3420,"Australian Collectables, Ltd",61-9-3844-6555,7 Allen Street,,Glen Waverly,Victoria,3150,Australia,APAC,Connery,Sean,Small
10110,37,100.0,14,3700.0,2003-03-18,Shipped,1,3,2003,Classic Cars,107,S24_3432,"AV Stores, Co.",(171) 555-1555,Fauntleroy Circus,,Manchester,N/A,EC2 5NT,UK,EMEA,Ashworth,Victoria,Medium
10124,43,100.0,13,4300.0,2003-05-21,Shipped,2,5,2003,Classic Cars,107,S24_3432,Signal Gift Stores,7025551838,8489 Strong St.,,Las Vegas,NV,83030,USA,,King,Sue,Medium
10148,27,100.0,7,2700.0,2003-09-11,Shipped,3,9,2003,Classic Cars,107,S24_3432,"Anna's Decorations, Ltd",02 9936 8555,201 Miller Street,Level 15,North Sydney,NSW,2060,Australia,APAC,O'Hara,Anna,Small
10161,30,100.0,6,3000.0,2003-10-17,Shipped,4,10,2003,Classic Cars,107,S24_3432,Heintze Collectables,86 21 3555,Smagsloget 45,,Aaarhus,N/A,8200,Denmark,EMEA,Ibsen,Palle,Medium
10172,22,98.51,4,2167.22,2003-11-05,Shipped,4,11,2003,Classic Cars,107,S24_3432,Gift Depot Inc.,2035552570,25593 South Bay Ln.,,Bridgewater,CT,97562,USA,,King,Julie,Small
10182,49,100.0,17,4900.0,2003-11-12,Shipped,4,11,2003,Classic Cars,107,S24_3432,Mini Gifts Distributors Ltd.,4155551450,5677 Strong St.,,San Rafael,CA,97562,USA,,Nelson,Valarie,Medium
10192,46,100.0,5,4600.0,2003-11-20,Shipped,4,11,2003,Classic Cars,107,S24_3432,Online Diecast Creations Co.,6035558647,2304 Long Airport Avenue,,Nashua,NH,62005,USA,,Young,Valarie,Medium
10204,48,91.02,11,4368.96,2003-12-02,Shipped,4,12,2003,Classic Cars,107,S24_3432,Muscle Machine Inc,2125557413,4092 Furth Circle,Suite 400,NYC,NY,10022,USA,,Young,Jeff,Medium
10212,46,87.81,4,4039.26,2004-01-16,Shipped,1,1,2004,Classic Cars,107,S24_3432,Euro Shopping Channel,(91) 555 94 44,"C/ Moralzarzal, 86",,Madrid,N/A,28034,Spain,EMEA,Freyre,Diego,Medium
10226,48,92.09,2,4420.32,2004-02-26,Shipped,1,2,2004,Classic Cars,107,S24_3432,Collectable Mini Designs Co.,7605558146,361 Furth Circle,,San Diego,CA,91217,USA,,Thompson,Valarie,Medium
10241,27,86.73,9,2341.71,2004-04-13,Shipped,2,4,2004,Classic Cars,107,S24_3432,Mini Caravy,88.60.1555,"24, place Kluber",,Strasbourg,N/A,67000,France,EMEA,Citeaux,Frederique,Small
10267,43,100.0,6,4300.0,2004-07-07,Shipped,3,7,2004,Classic Cars,107,S24_3432,Muscle Machine Inc,2125557413,4092 Furth Circle,Suite 400,NYC,NY,10022,USA,,Young,Jeff,Medium
10279,48,100.0,6,4800.0,2004-08-09,Shipped,3,8,2004,Classic Cars,107,S24_3432,Euro Shopping Channel,(91) 555 94 44,"C/ Moralzarzal, 86",,Madrid,N/A,28034,Spain,EMEA,Freyre,Diego,Medium
10288,41,100.0,12,4100.0,2004-09-01,Shipped,3,9,2004,Classic Cars,107,S24_3432,Handji Gifts& Co,+65 224 1555,Village Close - 106 Linden Road Sandown,2nd Floor,Singapore,N/A,69045,Singapore,Japan,Victorino,Wendy,Medium
10301,22,96.37,2,2120.14,2003-10-05,Shipped,4,10,2003,Classic Cars,107,S24_3432,"Norway Gifts By Mail, Co.",+47 2212 1555,"Drammensveien 126 A, PB 744 Sentrum",,Oslo,N/A,N 0106,Norway,EMEA,Klaeboe,Jan,Small
10311,46,92.09,7,4236.14,2004-10-16,Shipped,4,10,2004,Classic Cars,107,S24_3432,Euro Shopping Channel,(91) 555 94 44,"C/ Moralzarzal, 86",,Madrid,N/A,28034,Spain,EMEA,Freyre,Diego,Medium
10321,21,89.95,4,1888.95,2004-11-04,Shipped,4,11,2004,Classic Cars,107,S24_3432,FunGiftIdeas.com,5085552555,1785 First Street,,New Bedford,MA,50553,USA,,Benitez,Violeta,Small
10332,31,37.18,13,1152.58,2004-11-17,Shipped,4,11,2004,Classic Cars,107,S24_3432,"AV Stores, Co.",(171) 555-1555,Fauntleroy Circus,,Manchester,N/A,EC2 5NT,UK,EMEA,Ashworth,Victoria,Small
10346,26,95.88,6,2492.88,2004-11-29,Shipped,4,11,2004,Classic Cars,107,S24_3432,Signal Gift Stores,7025551838,8489 Strong St.,,Las Vegas,NV,83030,USA,,King,Sue,Small
10368,20,99.58,4,1991.6,2005-01-19,Shipped,1,1,2005,Classic Cars,107,S24_3432,Mini Gifts Distributors Ltd.,4155551450,5677 Strong St.,,San Rafael,CA,97562,USA,,Nelson,Valarie,Small
10380,34,100.0,11,3400.0,2005-02-16,Shipped,1,2,2005,Classic Cars,107,S24_3432,Euro Shopping Channel,(91) 555 94 44,"C/ Moralzarzal, 86",,Madrid,N/A,28034,Spain,EMEA,Freyre,Diego,Medium
10407,43,86.73,9,3729.39,2005-04-22,On Hold,2,4,2005,Classic Cars,107,S24_3432,The Sharp Gifts Warehouse,4085553659,3086 Ingle Ln.,,San Jose,CA,94217,USA,,Frick,Sue,Medium
10420,26,100.0,12,2600.0,2005-05-29,In Process,2,5,2005,Classic Cars,107,S24_3432,Souveniers And Things Co.,+61 2 9495 8555,"Monitor Money Building, 815 Pacific Hwy",Level 6,Chatswood,NSW,2067,Australia,APAC,Huxley,Adrian,Small
10105,50,79.67,1,3983.5,2003-02-11,Shipped,1,2,2003,Vintage Cars,83,S24_3816,Danish Wholesale Imports,31 12 3555,Vinb'ltet 34,,Kobenhavn,N/A,1734,Denmark,EMEA,Petersen,Jytte,Medium
10119,35,83.0,10,2905.0,2003-04-28,Shipped,2,4,2003,Vintage Cars,83,S24_3816,Salzburg Collectables,6562-9555,Geislweg 14,,Salzburg,N/A,5020,Austria,EMEA,Pipps,Georg,Small
10129,50,77.99,1,3899.5,2003-06-12,Shipped,2,6,2003,Vintage Cars,83,S24_3816,"Stylish Desk Decors, Co.",(171) 555-0297,35 King George,,London,N/A,WX3 6FW,UK,EMEA,Brown,Ann,Medium
10143,23,80.51,14,1851.73,2003-08-10,Shipped,3,8,2003,Vintage Cars,83,S24_3816,Mini Creations Ltd.,5085559555,4575 Hillside Dr.,,New Bedford,MA,50553,USA,,Tam,Wing C,Small
10155,37,67.93,12,2513.41,2003-10-06,Shipped,4,10,2003,Vintage Cars,83,S24_3816,"Toys of Finland, Co.",90-224 8555,Keskuskatu 45,,Helsinki,N/A,21240,Finland,EMEA,Karttunen,Matti,Small
10167,29,83.0,8,2407.0,2003-10-23,Cancelled,4,10,2003,Vintage Cars,83,S24_3816,Scandinavian Gift Ideas,0695-34 6555,?kergatan 24,,Boras,N/A,S-844 67,Sweden,EMEA,Larsson,Maria,Small
10178,21,72.12,11,1514.52,2003-11-08,Shipped,4,11,2003,Vintage Cars,83,S24_3816,Alpha Cognac,61.77.6555,1 rue Alsace-Lorraine,,Toulouse,N/A,31000,France,EMEA,Roulet,Annette,Small
10186,36,83.0,8,2988.0,2003-11-14,Shipped,4,11,2003,Vintage Cars,83,S24_3816,"Double Decker Gift Stores, Ltd",(171) 555-7555,120 Hanover Sq.,,London,N/A,WA1 1DP,UK,EMEA,Hardy,Thomas,Small
10197,22,83.0,5,1826.0,2003-11-26,Shipped,4,11,2003,Vintage Cars,83,S24_3816,Enaco Distributors,(93) 203 4555,"Rambla de Catalu¤a, 23",,Barcelona,N/A,8022,Spain,EMEA,Saavedra,Eduardo,Small
10209,22,83.0,7,1826.0,2004-01-09,Shipped,1,1,2004,Vintage Cars,83,S24_3816,"Men 'R' US Retailers, Ltd.",2155554369,6047 Douglas Av.,,Los Angeles,CA,UNKNOWN,USA,,Chandler,Michael,Small
10222,46,80.51,11,3703.46,2004-02-19,Shipped,1,2,2004,Vintage Cars,83,S24_3816,Collectable Mini Designs Co.,7605558146,361 Furth Circle,,San Diego,CA,91217,USA,,Thompson,Valarie,Medium
10248,23,76.31,2,1755.13,2004-05-07,Cancelled,2,5,2004,Vintage Cars,83,S24_3816,Land of Toys Inc.,2125557818,897 Long Airport Avenue,,NYC,NY,10022,USA,,Yu,Kwai,Small
10262,49,83.0,16,4067.0,2004-06-24,Cancelled,2,6,2004,Vintage Cars,83,S24_3816,Euro Shopping Channel,(91) 555 94 44,"C/ Moralzarzal, 86",,Madrid,N/A,28034,Spain,EMEA,Freyre,Diego,Medium
10273,48,83.0,3,3984.0,2004-07-21,Shipped,3,7,2004,Vintage Cars,83,S24_3816,Petit Auto,(02) 5554 67,Rue Joseph-Bens 532,,Bruxelles,N/A,B-1180,Belgium,EMEA,Dewey,Catherine,Medium
10283,33,72.96,5,2407.68,2004-08-20,Shipped,3,8,2004,Vintage Cars,83,S24_3816,"Royal Canadian Collectables, Ltd.",(604) 555-4555,23 Tsawassen Blvd.,,Tsawassen,BC,T2F 8M4,Canada,,Lincoln,Elizabeth,Small
10296,22,77.15,14,1697.3,2004-09-15,Shipped,3,9,2004,Vintage Cars,83,S24_3816,"Bavarian Collectables Imports, Co.",+49 89 61 08 9555,Hansastr. 15,,Munich,N/A,80686,Germany,EMEA,Donnermeyer,Michael,Small
10307,22,83.0,8,1826.0,2004-10-14,Shipped,4,10,2004,Vintage Cars,83,S24_3816,"Classic Gift Ideas, Inc",2155554695,782 First Street,,Philadelphia,PA,71270,USA,,Cervantes,Francisca,Small
10316,25,83.0,16,2075.0,2004-11-01,Shipped,4,11,2004,Vintage Cars,83,S24_3816,giftsbymail.co.uk,(198) 555-8888,Garden House Crowther Way,,Cowes,Isle of Wight,PO31 7PJ,UK,EMEA,Bennett,Helen,Small
10326,20,83.0,2,1660.0,2004-11-09,Shipped,4,11,2004,Vintage Cars,83,S24_3816,"Volvo Model Replicas, Co",0921-12 3555,Berguvsvgen  8,,Lule,N/A,S-958 22,Sweden,EMEA,Berglund,Christina,Small
10339,42,59.36,16,2493.12,2004-11-23,Shipped,4,11,2004,Vintage Cars,83,S24_3816,"Tokyo Collectables, Ltd",+81 3 3584 0555,2-2-8 Roppongi,,Minato-ku,Tokyo,106-0032,Japan,Japan,Shimamura,Akiko,Small
10350,25,60.34,10,1508.5,2004-12-02,Shipped,4,12,2004,Vintage Cars,83,S24_3816,Euro Shopping Channel,(91) 555 94 44,"C/ Moralzarzal, 86",,Madrid,N/A,28034,Spain,EMEA,Freyre,Diego,Small
10373,23,83.0,10,1909.0,2005-01-31,Shipped,1,1,2005,Vintage Cars,83,S24_3816,"Oulu Toy Supplies, Inc.",981-443655,Torikatu 38,,Oulu,N/A,90110,Finland,EMEA,Koskitalo,Pirkko,Small
10385,37,83.0,2,3071.0,2005-02-28,Shipped,1,2,2005,Vintage Cars,83,S24_3816,Mini Gifts Distributors Ltd.,4155551450,5677 Strong St.,,San Rafael,CA,97562,USA,,Nelson,Valarie,Medium
10396,37,83.0,8,3071.0,2005-03-23,Shipped,1,3,2005,Vintage Cars,83,S24_3816,Mini Gifts Distributors Ltd.,4155551450,5677 Strong St.,,San Rafael,CA,97562,USA,,Nelson,Valarie,Medium
10400,42,72.96,8,3064.32,2005-04-01,Shipped,2,4,2005,Vintage Cars,83,S24_3816,The Sharp Gifts Warehouse,4085553659,3086 Ingle Ln.,,San Jose,CA,94217,USA,,Frick,Sue,Medium
10414,51,76.31,2,3891.81,2005-05-06,On Hold,2,5,2005,Vintage Cars,83,S24_3816,Gifts4AllAges.com,6175559555,8616 Spinnaker Dr.,,Boston,MA,51003,USA,,Yoshido,Juri,Medium
10108,40,100.0,1,4000.0,2003-03-03,Shipped,1,3,2003,Classic Cars,140,S24_3856,Cruz & Sons Co.,+63 2 555 3587,15 McCallum Street - NatWest Center #13-03,,Makati City,N/A,1227 MM,Philippines,Japan,Cruz,Arnold,Medium
10122,43,100.0,5,4300.0,2003-05-08,Shipped,2,5,2003,Classic Cars,140,S24_3856,Marseille Mini Autos,91.24.4555,"12, rue des Bouchers",,Marseille,N/A,13008,France,EMEA,Lebihan,Laurence,Medium
10135,47,100.0,2,4700.0,2003-07-02,Shipped,3,7,2003,Classic Cars,140,S24_3856,Mini Gifts Distributors Ltd.,4155551450,5677 Strong St.,,San Rafael,CA,97562,USA,,Nelson,Valarie,Medium
10147,23,100.0,2,2300.0,2003-09-05,Shipped,3,9,2003,Classic Cars,140,S24_3856,Collectables For Less Inc.,6175558555,7825 Douglas Av.,,Brickhaven,MA,58339,USA,,Nelson,Allen,Small
10160,35,100.0,3,3500.0,2003-10-11,Shipped,4,10,2003,Classic Cars,140,S24_3856,"Men 'R' US Retailers, Ltd.",2155554369,6047 Douglas Av.,,Los Angeles,CA,UNKNOWN,USA,,Chandler,Michael,Medium
10170,34,100.0,1,3400.0,2003-11-04,Shipped,4,11,2003,Classic Cars,140,S24_3856,Mini Auto Werke,7675-3555,Kirchgasse 6,,Graz,N/A,8010,Austria,EMEA,Mendel,Roland,Medium
10181,25,100.0,9,2500.0,2003-11-12,Shipped,4,11,2003,Classic Cars,140,S24_3856,Herkku Gifts,+47 2267 3215,"Drammen 121, PR 744 Sentrum",,Bergen,N/A,N 5804,Norway,EMEA,Oeztan,Veysel,Small
10192,45,100.0,14,4500.0,2003-11-20,Shipped,4,11,2003,Classic Cars,140,S24_3856,Online Diecast Creations Co.,6035558647,2304 Long Airport Avenue,,Nashua,NH,62005,USA,,Young,Valarie,Medium
10203,47,100.0,3,4700.0,2003-12-02,Shipped,4,12,2003,Classic Cars,140,S24_3856,Euro Shopping Channel,(91) 555 94 44,"C/ Moralzarzal, 86",,Madrid,N/A,28034,Spain,EMEA,Freyre,Diego,Medium
10212,49,100.0,13,4900.0,2004-01-16,Shipped,1,1,2004,Classic Cars,140,S24_3856,Euro Shopping Channel,(91) 555 94 44,"C/ Moralzarzal, 86",,Madrid,N/A,28034,Spain,EMEA,Freyre,Diego,Medium
10225,40,100.0,4,4000.0,2004-02-22,Shipped,1,2,2004,Classic Cars,140,S24_3856,"Vida Sport, Ltd",0897-034555,Grenzacherweg 237,,Gensve,N/A,1203,Switzerland,EMEA,Holz,Michael,Medium
10239,29,100.0,3,2900.0,2004-04-12,Shipped,2,4,2004,Classic Cars,140,S24_3856,"Oulu Toy Supplies, Inc.",981-443655,Torikatu 38,,Oulu,N/A,90110,Finland,EMEA,Koskitalo,Pirkko,Small
10253,39,100.0,8,3900.0,2004-06-01,Cancelled,2,6,2004,Classic Cars,140,S24_3856,"UK Collectables, Ltd.",(171) 555-2282,Berkeley Gardens 12  Brewery,,Liverpool,N/A,WX1 6LT,UK,EMEA,Devon,Elizabeth,Medium
10266,24,100.0,9,2400.0,2004-07-06,Shipped,3,7,2004,Classic Cars,140,S24_3856,L'ordine Souveniers,0522-556555,Strada Provinciale 124,,Reggio Emilia,N/A,42100,Italy,EMEA,Moroni,Maurizio,Small
10278,25,100.0,9,2500.0,2004-08-06,Shipped,3,8,2004,Classic Cars,140,S24_3856,Signal Gift Stores,7025551838,8489 Strong St.,,Las Vegas,NV,83030,USA,,King,Sue,Small
10287,36,100.0,7,3600.0,2004-08-30,Shipped,3,8,2004,Classic Cars,140,S24_3856,"Vida Sport, Ltd",0897-034555,Grenzacherweg 237,,Gensve,N/A,1203,Switzerland,EMEA,Holz,Michael,Medium
10301,50,100.0,11,5000.0,2003-10-05,Shipped,4,10,2003,Classic Cars,140,S24_3856,"Norway Gifts By Mail, Co.",+47 2212 1555,"Drammensveien 126 A, PB 744 Sentrum",,Oslo,N/A,N 0106,Norway,EMEA,Klaeboe,Jan,Medium
10310,45,100.0,5,4500.0,2004-10-16,Shipped,4,10,2004,Classic Cars,140,S24_3856,"Toms Spezialitten, Ltd",0221-5554327,Mehrheimerstr. 369,,Koln,N/A,50739,Germany,EMEA,Pfalzheim,Henriette,Medium
10321,26,100.0,13,2600.0,2004-11-04,Shipped,4,11,2004,Classic Cars,140,S24_3856,FunGiftIdeas.com,5085552555,1785 First Street,,New Bedford,MA,50553,USA,,Benitez,Violeta,Small
10331,21,100.0,1,2100.0,2004-11-17,Shipped,4,11,2004,Classic Cars,140,S24_3856,Motor Mint Distributors Inc.,2155559857,11328 Douglas Av.,,Philadelphia,PA,71270,USA,,Hernandez,Rosa,Small
10342,42,100.0,6,4200.0,2004-11-24,Shipped,4,11,2004,Classic Cars,140,S24_3856,"Australian Collectors, Co.",03 9520 4555,636 St Kilda Road,Level 3,Melbourne,Victoria,3004,Australia,APAC,Ferguson,Peter,Medium
10355,32,100.0,8,3200.0,2004-12-07,Shipped,4,12,2004,Classic Cars,140,S24_3856,Euro Shopping Channel,(91) 555 94 44,"C/ Moralzarzal, 86",,Madrid,N/A,28034,Spain,EMEA,Freyre,Diego,Medium
10363,31,94.58,1,2931.98,2005-01-06,Shipped,1,1,2005,Classic Cars,140,S24_3856,Suominen Souveniers,+358 9 8045 555,"Software Engineering Center, SEC Oy",,Espoo,N/A,FIN-02271,Finland,EMEA,Suominen,Kalle,Small
10378,33,53.27,3,1757.91,2005-02-10,Shipped,1,2,2005,Classic Cars,140,S24_3856,Euro Shopping Channel,(91) 555 94 44,"C/ Moralzarzal, 86",,Madrid,N/A,28034,Spain,EMEA,Freyre,Diego,Small
10390,45,100.0,8,4500.0,2005-03-04,Shipped,1,3,2005,Classic Cars,140,S24_3856,Mini Gifts Distributors Ltd.,4155551450,5677 Strong St.,,San Rafael,CA,97562,USA,,Nelson,Valarie,Medium
10405,76,100.0,3,7600.0,2005-04-14,Shipped,2,4,2005,Classic Cars,140,S24_3856,Mini Caravy,88.60.1555,"24, place Kluber",,Strasbourg,N/A,67000,France,EMEA,Citeaux,Frederique,Large
10419,70,100.0,8,7000.0,2005-05-17,Shipped,2,5,2005,Classic Cars,140,S24_3856,Salzburg Collectables,6562-9555,Geislweg 14,,Salzburg,N/A,5020,Austria,EMEA,Pipps,Georg,Large
10106,50,64.83,11,3241.5,2003-02-17,Shipped,1,2,2003,Planes,68,S24_3949,Rovelli Gifts,035-640555,Via Ludovico il Moro 22,,Bergamo,N/A,24100,Italy,EMEA,Rovelli,Giovanni,Medium
10119,28,68.0,2,1904.0,2003-04-28,Shipped,2,4,2003,Planes,68,S24_3949,Salzburg Collectables,6562-9555,Geislweg 14,,Salzburg,N/A,5020,Austria,EMEA,Pipps,Georg,Small
10131,50,68.0,3,3400.0,2003-06-16,Shipped,2,6,2003,Planes,68,S24_3949,Gift Ideas Corp.,2035554407,2440 Pompton St.,,Glendale,CT,97561,USA,,Lewis,Dan,Medium
10143,28,66.19,6,1853.32,2003-08-10,Shipped,3,8,2003,Planes,68,S24_3949,Mini Creations Ltd.,5085559555,4575 Hillside Dr.,,New Bedford,MA,50553,USA,,Tam,Wing C,Small
10155,44,68.0,4,2992.0,2003-10-06,Shipped,4,10,2003,Planes,68,S24_3949,"Toys of Finland, Co.",90-224 8555,Keskuskatu 45,,Helsinki,N/A,21240,Finland,EMEA,Karttunen,Matti,Small
10168,27,68.0,18,1836.0,2003-10-28,Shipped,4,10,2003,Planes,68,S24_3949,Technics Stores Inc.,6505556809,9408 Furth Circle,,Burlingame,CA,94217,USA,,Hirano,Juri,Small
10178,30,68.0,3,2040.0,2003-11-08,Shipped,4,11,2003,Planes,68,S24_3949,Alpha Cognac,61.77.6555,1 rue Alsace-Lorraine,,Toulouse,N/A,31000,France,EMEA,Roulet,Annette,Small
10198,43,66.19,3,2846.17,2003-11-27,Shipped,4,11,2003,Planes,68,S24_3949,Cruz & Sons Co.,+63 2 555 3587,15 McCallum Street - NatWest Center #13-03,,Makati City,N/A,1227 MM,Philippines,Japan,Cruz,Arnold,Small
10210,29,68.0,16,1972.0,2004-01-12,Shipped,1,1,2004,Planes,68,S24_3949,Osaka Souveniers Co.,+81 06 6342 5555,"Dojima Avanza 4F, 1-6-20 Dojima, Kita-ku",,Osaka,Osaka,530-0003,Japan,Japan,Kentary,Mory,Small
10222,48,56.64,3,2718.72,2004-02-19,Shipped,1,2,2004,Planes,68,S24_3949,Collectable Mini Designs Co.,7605558146,361 Furth Circle,,San Diego,CA,91217,USA,,Thompson,Valarie,Small
10235,33,60.05,12,1981.65,2004-04-02,Shipped,2,4,2004,Planes,68,S24_3949,"Royal Canadian Collectables, Ltd.",(604) 555-4555,23 Tsawassen Blvd.,,Tsawassen,BC,T2F 8M4,Canada,,Lincoln,Elizabeth,Small
10250,40,68.0,13,2720.0,2004-05-11,Shipped,2,5,2004,Planes,68,S24_3949,The Sharp Gifts Warehouse,4085553659,3086 Ingle Ln.,,San Jose,CA,94217,USA,,Frick,Sue,Small
10262,48,61.42,8,2948.16,2004-06-24,Cancelled,2,6,2004,Planes,68,S24_3949,Euro Shopping Channel,(91) 555 94 44,"C/ Moralzarzal, 86",,Madrid,N/A,28034,Spain,EMEA,Freyre,Diego,Small
10275,41,68.0,18,2788.0,2004-07-23,Shipped,3,7,2004,Planes,68,S24_3949,La Rochelle Gifts,40.67.8555,"67, rue des Cinquante Otages",,Nantes,N/A,44000,France,EMEA,Labrune,Janine,Small
10284,21,55.96,10,1175.16,2004-08-21,Shipped,3,8,2004,Planes,68,S24_3949,"Norway Gifts By Mail, Co.",+47 2212 1555,"Drammensveien 126 A, PB 744 Sentrum",,Oslo,N/A,N 0106,Norway,EMEA,Klaeboe,Jan,Small
10296,32,68.0,6,2176.0,2004-09-15,Shipped,3,9,2004,Planes,68,S24_3949,"Bavarian Collectables Imports, Co.",+49 89 61 08 9555,Hansastr. 15,,Munich,N/A,80686,Germany,EMEA,Donnermeyer,Michael,Small
10308,43,68.0,16,2924.0,2004-10-15,Shipped,4,10,2004,Planes,68,S24_3949,Mini Classics,9145554562,3758 North Pendale Street,,White Plains,NY,24067,USA,,Frick,Steve,Small
10316,30,68.0,8,2040.0,2004-11-01,Shipped,4,11,2004,Planes,68,S24_3949,giftsbymail.co.uk,(198) 555-8888,Garden House Crowther Way,,Cowes,Isle of Wight,PO31 7PJ,UK,EMEA,Bennett,Helen,Small
10328,35,68.0,3,2380.0,2004-11-12,Shipped,4,11,2004,Planes,68,S24_3949,Rovelli Gifts,035-640555,Via Ludovico il Moro 22,,Bergamo,N/A,24100,Italy,EMEA,Rovelli,Giovanni,Small
10339,45,68.0,11,3060.0,2004-11-23,Shipped,4,11,2004,Planes,68,S24_3949,"Tokyo Collectables, Ltd",+81 3 3584 0555,2-2-8 Roppongi,,Minato-ku,Tokyo,106-0032,Japan,Japan,Shimamura,Akiko,Medium
10351,34,59.37,3,2018.58,2004-12-03,Shipped,4,12,2004,Planes,68,S24_3949,"Stylish Desk Decors, Co.",(171) 555-0297,35 King George,,London,N/A,WX3 6FW,UK,EMEA,Brown,Ann,Small
10361,26,68.0,7,1768.0,2004-12-17,Shipped,4,12,2004,Planes,68,S24_3949,Souveniers And Things Co.,+61 2 9495 8555,"Monitor Money Building, 815 Pacific Hwy",Level 6,Chatswood,NSW,2067,Australia,APAC,Huxley,Adrian,Small
10373,39,68.0,13,2652.0,2005-01-31,Shipped,1,1,2005,Planes,68,S24_3949,"Oulu Toy Supplies, Inc.",981-443655,Torikatu 38,,Oulu,N/A,90110,Finland,EMEA,Koskitalo,Pirkko,Small
10386,41,68.0,12,2788.0,2005-03-01,Resolved,1,3,2005,Planes,68,S24_3949,Euro Shopping Channel,(91) 555 94 44,"C/ Moralzarzal, 86",,Madrid,N/A,28034,Spain,EMEA,Freyre,Diego,Small
10398,41,68.0,2,2788.0,2005-03-30,Shipped,1,3,2005,Planes,68,S24_3949,Reims Collectables,26.47.1555,59 rue de l'Abbaye,,Reims,N/A,51100,France,EMEA,Henriot,Paul,Small
10401,64,60.05,12,3843.2,2005-04-03,On Hold,2,4,2005,Planes,68,S24_3949,Tekni Collectables Inc.,2015559350,7476 Moss Rd.,,Newark,NJ,94019,USA,,Brown,William,Medium
10416,18,68.0,13,1224.0,2005-05-10,Shipped,2,5,2005,Planes,68,S24_3949,L'ordine Souveniers,0522-556555,Strada Provinciale 124,,Reggio Emilia,N/A,42100,Italy,EMEA,Moroni,Maurizio,Small
10100,49,34.47,1,1689.03,2003-01-06,Shipped,1,1,2003,Vintage Cars,41,S24_3969,Online Diecast Creations Co.,6035558647,2304 Long Airport Avenue,,Nashua,NH,62005,USA,,Young,Valarie,Small
10110,48,34.47,5,1654.56,2003-03-18,Shipped,1,3,2003,Vintage Cars,41,S24_3969,"AV Stores, Co.",(171) 555-1555,Fauntleroy Circus,,Manchester,N/A,EC2 5NT,UK,EMEA,Ashworth,Victoria,Small
10124,46,33.23,4,1528.58,2003-05-21,Shipped,2,5,2003,Vintage Cars,41,S24_3969,Signal Gift Stores,7025551838,8489 Strong St.,,Las Vegas,NV,83030,USA,,King,Sue,Small
10149,26,38.98,9,1013.48,2003-09-12,Shipped,3,9,2003,Vintage Cars,41,S24_3969,Signal Collectibles Ltd.,4155554312,2793 Furth Circle,,Brisbane,CA,94217,USA,,Taylor,Sue,Small
10162,37,38.98,7,1442.26,2003-10-18,Shipped,4,10,2003,Vintage Cars,41,S24_3969,Corporate Gift Ideas Co.,6505551386,7734 Strong St.,,San Francisco,CA,UNKNOWN,USA,,Brown,Julie,Small
10173,35,33.23,11,1163.05,2003-11-05,Shipped,4,11,2003,Vintage Cars,41,S24_3969,Rovelli Gifts,035-640555,Via Ludovico il Moro 22,,Bergamo,N/A,24100,Italy,EMEA,Rovelli,Giovanni,Small
10182,23,41.0,8,943.0,2003-11-12,Shipped,4,11,2003,Vintage Cars,41,S24_3969,Mini Gifts Distributors Ltd.,4155551450,5677 Strong St.,,San Rafael,CA,97562,USA,,Nelson,Valarie,Small
10193,22,41.0,12,902.0,2003-11-21,Shipped,4,11,2003,Vintage Cars,41,S24_3969,"Australian Collectables, Ltd",61-9-3844-6555,7 Allen Street,,Glen Waverly,Victoria,3150,Australia,APAC,Connery,Sean,Small
10204,39,33.23,2,1295.97,2003-12-02,Shipped,4,12,2003,Vintage Cars,41,S24_3969,Muscle Machine Inc,2125557413,4092 Furth Circle,Suite 400,NYC,NY,10022,USA,,Young,Jeff,Small
10214,44,34.88,5,1534.72,2004-01-26,Shipped,1,1,2004,Vintage Cars,41,S24_3969,"Corrida Auto Replicas, Ltd",(91) 555 22 82,"C/ Araquil, 67",,Madrid,N/A,28023,Spain,EMEA,Sommer,Mart¡n,Small
10227,27,41.0,8,1107.0,2004-03-02,Shipped,1,3,2004,Vintage Cars,41,S24_3969,"Saveley & Henriot, Co.",78.32.5555,"2, rue du Commerce",,Lyon,N/A,69004,France,EMEA,Saveley,Mary,Small
10242,46,36.93,1,1698.78,2004-04-20,Shipped,2,4,2004,Vintage Cars,41,S24_3969,Microscale Inc.,2125551957,5290 North Pendale Street,Suite 200,NYC,NY,10022,USA,,Kuo,Kee,Small
10280,33,41.0,14,1353.0,2004-08-17,Shipped,3,8,2004,Vintage Cars,41,S24_3969,Amica Models & Co.,011-4988555,Via Monte Bianco 34,,Torino,N/A,10100,Italy,EMEA,Accorti,Paolo,Small
10288,33,40.62,3,1340.46,2004-09-01,Shipped,3,9,2004,Vintage Cars,41,S24_3969,Handji Gifts& Co,+65 224 1555,Village Close - 106 Linden Road Sandown,2nd Floor,Singapore,N/A,69045,Singapore,Japan,Victorino,Wendy,Small
10303,24,40.21,1,965.04,2004-10-06,Shipped,4,10,2004,Vintage Cars,41,S24_3969,"Iberia Gift Imports, Corp.",(95) 555 82 82,"C/ Romero, 33",,Sevilla,N/A,41101,Spain,EMEA,Roel,Jose Pedro,Small
10312,31,35.29,15,1093.99,2004-10-21,Shipped,4,10,2004,Vintage Cars,41,S24_3969,Mini Gifts Distributors Ltd.,4155551450,5677 Strong St.,,San Rafael,CA,97562,USA,,Nelson,Valarie,Small
10332,41,41.0,14,1681.0,2004-11-17,Shipped,4,11,2004,Vintage Cars,41,S24_3969,"AV Stores, Co.",(171) 555-1555,Fauntleroy Circus,,Manchester,N/A,EC2 5NT,UK,EMEA,Ashworth,Victoria,Small
10346,22,41.0,4,902.0,2004-11-29,Shipped,4,11,2004,Vintage Cars,41,S24_3969,Signal Gift Stores,7025551838,8489 Strong St.,,Las Vegas,NV,83030,USA,,King,Sue,Small
10368,46,37.34,3,1717.64,2005-01-19,Shipped,1,1,2005,Vintage Cars,41,S24_3969,Mini Gifts Distributors Ltd.,4155551450,5677 Strong St.,,San Rafael,CA,97562,USA,,Nelson,Valarie,Small
10380,43,41.0,12,1763.0,2005-02-16,Shipped,1,2,2005,Vintage Cars,41,S24_3969,Euro Shopping Channel,(91) 555 94 44,"C/ Moralzarzal, 86",,Madrid,N/A,28034,Spain,EMEA,Freyre,Diego,Small
10408,15,36.93,1,553.95,2005-04-22,Shipped,2,4,2005,Vintage Cars,41,S24_3969,"Tokyo Collectables, Ltd",+81 3 3584 0555,2-2-8 Roppongi,,Minato-ku,Tokyo,106-0032,Japan,Japan,Shimamura,Akiko,Small
10420,15,41.0,3,615.0,2005-05-29,In Process,2,5,2005,Vintage Cars,41,S24_3969,Souveniers And Things Co.,+61 2 9495 8555,"Monitor Money Building, 815 Pacific Hwy",Level 6,Chatswood,NSW,2067,Australia,APAC,Huxley,Adrian,Small
10104,26,100.0,5,2600.0,2003-01-31,Shipped,1,1,2003,Classic Cars,118,S24_4048,Euro Shopping Channel,(91) 555 94 44,"C/ Moralzarzal, 86",,Madrid,N/A,28034,Spain,EMEA,Freyre,Diego,Small
10115,44,100.0,1,4400.0,2003-04-04,Shipped,2,4,2003,Classic Cars,118,S24_4048,Classic Legends Inc.,2125558493,5905 Pompton St.,Suite 750,NYC,NY,10022,USA,,Hernandez,Maria,Medium
10127,20,96.99,7,1939.8,2003-06-03,Shipped,2,6,2003,Classic Cars,118,S24_4048,Muscle Machine Inc,2125557413,4092 Furth Circle,Suite 400,NYC,NY,10022,USA,,Young,Jeff,Small
10141,40,94.62,1,3784.8,2003-08-01,Shipped,3,8,2003,Classic Cars,118,S24_4048,Suominen Souveniers,+358 9 8045 555,"Software Engineering Center, SEC Oy",,Espoo,N/A,FIN-02271,Finland,EMEA,Suominen,Kalle,Medium
10152,23,100.0,3,2300.0,2003-09-25,Shipped,3,9,2003,Classic Cars,118,S24_4048,"Australian Gift Network, Co",61-7-3844-6555,31 Duncan St. West End,,South Brisbane,Queensland,4101,Australia,APAC,Calaghan,Tony,Small
10165,24,99.36,8,2384.64,2003-10-22,Shipped,4,10,2003,Classic Cars,118,S24_4048,"Dragon Souveniers, Ltd.",+65 221 7555,"Bronz Sok., Bronz Apt. 3/6 Tesvikiye",,Singapore,N/A,79903,Singapore,Japan,Natividad,Eric,Small
10176,29,100.0,7,2900.0,2003-11-06,Shipped,4,11,2003,Classic Cars,118,S24_4048,L'ordine Souveniers,0522-556555,Strada Provinciale 124,,Reggio Emilia,N/A,42100,Italy,EMEA,Moroni,Maurizio,Small
10184,49,100.0,2,4900.0,2003-11-14,Shipped,4,11,2003,Classic Cars,118,S24_4048,"Iberia Gift Imports, Corp.",(95) 555 82 82,"C/ Romero, 33",,Sevilla,N/A,41101,Spain,EMEA,Roel,Jose Pedro,Medium
10195,34,100.0,2,3400.0,2003-11-25,Shipped,4,11,2003,Classic Cars,118,S24_4048,Mini Classics,9145554562,3758 North Pendale Street,,White Plains,NY,24067,USA,,Frick,Steve,Medium
10207,28,100.0,3,2800.0,2003-12-09,Shipped,4,12,2003,Classic Cars,118,S24_4048,Diecast Collectables,6175552555,6251 Ingle Ln.,,Boston,MA,51003,USA,,Franco,Valarie,Small
10220,37,100.0,7,3700.0,2004-02-12,Shipped,1,2,2004,Classic Cars,118,S24_4048,"Clover Collections, Co.",+353 1862 1555,25 Maiden Lane,Floor No. 4,Dublin,N/A,2,Ireland,EMEA,Cassidy,Dean,Medium
10230,45,100.0,5,4500.0,2004-03-15,Shipped,1,3,2004,Classic Cars,118,S24_4048,"Blauer See Auto, Co.",+49 69 66 90 2555,Lyonerstr. 34,,Frankfurt,N/A,60528,Germany,EMEA,Keitel,Roland,Medium
10246,46,100.0,1,4600.0,2004-05-05,Shipped,2,5,2004,Classic Cars,118,S24_4048,Euro Shopping Channel,(91) 555 94 44,"C/ Moralzarzal, 86",,Madrid,N/A,28034,Spain,EMEA,Freyre,Diego,Medium
10271,22,100.0,1,2200.0,2004-07-20,Shipped,3,7,2004,Classic Cars,118,S24_4048,Mini Gifts Distributors Ltd.,4155551450,5677 Strong St.,,San Rafael,CA,97562,USA,,Nelson,Valarie,Small
10282,39,100.0,10,3900.0,2004-08-20,Shipped,3,8,2004,Classic Cars,118,S24_4048,Mini Gifts Distributors Ltd.,4155551450,5677 Strong St.,,San Rafael,CA,97562,USA,,Nelson,Valarie,Medium
10292,27,100.0,4,2700.0,2004-09-08,Shipped,3,9,2004,Classic Cars,118,S24_4048,Land of Toys Inc.,2125557818,897 Long Airport Avenue,,NYC,NY,10022,USA,,Yu,Kwai,Small
10305,36,100.0,1,3600.0,2004-10-13,Shipped,4,10,2004,Classic Cars,118,S24_4048,Marta's Replicas Co.,6175558555,39323 Spinnaker Dr.,,Cambridge,MA,51247,USA,,Hernandez,Marta,Medium
10314,38,100.0,10,3800.0,2004-10-22,Shipped,4,10,2004,Classic Cars,118,S24_4048,Heintze Collectables,86 21 3555,Smagsloget 45,,Aaarhus,N/A,8200,Denmark,EMEA,Ibsen,Palle,Medium
10325,44,100.0,5,4400.0,2004-11-05,Shipped,4,11,2004,Classic Cars,118,S24_4048,Baane Mini Imports,07-98 9555,Erling Skakkes gate 78,,Stavern,N/A,4110,Norway,EMEA,Bergulfsen,Jonas,Medium
10336,31,100.0,5,3100.0,2004-11-20,Shipped,4,11,2004,Classic Cars,118,S24_4048,"La Corne D'abondance, Co.",(1) 42.34.2555,"265, boulevard Charonne",,Paris,N/A,75012,France,EMEA,Bertrand,Marie,Medium
10349,23,100.0,2,2300.0,2004-12-01,Shipped,4,12,2004,Classic Cars,118,S24_4048,Muscle Machine Inc,2125557413,4092 Furth Circle,Suite 400,NYC,NY,10022,USA,,Young,Jeff,Small
10359,22,100.0,7,2200.0,2004-12-15,Shipped,4,12,2004,Classic Cars,118,S24_4048,Reims Collectables,26.47.1555,59 rue de l'Abbaye,,Reims,N/A,51100,France,EMEA,Henriot,Paul,Small
10371,28,50.32,9,1408.96,2005-01-23,Shipped,1,1,2005,Classic Cars,118,S24_4048,Mini Gifts Distributors Ltd.,4155551450,5677 Strong St.,,San Rafael,CA,97562,USA,,Nelson,Valarie,Small
10383,21,93.91,4,1972.11,2005-02-22,Shipped,1,2,2005,Classic Cars,118,S24_4048,Euro Shopping Channel,(91) 555 94 44,"C/ Moralzarzal, 86",,Madrid,N/A,28034,Spain,EMEA,Freyre,Diego,Small
10394,37,100.0,7,3700.0,2005-03-15,Shipped,1,3,2005,Classic Cars,118,S24_4048,Euro Shopping Channel,(91) 555 94 44,"C/ Moralzarzal, 86",,Madrid,N/A,28034,Spain,EMEA,Freyre,Diego,Medium
10412,31,100.0,1,3100.0,2005-05-03,Shipped,2,5,2005,Classic Cars,118,S24_4048,Euro Shopping Channel,(91) 555 94 44,"C/ Moralzarzal, 86",,Madrid,N/A,28034,Spain,EMEA,Freyre,Diego,Medium
10103,25,97.0,15,2425.0,2003-01-29,Shipped,1,1,2003,Vintage Cars,97,S24_4258,Baane Mini Imports,07-98 9555,Erling Skakkes gate 78,,Stavern,N/A,4110,Norway,EMEA,Bergulfsen,Jonas,Small
10111,26,86.68,3,2253.68,2003-03-25,Shipped,1,3,2003,Vintage Cars,97,S24_4258,Mini Wheels Co.,6505555787,5557 North Pendale Street,,San Francisco,CA,UNKNOWN,USA,,Murphy,Julie,Small
10126,34,97.0,15,3298.0,2003-05-28,Shipped,2,5,2003,Vintage Cars,97,S24_4258,"Corrida Auto Replicas, Ltd",(91) 555 22 82,"C/ Araquil, 67",,Madrid,N/A,28023,Spain,EMEA,Sommer,Mart¡n,Medium
10139,29,97.0,4,2813.0,2003-07-16,Shipped,3,7,2003,Vintage Cars,97,S24_4258,Souveniers And Things Co.,+61 2 9495 8555,"Monitor Money Building, 815 Pacific Hwy",Level 6,Chatswood,NSW,2067,Australia,APAC,Huxley,Adrian,Small
10149,20,90.57,1,1811.4,2003-09-12,Shipped,3,9,2003,Vintage Cars,97,S24_4258,Signal Collectibles Ltd.,4155554312,2793 Furth Circle,,Brisbane,CA,94217,USA,,Taylor,Sue,Small
10163,42,91.55,5,3845.1,2003-10-20,Shipped,4,10,2003,Vintage Cars,97,S24_4258,Classic Legends Inc.,2125558493,5905 Pompton St.,Suite 750,NYC,NY,10022,USA,,Hernandez,Maria,Medium
10173,22,97.0,3,2134.0,2003-11-05,Shipped,4,11,2003,Vintage Cars,97,S24_4258,Rovelli Gifts,035-640555,Via Ludovico il Moro 22,,Bergamo,N/A,24100,Italy,EMEA,Rovelli,Giovanni,Small
10183,47,97.0,12,4559.0,2003-11-13,Shipped,4,11,2003,Vintage Cars,97,S24_4258,"Classic Gift Ideas, Inc",2155554695,782 First Street,,Philadelphia,PA,71270,USA,,Cervantes,Francisca,Medium
10193,20,97.0,4,1940.0,2003-11-21,Shipped,4,11,2003,Vintage Cars,97,S24_4258,"Australian Collectables, Ltd",61-9-3844-6555,7 Allen Street,,Glen Waverly,Victoria,3150,Australia,APAC,Connery,Sean,Small
10206,33,97.0,10,3201.0,2003-12-05,Shipped,4,12,2003,Vintage Cars,97,S24_4258,Canadian Gift Exchange Network,(604) 555-3392,1900 Oak St.,,Vancouver,BC,V3F 2K1,Canada,,Tannamuri,Yoshi,Medium
10215,39,90.57,7,3532.23,2004-01-29,Shipped,1,1,2004,Vintage Cars,97,S24_4258,West Coast Collectables Co.,3105553722,3675 Furth Circle,,Burbank,CA,94019,USA,,Thompson,Steve,Medium
10228,33,97.0,6,3201.0,2004-03-10,Shipped,1,3,2004,Vintage Cars,97,S24_4258,Cambridge Collectables Co.,6175555555,4658 Baden Av.,,Cambridge,MA,51247,USA,,Tseng,Kyung,Medium
10244,40,86.68,4,3467.2,2004-04-29,Shipped,2,4,2004,Vintage Cars,97,S24_4258,Euro Shopping Channel,(91) 555 94 44,"C/ Moralzarzal, 86",,Madrid,N/A,28034,Spain,EMEA,Freyre,Diego,Medium
10257,46,78.89,4,3628.94,2004-06-14,Shipped,2,6,2004,Vintage Cars,97,S24_4258,The Sharp Gifts Warehouse,4085553659,3086 Ingle Ln.,,San Jose,CA,94217,USA,,Frick,Sue,Medium
10269,48,97.0,2,4656.0,2004-07-16,Shipped,3,7,2004,Vintage Cars,97,S24_4258,Salzburg Collectables,6562-9555,Geislweg 14,,Salzburg,N/A,5020,Austria,EMEA,Pipps,Georg,Medium
10280,21,78.89,6,1656.69,2004-08-17,Shipped,3,8,2004,Vintage Cars,97,S24_4258,Amica Models & Co.,011-4988555,Via Monte Bianco 34,,Torino,N/A,10100,Italy,EMEA,Accorti,Paolo,Small
10290,45,97.0,1,4365.0,2004-09-07,Shipped,3,9,2004,Vintage Cars,97,S24_4258,Auto-Moto Classics Inc.,6175558428,16780 Pompton St.,,Brickhaven,MA,58339,USA,,Taylor,Leslie,Medium
10304,33,97.0,10,3201.0,2004-10-11,Shipped,4,10,2004,Vintage Cars,97,S24_4258,Auto Assoc. & Cie.,30.59.8555,"67, avenue de l'Europe",,Versailles,N/A,78000,France,EMEA,Tonini,Daniel,Medium
10312,44,97.0,7,4268.0,2004-10-21,Shipped,4,10,2004,Vintage Cars,97,S24_4258,Mini Gifts Distributors Ltd.,4155551450,5677 Strong St.,,San Rafael,CA,97562,USA,,Nelson,Valarie,Medium
10324,33,97.0,3,3201.0,2004-11-05,Shipped,4,11,2004,Vintage Cars,97,S24_4258,Vitachrome Inc.,2125551500,2678 Kingston Rd.,Suite 101,NYC,NY,10022,USA,,Frick,Michael,Medium
10333,39,97.0,1,3783.0,2004-11-18,Shipped,4,11,2004,Vintage Cars,97,S24_4258,Mini Wheels Co.,6505555787,5557 North Pendale Street,,San Francisco,CA,UNKNOWN,USA,,Murphy,Julie,Medium
10348,39,50.31,2,1962.09,2004-11-01,Shipped,4,11,2004,Vintage Cars,97,S24_4258,"Corrida Auto Replicas, Ltd",(91) 555 22 82,"C/ Araquil, 67",,Madrid,N/A,28023,Spain,EMEA,Sommer,Mart¡n,Small
10358,41,97.0,6,3977.0,2004-12-10,Shipped,4,12,2004,Vintage Cars,97,S24_4258,Euro Shopping Channel,(91) 555 94 44,"C/ Moralzarzal, 86",,Madrid,N/A,28034,Spain,EMEA,Freyre,Diego,Medium
10369,40,86.92,3,3476.8,2005-01-20,Shipped,1,1,2005,Vintage Cars,97,S24_4258,Collectables For Less Inc.,6175558555,7825 Douglas Av.,,Brickhaven,MA,58339,USA,,Nelson,Allen,Medium
10382,33,97.0,4,3201.0,2005-02-17,Shipped,1,2,2005,Vintage Cars,97,S24_4258,Mini Gifts Distributors Ltd.,4155551450,5677 Strong St.,,San Rafael,CA,97562,USA,,Nelson,Valarie,Medium
10423,28,78.89,4,2208.92,2005-05-30,In Process,2,5,2005,Vintage Cars,97,S24_4258,Petit Auto,(02) 5554 67,Rue Joseph-Bens 532,,Bruxelles,N/A,B-1180,Belgium,EMEA,Dewey,Catherine,Small
10106,26,63.76,3,1657.76,2003-02-17,Shipped,1,2,2003,Planes,72,S24_4278,Rovelli Gifts,035-640555,Via Ludovico il Moro 22,,Bergamo,N/A,24100,Italy,EMEA,Rovelli,Giovanni,Small
10120,29,72.0,9,2088.0,2003-04-29,Shipped,2,4,2003,Planes,72,S24_4278,"Australian Collectors, Co.",03 9520 4555,636 St Kilda Road,Level 3,Melbourne,Victoria,3004,Australia,APAC,Ferguson,Peter,Small
10133,46,72.0,4,3312.0,2003-06-27,Shipped,2,6,2003,Planes,72,S24_4278,Euro Shopping Channel,(91) 555 94 44,"C/ Moralzarzal, 86",,Madrid,N/A,28034,Spain,EMEA,Freyre,Diego,Medium
10145,33,72.0,15,2376.0,2003-08-25,Shipped,3,8,2003,Planes,72,S24_4278,Toys4GrownUps.com,6265557265,78934 Hillside Dr.,,Pasadena,CA,90003,USA,,Young,Julie,Small
10168,48,72.0,10,3456.0,2003-10-28,Shipped,4,10,2003,Planes,72,S24_4278,Technics Stores Inc.,6505556809,9408 Furth Circle,,Burlingame,CA,94217,USA,,Hirano,Juri,Medium
10210,40,71.0,8,2840.0,2004-01-12,Shipped,1,1,2004,Planes,72,S24_4278,Osaka Souveniers Co.,+81 06 6342 5555,"Dojima Avanza 4F, 1-6-20 Dojima, Kita-ku",,Osaka,Osaka,530-0003,Japan,Japan,Kentary,Mory,Small
10223,23,72.0,10,1656.0,2004-02-20,Shipped,1,2,2004,Planes,72,S24_4278,"Australian Collectors, Co.",03 9520 4555,636 St Kilda Road,Level 3,Melbourne,Victoria,3004,Australia,APAC,Ferguson,Peter,Small
10235,40,72.0,4,2880.0,2004-04-02,Shipped,2,4,2004,Planes,72,S24_4278,"Royal Canadian Collectables, Ltd.",(604) 555-4555,23 Tsawassen Blvd.,,Tsawassen,BC,T2F 8M4,Canada,,Lincoln,Elizabeth,Small
10250,37,72.0,5,2664.0,2004-05-11,Shipped,2,5,2004,Planes,72,S24_4278,The Sharp Gifts Warehouse,4085553659,3086 Ingle Ln.,,San Jose,CA,94217,USA,,Frick,Sue,Small
10263,24,72.0,11,1728.0,2004-06-28,Shipped,2,6,2004,Planes,72,S24_4278,Gift Depot Inc.,2035552570,25593 South Bay Ln.,,Bridgewater,CT,97562,USA,,King,Julie,Small
10275,27,62.31,10,1682.37,2004-07-23,Shipped,3,7,2004,Planes,72,S24_4278,La Rochelle Gifts,40.67.8555,"67, rue des Cinquante Otages",,Nantes,N/A,44000,France,EMEA,Labrune,Janine,Small
10284,21,71.0,2,1491.0,2004-08-21,Shipped,3,8,2004,Planes,72,S24_4278,"Norway Gifts By Mail, Co.",+47 2212 1555,"Drammensveien 126 A, PB 744 Sentrum",,Oslo,N/A,N 0106,Norway,EMEA,Klaeboe,Jan,Small
10297,23,72.0,5,1656.0,2004-09-16,Shipped,3,9,2004,Planes,72,S24_4278,"Clover Collections, Co.",+353 1862 1555,25 Maiden Lane,Floor No. 4,Dublin,N/A,2,Ireland,EMEA,Cassidy,Dean,Small
10308,44,72.0,8,3168.0,2004-10-15,Shipped,4,10,2004,Planes,72,S24_4278,Mini Classics,9145554562,3758 North Pendale Street,,White Plains,NY,24067,USA,,Frick,Steve,Medium
10317,35,72.0,1,2520.0,2004-11-02,Shipped,4,11,2004,Planes,72,S24_4278,Technics Stores Inc.,6505556809,9408 Furth Circle,,Burlingame,CA,94217,USA,,Hirano,Juri,Small
10328,43,60.86,4,2616.98,2004-11-12,Shipped,4,11,2004,Planes,72,S24_4278,Rovelli Gifts,035-640555,Via Ludovico il Moro 22,,Bergamo,N/A,24100,Italy,EMEA,Rovelli,Giovanni,Small
10340,40,72.0,1,2880.0,2004-11-24,Shipped,4,11,2004,Planes,72,S24_4278,Enaco Distributors,(93) 203 4555,"Rambla de Catalu¤a, 23",,Barcelona,N/A,8022,Spain,EMEA,Saavedra,Eduardo,Small
10353,35,72.0,3,2520.0,2004-12-04,Shipped,4,12,2004,Planes,72,S24_4278,Gift Ideas Corp.,2035554407,2440 Pompton St.,,Glendale,CT,97561,USA,,Lewis,Dan,Small
10361,25,62.46,1,1561.5,2004-12-17,Shipped,4,12,2004,Planes,72,S24_4278,Souveniers And Things Co.,+61 2 9495 8555,"Monitor Money Building, 815 Pacific Hwy",Level 6,Chatswood,NSW,2067,Australia,APAC,Huxley,Adrian,Small
10375,43,72.0,2,3096.0,2005-02-03,Shipped,1,2,2005,Planes,72,S24_4278,La Rochelle Gifts,40.67.8555,"67, rue des Cinquante Otages",,Nantes,N/A,44000,France,EMEA,Labrune,Janine,Medium
10386,50,63.34,8,3167.0,2005-03-01,Resolved,1,3,2005,Planes,72,S24_4278,Euro Shopping Channel,(91) 555 94 44,"C/ Moralzarzal, 86",,Madrid,N/A,28034,Spain,EMEA,Freyre,Diego,Medium
10398,45,72.0,14,3240.0,2005-03-30,Shipped,1,3,2005,Planes,72,S24_4278,Reims Collectables,26.47.1555,59 rue de l'Abbaye,,Reims,N/A,51100,France,EMEA,Henriot,Paul,Medium
10401,52,72.0,4,3744.0,2005-04-03,On Hold,2,4,2005,Planes,72,S24_4278,Tekni Collectables Inc.,2015559350,7476 Moss Rd.,,Newark,NJ,94019,USA,,Brown,William,Medium
10416,48,72.0,5,3456.0,2005-05-10,Shipped,2,5,2005,Planes,72,S24_4278,L'ordine Souveniers,0522-556555,Strada Provinciale 124,,Reggio Emilia,N/A,42100,Italy,EMEA,Moroni,Maurizio,Medium
10108,31,68.71,10,2130.01,2003-03-03,Shipped,1,3,2003,Classic Cars,80,S24_4620,Cruz & Sons Co.,+63 2 555 3587,15 McCallum Street - NatWest Center #13-03,,Makati City,N/A,1227 MM,Philippines,Japan,Cruz,Arnold,Small
10122,29,71.14,14,2063.06,2003-05-08,Shipped,2,5,2003,Classic Cars,80,S24_4620,Marseille Mini Autos,91.24.4555,"12, rue des Bouchers",,Marseille,N/A,13008,France,EMEA,Lebihan,Laurence,Small
10135,23,80.0,11,1840.0,2003-07-02,Shipped,3,7,2003,Classic Cars,80,S24_4620,Mini Gifts Distributors Ltd.,4155551450,5677 Strong St.,,San Rafael,CA,97562,USA,,Nelson,Valarie,Small
10147,31,64.67,11,2004.77,2003-09-05,Shipped,3,9,2003,Classic Cars,80,S24_4620,Collectables For Less Inc.,6175558555,7825 Douglas Av.,,Brickhaven,MA,58339,USA,,Nelson,Allen,Small
10159,23,67.1,6,1543.3,2003-10-10,Shipped,4,10,2003,Classic Cars,80,S24_4620,Corporate Gift Ideas Co.,6505551386,7734 Strong St.,,San Francisco,CA,UNKNOWN,USA,,Brown,Julie,Small
10169,24,80.0,6,1920.0,2003-11-04,Shipped,4,11,2003,Classic Cars,80,S24_4620,"Anna's Decorations, Ltd",02 9936 8555,201 Miller Street,Level 15,North Sydney,NSW,2060,Australia,APAC,O'Hara,Anna,Small
10180,28,71.14,1,1991.92,2003-11-11,Shipped,4,11,2003,Classic Cars,80,S24_4620,Daedalus Designs Imports,20.16.1555,"184, chausse de Tournai",,Lille,N/A,59000,France,EMEA,Rance,Martine,Small
10191,44,66.29,7,2916.76,2003-11-20,Shipped,4,11,2003,Classic Cars,80,S24_4620,"Toms Spezialitten, Ltd",0221-5554327,Mehrheimerstr. 369,,Koln,N/A,50739,Germany,EMEA,Pfalzheim,Henriette,Small
10211,22,80.0,6,1760.0,2004-01-15,Shipped,1,1,2004,Classic Cars,80,S24_4620,Auto Canal Petit,(1) 47.55.6555,"25, rue Lauriston",,Paris,N/A,75016,France,EMEA,Perrier,Dominique,Small
10225,46,70.33,13,3235.18,2004-02-22,Shipped,1,2,2004,Classic Cars,80,S24_4620,"Vida Sport, Ltd",0897-034555,Grenzacherweg 237,,Gensve,N/A,1203,Switzerland,EMEA,Holz,Michael,Medium
10238,22,80.0,7,1760.0,2004-04-09,Shipped,2,4,2004,Classic Cars,80,S24_4620,Danish Wholesale Imports,31 12 3555,Vinb'ltet 34,,Kobenhavn,N/A,1734,Denmark,EMEA,Petersen,Jytte,Small
10252,38,80.0,3,3040.0,2004-05-26,Shipped,2,5,2004,Classic Cars,80,S24_4620,Auto Canal Petit,(1) 47.55.6555,"25, rue Lauriston",,Paris,N/A,75016,France,EMEA,Perrier,Dominique,Medium
10264,47,80.0,1,3760.0,2004-06-30,Shipped,2,6,2004,Classic Cars,80,S24_4620,Gifts4AllAges.com,6175559555,8616 Spinnaker Dr.,,Boston,MA,51003,USA,,Yoshido,Juri,Medium
10276,48,75.18,7,3608.64,2004-08-02,Shipped,3,8,2004,Classic Cars,80,S24_4620,Online Mini Collectables,6175557555,7635 Spinnaker Dr.,,Brickhaven,MA,58339,USA,,Barajas,Miguel,Medium
10287,40,80.0,16,3200.0,2004-08-30,Shipped,3,8,2004,Classic Cars,80,S24_4620,"Vida Sport, Ltd",0897-034555,Grenzacherweg 237,,Gensve,N/A,1203,Switzerland,EMEA,Holz,Michael,Medium
10299,32,80.0,1,2560.0,2004-09-30,Shipped,3,9,2004,Classic Cars,80,S24_4620,"Toys of Finland, Co.",90-224 8555,Keskuskatu 45,,Helsinki,N/A,21240,Finland,EMEA,Karttunen,Matti,Small
10310,49,80.0,14,3920.0,2004-10-16,Shipped,4,10,2004,Classic Cars,80,S24_4620,"Toms Spezialitten, Ltd",0221-5554327,Mehrheimerstr. 369,,Koln,N/A,50739,Germany,EMEA,Pfalzheim,Henriette,Medium
10319,43,80.0,2,3440.0,2004-11-03,Shipped,4,11,2004,Classic Cars,80,S24_4620,Microscale Inc.,2125551957,5290 North Pendale Street,Suite 200,NYC,NY,10022,USA,,Kuo,Kee,Medium
10331,41,80.0,2,3280.0,2004-11-17,Shipped,4,11,2004,Classic Cars,80,S24_4620,Motor Mint Distributors Inc.,2155559857,11328 Douglas Av.,,Philadelphia,PA,71270,USA,,Hernandez,Rosa,Medium
10343,30,80.0,1,2400.0,2004-11-24,Shipped,4,11,2004,Classic Cars,80,S24_4620,Reims Collectables,26.47.1555,59 rue de l'Abbaye,,Reims,N/A,51100,France,EMEA,Henriot,Paul,Small
10355,28,80.0,9,2240.0,2004-12-07,Shipped,4,12,2004,Classic Cars,80,S24_4620,Euro Shopping Channel,(91) 555 94 44,"C/ Moralzarzal, 86",,Madrid,N/A,28034,Spain,EMEA,Freyre,Diego,Small
10363,43,80.0,9,3440.0,2005-01-06,Shipped,1,1,2005,Classic Cars,80,S24_4620,Suominen Souveniers,+358 9 8045 555,"Software Engineering Center, SEC Oy",,Espoo,N/A,FIN-02271,Finland,EMEA,Suominen,Kalle,Medium
10378,41,80.0,2,3280.0,2005-02-10,Shipped,1,2,2005,Classic Cars,80,S24_4620,Euro Shopping Channel,(91) 555 94 44,"C/ Moralzarzal, 86",,Madrid,N/A,28034,Spain,EMEA,Freyre,Diego,Medium
10390,30,80.0,10,2400.0,2005-03-04,Shipped,1,3,2005,Classic Cars,80,S24_4620,Mini Gifts Distributors Ltd.,4155551450,5677 Strong St.,,San Rafael,CA,97562,USA,,Nelson,Valarie,Small
10103,31,96.0,3,2976.0,2003-01-29,Shipped,1,1,2003,Trucks and Buses,96,S32_1268,Baane Mini Imports,07-98 9555,Erling Skakkes gate 78,,Stavern,N/A,4110,Norway,EMEA,Bergulfsen,Jonas,Small
10114,32,96.0,7,3072.0,2003-04-01,Shipped,2,4,2003,Trucks and Buses,96,S32_1268,"La Corne D'abondance, Co.",(1) 42.34.2555,"265, boulevard Charonne",,Paris,N/A,75012,France,EMEA,Bertrand,Marie,Medium
10126,43,96.0,3,4128.0,2003-05-28,Shipped,2,5,2003,Trucks and Buses,96,S32_1268,"Corrida Auto Replicas, Ltd",(91) 555 22 82,"C/ Araquil, 67",,Madrid,N/A,28023,Spain,EMEA,Sommer,Mart¡n,Medium
10140,26,96.0,3,2496.0,2003-07-24,Shipped,3,7,2003,Trucks and Buses,96,S32_1268,Technics Stores Inc.,6505556809,9408 Furth Circle,,Burlingame,CA,94217,USA,,Hirano,Juri,Small
10151,27,96.0,10,2592.0,2003-09-21,Shipped,3,9,2003,Trucks and Buses,96,S32_1268,"Oulu Toy Supplies, Inc.",981-443655,Torikatu 38,,Oulu,N/A,90110,Finland,EMEA,Koskitalo,Pirkko,Small
10164,24,96.0,1,2304.0,2003-10-21,Resolved,4,10,2003,Trucks and Buses,96,S32_1268,Mini Auto Werke,7675-3555,Kirchgasse 6,,Graz,N/A,8010,Austria,EMEA,Mendel,Roland,Small
10175,22,96.0,8,2112.0,2003-11-06,Shipped,4,11,2003,Trucks and Buses,96,S32_1268,"Stylish Desk Decors, Co.",(171) 555-0297,35 King George,,London,N/A,WX3 6FW,UK,EMEA,Brown,Ann,Small
10184,46,96.0,13,4416.0,2003-11-14,Shipped,4,11,2003,Trucks and Buses,96,S32_1268,"Iberia Gift Imports, Corp.",(95) 555 82 82,"C/ Romero, 33",,Sevilla,N/A,41101,Spain,EMEA,Roel,Jose Pedro,Medium
10194,37,96.0,3,3552.0,2003-11-25,Shipped,4,11,2003,Trucks and Buses,96,S32_1268,"Saveley & Henriot, Co.",78.32.5555,"2, rue du Commerce",,Lyon,N/A,69004,France,EMEA,Saveley,Mary,Medium
10207,49,80.9,14,3964.1,2003-12-09,Shipped,4,12,2003,Trucks and Buses,96,S32_1268,Diecast Collectables,6175552555,6251 Ingle Ln.,,Boston,MA,51003,USA,,Franco,Valarie,Medium
10217,21,96.0,3,2016.0,2004-02-04,Shipped,1,2,2004,Trucks and Buses,96,S32_1268,Handji Gifts& Co,+65 224 1555,Village Close - 106 Linden Road Sandown,2nd Floor,Singapore,N/A,69045,Singapore,Japan,Victorino,Wendy,Small
10229,25,96.0,8,2400.0,2004-03-11,Shipped,1,3,2004,Trucks and Buses,96,S32_1268,Mini Gifts Distributors Ltd.,4155551450,5677 Strong St.,,San Rafael,CA,97562,USA,,Nelson,Valarie,Small
10245,37,96.0,1,3552.0,2004-05-04,Shipped,2,5,2004,Trucks and Buses,96,S32_1268,Super Scale Inc.,2035559545,567 North Pendale Street,,New Haven,CT,97823,USA,,Murphy,Leslie,Medium
10259,45,86.68,11,3900.6,2004-06-15,Shipped,2,6,2004,Trucks and Buses,96,S32_1268,Handji Gifts& Co,+65 224 1555,Village Close - 106 Linden Road Sandown,2nd Floor,Singapore,N/A,69045,Singapore,Japan,Victorino,Wendy,Medium
10270,32,85.72,1,2743.04,2004-07-19,Shipped,3,7,2004,Trucks and Buses,96,S32_1268,Souveniers And Things Co.,+61 2 9495 8555,"Monitor Money Building, 815 Pacific Hwy",Level 6,Chatswood,NSW,2067,Australia,APAC,Huxley,Adrian,Small
10281,29,82.83,8,2402.07,2004-08-19,Shipped,3,8,2004,Trucks and Buses,96,S32_1268,Diecast Classics Inc.,2155551555,7586 Pompton St.,,Allentown,PA,70267,USA,,Yu,Kyung,Small
10291,26,83.79,3,2178.54,2004-09-08,Shipped,3,9,2004,Trucks and Buses,96,S32_1268,Scandinavian Gift Ideas,0695-34 6555,?kergatan 24,,Boras,N/A,S-844 67,Sweden,EMEA,Larsson,Maria,Small
10305,28,96.0,12,2688.0,2004-10-13,Shipped,4,10,2004,Trucks and Buses,96,S32_1268,Marta's Replicas Co.,6175558555,39323 Spinnaker Dr.,,Cambridge,MA,51247,USA,,Hernandez,Marta,Small
10313,27,87.64,6,2366.28,2004-10-22,Shipped,4,10,2004,Trucks and Buses,96,S32_1268,Canadian Gift Exchange Network,(604) 555-3392,1900 Oak St.,,Vancouver,BC,V3F 2K1,Canada,,Tannamuri,Yoshi,Small
10324,20,96.0,11,1920.0,2004-11-05,Shipped,4,11,2004,Trucks and Buses,96,S32_1268,Vitachrome Inc.,2125551500,2678 Kingston Rd.,Suite 101,NYC,NY,10022,USA,,Frick,Michael,Small
10335,44,96.0,1,4224.0,2004-11-19,Shipped,4,11,2004,Trucks and Buses,96,S32_1268,Mini Gifts Distributors Ltd.,4155551450,5677 Strong St.,,San Rafael,CA,97562,USA,,Nelson,Valarie,Medium
10348,42,96.0,3,4032.0,2004-11-01,Shipped,4,11,2004,Trucks and Buses,96,S32_1268,"Corrida Auto Replicas, Ltd",(91) 555 22 82,"C/ Araquil, 67",,Madrid,N/A,28023,Spain,EMEA,Sommer,Mart¡n,Medium
10358,41,96.0,1,3936.0,2004-12-10,Shipped,4,12,2004,Trucks and Buses,96,S32_1268,Euro Shopping Channel,(91) 555 94 44,"C/ Moralzarzal, 86",,Madrid,N/A,28034,Spain,EMEA,Freyre,Diego,Medium
10371,26,96.0,1,2496.0,2005-01-23,Shipped,1,1,2005,Trucks and Buses,96,S32_1268,Mini Gifts Distributors Ltd.,4155551450,5677 Strong St.,,San Rafael,CA,97562,USA,,Nelson,Valarie,Small
10382,26,96.0,6,2496.0,2005-02-17,Shipped,1,2,2005,Trucks and Buses,96,S32_1268,Mini Gifts Distributors Ltd.,4155551450,5677 Strong St.,,San Rafael,CA,97562,USA,,Nelson,Valarie,Small
10411,26,96.0,1,2496.0,2005-05-01,Shipped,2,5,2005,Trucks and Buses,96,S32_1268,Quebec Home Shopping Network,(514) 555-8054,43 rue St. Laurent,,Montreal,Quebec,H1J 1C3,Canada,,Fresnisre,Jean,Small
10425,41,86.68,11,3553.88,2005-05-31,In Process,2,5,2005,Trucks and Buses,96,S32_1268,La Rochelle Gifts,40.67.8555,"67, rue des Cinquante Otages",,Nantes,N/A,44000,France,EMEA,Labrune,Janine,Medium
10107,20,92.9,8,1858.0,2003-02-24,Shipped,1,2,2003,Motorcycles,99,S32_1374,Land of Toys Inc.,2125557818,897 Long Airport Avenue,,NYC,NY,10022,USA,,Yu,Kwai,Small
10120,22,99.0,6,2178.0,2003-04-29,Shipped,2,4,2003,Motorcycles,99,S32_1374,"Australian Collectors, Co.",03 9520 4555,636 St Kilda Road,Level 3,Melbourne,Victoria,3004,Australia,APAC,Ferguson,Peter,Small
10133,23,99.0,1,2277.0,2003-06-27,Shipped,2,6,2003,Motorcycles,99,S32_1374,Euro Shopping Channel,(91) 555 94 44,"C/ Moralzarzal, 86",,Madrid,N/A,28034,Spain,EMEA,Freyre,Diego,Small
10145,33,93.9,12,3098.7,2003-08-25,Shipped,3,8,2003,Motorcycles,99,S32_1374,Toys4GrownUps.com,6265557265,78934 Hillside Dr.,,Pasadena,CA,90003,USA,,Young,Julie,Medium
10168,28,99.0,7,2772.0,2003-10-28,Shipped,4,10,2003,Motorcycles,99,S32_1374,Technics Stores Inc.,6505556809,9408 Furth Circle,,Burlingame,CA,94217,USA,,Hirano,Juri,Small
10188,44,98.89,7,4351.16,2003-11-18,Shipped,4,11,2003,Motorcycles,99,S32_1374,Herkku Gifts,+47 2267 3215,"Drammen 121, PR 744 Sentrum",,Bergen,N/A,N 5804,Norway,EMEA,Oeztan,Veysel,Medium
10210,46,79.91,5,3675.86,2004-01-12,Shipped,1,1,2004,Motorcycles,99,S32_1374,Osaka Souveniers Co.,+81 06 6342 5555,"Dojima Avanza 4F, 1-6-20 Dojima, Kita-ku",,Osaka,Osaka,530-0003,Japan,Japan,Kentary,Mory,Medium
10223,21,99.0,7,2079.0,2004-02-20,Shipped,1,2,2004,Motorcycles,99,S32_1374,"Australian Collectors, Co.",03 9520 4555,636 St Kilda Road,Level 3,Melbourne,Victoria,3004,Australia,APAC,Ferguson,Peter,Small
10235,41,99.0,1,4059.0,2004-04-02,Shipped,2,4,2004,Motorcycles,99,S32_1374,"Royal Canadian Collectables, Ltd.",(604) 555-4555,23 Tsawassen Blvd.,,Tsawassen,BC,T2F 8M4,Canada,,Lincoln,Elizabeth,Medium
10250,31,99.0,2,3069.0,2004-05-11,Shipped,2,5,2004,Motorcycles,99,S32_1374,The Sharp Gifts Warehouse,4085553659,3086 Ingle Ln.,,San Jose,CA,94217,USA,,Frick,Sue,Medium
10263,31,79.91,8,2477.21,2004-06-28,Shipped,2,6,2004,Motorcycles,99,S32_1374,Gift Depot Inc.,2035552570,25593 South Bay Ln.,,Bridgewater,CT,97562,USA,,King,Julie,Small
10275,23,81.91,7,1883.93,2004-07-23,Shipped,3,7,2004,Motorcycles,99,S32_1374,La Rochelle Gifts,40.67.8555,"67, rue des Cinquante Otages",,Nantes,N/A,44000,France,EMEA,Labrune,Janine,Small
10285,37,98.89,12,3658.93,2004-08-27,Shipped,3,8,2004,Motorcycles,99,S32_1374,Marta's Replicas Co.,6175558555,39323 Spinnaker Dr.,,Cambridge,MA,51247,USA,,Hernandez,Marta,Medium
10297,26,99.0,2,2574.0,2004-09-16,Shipped,3,9,2004,Motorcycles,99,S32_1374,"Clover Collections, Co.",+353 1862 1555,25 Maiden Lane,Floor No. 4,Dublin,N/A,2,Ireland,EMEA,Cassidy,Dean,Small
10308,24,79.91,5,1917.84,2004-10-15,Shipped,4,10,2004,Motorcycles,99,S32_1374,Mini Classics,9145554562,3758 North Pendale Street,,White Plains,NY,24067,USA,,Frick,Steve,Small
10318,47,99.0,7,4653.0,2004-11-02,Shipped,4,11,2004,Motorcycles,99,S32_1374,Diecast Classics Inc.,2155551555,7586 Pompton St.,,Allentown,PA,70267,USA,,Yu,Kyung,Medium
10329,45,63.91,11,2875.95,2004-11-15,Shipped,4,11,2004,Motorcycles,99,S32_1374,Land of Toys Inc.,2125557818,897 Long Airport Avenue,,NYC,NY,10022,USA,,Yu,Kwai,Small
10340,55,99.0,2,5445.0,2004-11-24,Shipped,4,11,2004,Motorcycles,99,S32_1374,Enaco Distributors,(93) 203 4555,"Rambla de Catalu¤a, 23",,Barcelona,N/A,8022,Spain,EMEA,Saavedra,Eduardo,Medium
10353,46,81.17,5,3733.82,2004-12-04,Shipped,4,12,2004,Motorcycles,99,S32_1374,Gift Ideas Corp.,2035554407,2440 Pompton St.,,Glendale,CT,97561,USA,,Lewis,Dan,Medium
10363,50,99.0,2,4950.0,2005-01-06,Shipped,1,1,2005,Motorcycles,99,S32_1374,Suominen Souveniers,+358 9 8045 555,"Software Engineering Center, SEC Oy",,Espoo,N/A,FIN-02271,Finland,EMEA,Suominen,Kalle,Medium
10375,37,99.0,3,3663.0,2005-02-03,Shipped,1,2,2005,Motorcycles,99,S32_1374,La Rochelle Gifts,40.67.8555,"67, rue des Cinquante Otages",,Nantes,N/A,44000,France,EMEA,Labrune,Janine,Medium
10387,44,94.9,1,4175.6,2005-03-02,Shipped,1,3,2005,Motorcycles,99,S32_1374,"Dragon Souveniers, Ltd.",+65 221 7555,"Bronz Sok., Bronz Apt. 3/6 Tesvikiye",,Singapore,N/A,79903,Singapore,Japan,Natividad,Eric,Medium
10401,49,99.0,1,4851.0,2005-04-03,On Hold,2,4,2005,Motorcycles,99,S32_1374,Tekni Collectables Inc.,2015559350,7476 Moss Rd.,,Newark,NJ,94019,USA,,Brown,William,Medium
10416,45,99.0,2,4455.0,2005-05-10,Shipped,2,5,2005,Motorcycles,99,S32_1374,L'ordine Souveniers,0522-556555,Strada Provinciale 124,,Reggio Emilia,N/A,42100,Italy,EMEA,Moroni,Maurizio,Medium
10108,27,40.0,13,1080.0,2003-03-03,Shipped,1,3,2003,Motorcycles,40,S32_2206,Cruz & Sons Co.,+63 2 555 3587,15 McCallum Street - NatWest Center #13-03,,Makati City,N/A,1227 MM,Philippines,Japan,Cruz,Arnold,Small
10122,31,40.0,17,1240.0,2003-05-08,Shipped,2,5,2003,Motorcycles,40,S32_2206,Marseille Mini Autos,91.24.4555,"12, rue des Bouchers",,Marseille,N/A,13008,France,EMEA,Lebihan,Laurence,Small
10135,33,40.0,14,1320.0,2003-07-02,Shipped,3,7,2003,Motorcycles,40,S32_2206,Mini Gifts Distributors Ltd.,4155551450,5677 Strong St.,,San Rafael,CA,97562,USA,,Nelson,Valarie,Small
10145,31,35.8,1,1109.8,2003-08-25,Shipped,3,8,2003,Motorcycles,40,S32_2206,Toys4GrownUps.com,6265557265,78934 Hillside Dr.,,Pasadena,CA,90003,USA,,Young,Julie,Small
10159,35,35.4,9,1239.0,2003-10-10,Shipped,4,10,2003,Motorcycles,40,S32_2206,Corporate Gift Ideas Co.,6505551386,7734 Strong St.,,San Francisco,CA,UNKNOWN,USA,,Brown,Julie,Small
10169,26,39.83,9,1035.58,2003-11-04,Shipped,4,11,2003,Motorcycles,40,S32_2206,"Anna's Decorations, Ltd",02 9936 8555,201 Miller Street,Level 15,North Sydney,NSW,2060,Australia,APAC,O'Hara,Anna,Small
10180,34,40.0,4,1360.0,2003-11-11,Shipped,4,11,2003,Motorcycles,40,S32_2206,Daedalus Designs Imports,20.16.1555,"184, chausse de Tournai",,Lille,N/A,59000,France,EMEA,Rance,Martine,Small
10190,46,32.99,1,1517.54,2003-11-19,Shipped,4,11,2003,Motorcycles,40,S32_2206,Euro Shopping Channel,(91) 555 94 44,"C/ Moralzarzal, 86",,Madrid,N/A,28034,Spain,EMEA,Freyre,Diego,Small
10211,41,40.0,9,1640.0,2004-01-15,Shipped,1,1,2004,Motorcycles,40,S32_2206,Auto Canal Petit,(1) 47.55.6555,"25, rue Lauriston",,Paris,N/A,75016,France,EMEA,Perrier,Dominique,Small
10224,43,39.43,2,1695.49,2004-02-21,Shipped,1,2,2004,Motorcycles,40,S32_2206,Daedalus Designs Imports,20.16.1555,"184, chausse de Tournai",,Lille,N/A,59000,France,EMEA,Rance,Martine,Small
10237,26,40.0,2,1040.0,2004-04-05,Shipped,2,4,2004,Motorcycles,40,S32_2206,Vitachrome Inc.,2125551500,2678 Kingston Rd.,Suite 101,NYC,NY,10022,USA,,Frick,Michael,Small
10252,36,40.0,6,1440.0,2004-05-26,Shipped,2,5,2004,Motorcycles,40,S32_2206,Auto Canal Petit,(1) 47.55.6555,"25, rue Lauriston",,Paris,N/A,75016,France,EMEA,Perrier,Dominique,Small
10264,20,32.59,4,651.8,2004-06-30,Shipped,2,6,2004,Motorcycles,40,S32_2206,Gifts4AllAges.com,6175559555,8616 Spinnaker Dr.,,Boston,MA,51003,USA,,Yoshido,Juri,Small
10276,27,36.61,10,988.47,2004-08-02,Shipped,3,8,2004,Motorcycles,40,S32_2206,Online Mini Collectables,6175557555,7635 Spinnaker Dr.,,Brickhaven,MA,58339,USA,,Barajas,Miguel,Small
10285,37,40.0,1,1480.0,2004-08-27,Shipped,3,8,2004,Motorcycles,40,S32_2206,Marta's Replicas Co.,6175558555,39323 Spinnaker Dr.,,Cambridge,MA,51247,USA,,Hernandez,Marta,Small
10299,24,40.0,4,960.0,2004-09-30,Shipped,3,9,2004,Motorcycles,40,S32_2206,"Toys of Finland, Co.",90-224 8555,Keskuskatu 45,,Helsinki,N/A,21240,Finland,EMEA,Karttunen,Matti,Small
10310,36,40.0,17,1440.0,2004-10-16,Shipped,4,10,2004,Motorcycles,40,S32_2206,"Toms Spezialitten, Ltd",0221-5554327,Mehrheimerstr. 369,,Koln,N/A,50739,Germany,EMEA,Pfalzheim,Henriette,Small
10319,29,38.22,5,1108.38,2004-11-03,Shipped,4,11,2004,Motorcycles,40,S32_2206,Microscale Inc.,2125551957,5290 North Pendale Street,Suite 200,NYC,NY,10022,USA,,Kuo,Kee,Small
10331,28,40.0,3,1120.0,2004-11-17,Shipped,4,11,2004,Motorcycles,40,S32_2206,Motor Mint Distributors Inc.,2155559857,11328 Douglas Av.,,Philadelphia,PA,71270,USA,,Hernandez,Rosa,Small
10343,29,40.0,5,1160.0,2004-11-24,Shipped,4,11,2004,Motorcycles,40,S32_2206,Reims Collectables,26.47.1555,59 rue de l'Abbaye,,Reims,N/A,51100,France,EMEA,Henriot,Paul,Small
10355,38,39.83,10,1513.54,2004-12-07,Shipped,4,12,2004,Motorcycles,40,S32_2206,Euro Shopping Channel,(91) 555 94 44,"C/ Moralzarzal, 86",,Madrid,N/A,28034,Spain,EMEA,Freyre,Diego,Small
10364,48,40.0,1,1920.0,2005-01-06,Shipped,1,1,2005,Motorcycles,40,S32_2206,Marseille Mini Autos,91.24.4555,"12, rue des Bouchers",,Marseille,N/A,13008,France,EMEA,Lebihan,Laurence,Small
10378,40,40.0,1,1600.0,2005-02-10,Shipped,1,2,2005,Motorcycles,40,S32_2206,Euro Shopping Channel,(91) 555 94 44,"C/ Moralzarzal, 86",,Madrid,N/A,28034,Spain,EMEA,Freyre,Diego,Small
10390,41,40.0,11,1640.0,2005-03-04,Shipped,1,3,2005,Motorcycles,40,S32_2206,Mini Gifts Distributors Ltd.,4155551450,5677 Strong St.,,San Rafael,CA,97562,USA,,Nelson,Valarie,Small
10403,30,40.0,2,1200.0,2005-04-08,Shipped,2,4,2005,Motorcycles,40,S32_2206,"UK Collectables, Ltd.",(171) 555-2282,Berkeley Gardens 12  Brewery,,Liverpool,N/A,WX1 6LT,UK,EMEA,Devon,Elizabeth,Small
10104,35,47.62,11,1666.7,2003-01-31,Shipped,1,1,2003,Trucks and Buses,54,S32_2509,Euro Shopping Channel,(91) 555 94 44,"C/ Moralzarzal, 86",,Madrid,N/A,28034,Spain,EMEA,Freyre,Diego,Small
10114,28,54.0,2,1512.0,2003-04-01,Shipped,2,4,2003,Trucks and Buses,54,S32_2509,"La Corne D'abondance, Co.",(1) 42.34.2555,"265, boulevard Charonne",,Paris,N/A,75012,France,EMEA,Bertrand,Marie,Small
10127,45,51.95,13,2337.75,2003-06-03,Shipped,2,6,2003,Trucks and Buses,54,S32_2509,Muscle Machine Inc,2125557413,4092 Furth Circle,Suite 400,NYC,NY,10022,USA,,Young,Jeff,Small
10141,24,45.99,7,1103.76,2003-08-01,Shipped,3,8,2003,Trucks and Buses,54,S32_2509,Suominen Souveniers,+358 9 8045 555,"Software Engineering Center, SEC Oy",,Espoo,N/A,FIN-02271,Finland,EMEA,Suominen,Kalle,Small
10151,41,54.0,5,2214.0,2003-09-21,Shipped,3,9,2003,Trucks and Buses,54,S32_2509,"Oulu Toy Supplies, Inc.",981-443655,Torikatu 38,,Oulu,N/A,90110,Finland,EMEA,Koskitalo,Pirkko,Small
10165,48,45.99,14,2207.52,2003-10-22,Shipped,4,10,2003,Trucks and Buses,54,S32_2509,"Dragon Souveniers, Ltd.",+65 221 7555,"Bronz Sok., Bronz Apt. 3/6 Tesvikiye",,Singapore,N/A,79903,Singapore,Japan,Natividad,Eric,Small
10175,50,54.0,3,2700.0,2003-11-06,Shipped,4,11,2003,Trucks and Buses,54,S32_2509,"Stylish Desk Decors, Co.",(171) 555-0297,35 King George,,London,N/A,WX3 6FW,UK,EMEA,Brown,Ann,Small
10184,33,54.0,8,1782.0,2003-11-14,Shipped,4,11,2003,Trucks and Buses,54,S32_2509,"Iberia Gift Imports, Corp.",(95) 555 82 82,"C/ Romero, 33",,Sevilla,N/A,41101,Spain,EMEA,Roel,Jose Pedro,Small
10195,32,43.29,8,1385.28,2003-11-25,Shipped,4,11,2003,Trucks and Buses,54,S32_2509,Mini Classics,9145554562,3758 North Pendale Street,,White Plains,NY,24067,USA,,Frick,Steve,Small
10207,27,54.0,9,1458.0,2003-12-09,Shipped,4,12,2003,Trucks and Buses,54,S32_2509,Diecast Collectables,6175552555,6251 Ingle Ln.,,Boston,MA,51003,USA,,Franco,Valarie,Small
10219,35,54.0,4,1890.0,2004-02-10,Shipped,1,2,2004,Trucks and Buses,54,S32_2509,Signal Collectibles Ltd.,4155554312,2793 Furth Circle,,Brisbane,CA,94217,USA,,Taylor,Sue,Small
10229,23,54.0,3,1242.0,2004-03-11,Shipped,1,3,2004,Trucks and Buses,54,S32_2509,Mini Gifts Distributors Ltd.,4155551450,5677 Strong St.,,San Rafael,CA,97562,USA,,Nelson,Valarie,Small
10246,35,48.7,7,1704.5,2004-05-05,Shipped,2,5,2004,Trucks and Buses,54,S32_2509,Euro Shopping Channel,(91) 555 94 44,"C/ Moralzarzal, 86",,Madrid,N/A,28034,Spain,EMEA,Freyre,Diego,Small
10259,40,43.83,6,1753.2,2004-06-15,Shipped,2,6,2004,Trucks and Buses,54,S32_2509,Handji Gifts& Co,+65 224 1555,Village Close - 106 Linden Road Sandown,2nd Floor,Singapore,N/A,69045,Singapore,Japan,Victorino,Wendy,Small
10271,35,47.62,7,1666.7,2004-07-20,Shipped,3,7,2004,Trucks and Buses,54,S32_2509,Mini Gifts Distributors Ltd.,4155551450,5677 Strong St.,,San Rafael,CA,97562,USA,,Nelson,Valarie,Small
10281,31,54.0,3,1674.0,2004-08-19,Shipped,3,8,2004,Trucks and Buses,54,S32_2509,Diecast Classics Inc.,2155551555,7586 Pompton St.,,Allentown,PA,70267,USA,,Yu,Kyung,Small
10292,50,46.53,10,2326.5,2004-09-08,Shipped,3,9,2004,Trucks and Buses,54,S32_2509,Land of Toys Inc.,2125557818,897 Long Airport Avenue,,NYC,NY,10022,USA,,Yu,Kwai,Small
10305,40,54.0,7,2160.0,2004-10-13,Shipped,4,10,2004,Trucks and Buses,54,S32_2509,Marta's Replicas Co.,6175558555,39323 Spinnaker Dr.,,Cambridge,MA,51247,USA,,Hernandez,Marta,Small
10313,38,45.45,1,1727.1,2004-10-22,Shipped,4,10,2004,Trucks and Buses,54,S32_2509,Canadian Gift Exchange Network,(604) 555-3392,1900 Oak St.,,Vancouver,BC,V3F 2K1,Canada,,Tannamuri,Yoshi,Small
10325,38,54.0,3,2052.0,2004-11-05,Shipped,4,11,2004,Trucks and Buses,54,S32_2509,Baane Mini Imports,07-98 9555,Erling Skakkes gate 78,,Stavern,N/A,4110,Norway,EMEA,Bergulfsen,Jonas,Small
10335,40,54.0,3,2160.0,2004-11-19,Shipped,4,11,2004,Trucks and Buses,54,S32_2509,Mini Gifts Distributors Ltd.,4155551450,5677 Strong St.,,San Rafael,CA,97562,USA,,Nelson,Valarie,Small
10349,33,46.53,1,1535.49,2004-12-01,Shipped,4,12,2004,Trucks and Buses,54,S32_2509,Muscle Machine Inc,2125557413,4092 Furth Circle,Suite 400,NYC,NY,10022,USA,,Young,Jeff,Small
10359,36,54.0,3,1944.0,2004-12-15,Shipped,4,12,2004,Trucks and Buses,54,S32_2509,Reims Collectables,26.47.1555,59 rue de l'Abbaye,,Reims,N/A,51100,France,EMEA,Henriot,Paul,Small
10371,20,54.0,2,1080.0,2005-01-23,Shipped,1,1,2005,Trucks and Buses,54,S32_2509,Mini Gifts Distributors Ltd.,4155551450,5677 Strong St.,,San Rafael,CA,97562,USA,,Nelson,Valarie,Small
10383,32,53.18,5,1701.76,2005-02-22,Shipped,1,2,2005,Trucks and Buses,54,S32_2509,Euro Shopping Channel,(91) 555 94 44,"C/ Moralzarzal, 86",,Madrid,N/A,28034,Spain,EMEA,Freyre,Diego,Small
10394,36,54.0,3,1944.0,2005-03-15,Shipped,1,3,2005,Trucks and Buses,54,S32_2509,Euro Shopping Channel,(91) 555 94 44,"C/ Moralzarzal, 86",,Madrid,N/A,28034,Spain,EMEA,Freyre,Diego,Small
10412,19,48.7,7,925.3,2005-05-03,Shipped,2,5,2005,Trucks and Buses,54,S32_2509,Euro Shopping Channel,(91) 555 94 44,"C/ Moralzarzal, 86",,Madrid,N/A,28034,Spain,EMEA,Freyre,Diego,Small
10425,11,43.83,6,482.13,2005-05-31,In Process,2,5,2005,Trucks and Buses,54,S32_2509,La Rochelle Gifts,40.67.8555,"67, rue des Cinquante Otages",,Nantes,N/A,44000,France,EMEA,Labrune,Janine,Small
10104,49,62.0,4,3038.0,2003-01-31,Shipped,1,1,2003,Trains,62,S32_3207,Euro Shopping Channel,(91) 555 94 44,"C/ Moralzarzal, 86",,Madrid,N/A,28034,Spain,EMEA,Freyre,Diego,Medium
10116,27,62.0,1,1674.0,2003-04-11,Shipped,2,4,2003,Trains,62,S32_3207,Royale Belge,(071) 23 67 2555,"Boulevard Tirou, 255",,Charleroi,N/A,B-6000,Belgium,EMEA,Cartrain,Pascale,Small
10127,29,62.0,6,1798.0,2003-06-03,Shipped,2,6,2003,Trains,62,S32_3207,Muscle Machine Inc,2125557413,4092 Furth Circle,Suite 400,NYC,NY,10022,USA,,Young,Jeff,Small
10142,42,62.0,16,2604.0,2003-08-08,Shipped,3,8,2003,Trains,62,S32_3207,Mini Gifts Distributors Ltd.,4155551450,5677 Strong St.,,San Rafael,CA,97562,USA,,Nelson,Valarie,Small
10152,33,50.95,2,1681.35,2003-09-25,Shipped,3,9,2003,Trains,62,S32_3207,"Australian Gift Network, Co",61-7-3844-6555,31 Duncan St. West End,,South Brisbane,Queensland,4101,Australia,APAC,Calaghan,Tony,Small
10165,44,53.44,7,2351.36,2003-10-22,Shipped,4,10,2003,Trains,62,S32_3207,"Dragon Souveniers, Ltd.",+65 221 7555,"Bronz Sok., Bronz Apt. 3/6 Tesvikiye",,Singapore,N/A,79903,Singapore,Japan,Natividad,Eric,Small
10176,22,62.0,6,1364.0,2003-11-06,Shipped,4,11,2003,Trains,62,S32_3207,L'ordine Souveniers,0522-556555,Strada Provinciale 124,,Reggio Emilia,N/A,42100,Italy,EMEA,Moroni,Maurizio,Small
10184,48,50.95,1,2445.6,2003-11-14,Shipped,4,11,2003,Trains,62,S32_3207,"Iberia Gift Imports, Corp.",(95) 555 82 82,"C/ Romero, 33",,Sevilla,N/A,41101,Spain,EMEA,Roel,Jose Pedro,Small
10195,33,54.68,1,1804.44,2003-11-25,Shipped,4,11,2003,Trains,62,S32_3207,Mini Classics,9145554562,3758 North Pendale Street,,White Plains,NY,24067,USA,,Frick,Steve,Small
10207,45,56.55,2,2544.75,2003-12-09,Shipped,4,12,2003,Trains,62,S32_3207,Diecast Collectables,6175552555,6251 Ingle Ln.,,Boston,MA,51003,USA,,Franco,Valarie,Small
10220,20,52.82,6,1056.4,2004-02-12,Shipped,1,2,2004,Trains,62,S32_3207,"Clover Collections, Co.",+353 1862 1555,25 Maiden Lane,Floor No. 4,Dublin,N/A,2,Ireland,EMEA,Cassidy,Dean,Small
10230,46,60.9,4,2801.4,2004-03-15,Shipped,1,3,2004,Trains,62,S32_3207,"Blauer See Auto, Co.",+49 69 66 90 2555,Lyonerstr. 34,,Frankfurt,N/A,60528,Germany,EMEA,Keitel,Roland,Small
10247,40,49.71,6,1988.4,2004-05-05,Shipped,2,5,2004,Trains,62,S32_3207,Suominen Souveniers,+358 9 8045 555,"Software Engineering Center, SEC Oy",,Espoo,N/A,FIN-02271,Finland,EMEA,Suominen,Kalle,Small
10272,45,62.0,6,2790.0,2004-07-20,Shipped,3,7,2004,Trains,62,S32_3207,Diecast Classics Inc.,2155551555,7586 Pompton St.,,Allentown,PA,70267,USA,,Yu,Kyung,Small
10282,36,59.65,9,2147.4,2004-08-20,Shipped,3,8,2004,Trains,62,S32_3207,Mini Gifts Distributors Ltd.,4155551450,5677 Strong St.,,San Rafael,CA,97562,USA,,Nelson,Valarie,Small
10292,31,62.0,3,1922.0,2004-09-08,Shipped,3,9,2004,Trains,62,S32_3207,Land of Toys Inc.,2125557818,897 Long Airport Avenue,,NYC,NY,10022,USA,,Yu,Kwai,Small
10306,46,50.33,17,2315.18,2004-10-14,Shipped,4,10,2004,Trains,62,S32_3207,"AV Stores, Co.",(171) 555-1555,Fauntleroy Circus,,Manchester,N/A,EC2 5NT,UK,EMEA,Ashworth,Victoria,Small
10314,35,62.0,9,2170.0,2004-10-22,Shipped,4,10,2004,Trains,62,S32_3207,Heintze Collectables,86 21 3555,Smagsloget 45,,Aaarhus,N/A,8200,Denmark,EMEA,Ibsen,Palle,Small
10325,28,62.0,2,1736.0,2004-11-05,Shipped,4,11,2004,Trains,62,S32_3207,Baane Mini Imports,07-98 9555,Erling Skakkes gate 78,,Stavern,N/A,4110,Norway,EMEA,Bergulfsen,Jonas,Small
10336,31,62.0,9,1922.0,2004-11-20,Shipped,4,11,2004,Trains,62,S32_3207,"La Corne D'abondance, Co.",(1) 42.34.2555,"265, boulevard Charonne",,Paris,N/A,75012,France,EMEA,Bertrand,Marie,Small
10350,27,62.0,14,1674.0,2004-12-02,Shipped,4,12,2004,Trains,62,S32_3207,Euro Shopping Channel,(91) 555 94 44,"C/ Moralzarzal, 86",,Madrid,N/A,28034,Spain,EMEA,Freyre,Diego,Small
10359,22,62.0,1,1364.0,2004-12-15,Shipped,4,12,2004,Trains,62,S32_3207,Reims Collectables,26.47.1555,59 rue de l'Abbaye,,Reims,N/A,51100,France,EMEA,Henriot,Paul,Small
10371,30,62.0,11,1860.0,2005-01-23,Shipped,1,1,2005,Trains,62,S32_3207,Mini Gifts Distributors Ltd.,4155551450,5677 Strong St.,,San Rafael,CA,97562,USA,,Nelson,Valarie,Small
10383,44,36.07,8,1587.08,2005-02-22,Shipped,1,2,2005,Trains,62,S32_3207,Euro Shopping Channel,(91) 555 94 44,"C/ Moralzarzal, 86",,Madrid,N/A,28034,Spain,EMEA,Freyre,Diego,Small
10394,30,60.28,4,1808.4,2005-03-15,Shipped,1,3,2005,Trains,62,S32_3207,Euro Shopping Channel,(91) 555 94 44,"C/ Moralzarzal, 86",,Madrid,N/A,28034,Spain,EMEA,Freyre,Diego,Small
10413,24,49.71,6,1193.04,2005-05-05,Shipped,2,5,2005,Trains,62,S32_3207,Gift Depot Inc.,2035552570,25593 South Bay Ln.,,Bridgewater,CT,97562,USA,,King,Julie,Small
10103,45,64.0,7,2880.0,2003-01-29,Shipped,1,1,2003,Trucks and Buses,64,S32_3522,Baane Mini Imports,07-98 9555,Erling Skakkes gate 78,,Stavern,N/A,4110,Norway,EMEA,Bergulfsen,Jonas,Small
10113,23,64.0,1,1472.0,2003-03-26,Shipped,1,3,2003,Trucks and Buses,64,S32_3522,Mini Gifts Distributors Ltd.,4155551450,5677 Strong St.,,San Rafael,CA,97562,USA,,Nelson,Valarie,Small
10126,26,62.7,7,1630.2,2003-05-28,Shipped,2,5,2003,Trucks and Buses,64,S32_3522,"Corrida Auto Replicas, Ltd",(91) 555 22 82,"C/ Araquil, 67",,Madrid,N/A,28023,Spain,EMEA,Sommer,Mart¡n,Small
10140,28,60.76,7,1701.28,2003-07-24,Shipped,3,7,2003,Trucks and Buses,64,S32_3522,Technics Stores Inc.,6505556809,9408 Furth Circle,,Burlingame,CA,94217,USA,,Hirano,Juri,Small
10150,49,58.18,4,2850.82,2003-09-19,Shipped,3,9,2003,Trucks and Buses,64,S32_3522,"Dragon Souveniers, Ltd.",+65 221 7555,"Bronz Sok., Bronz Apt. 3/6 Tesvikiye",,Singapore,N/A,79903,Singapore,Japan,Natividad,Eric,Small
10164,49,54.94,5,2692.06,2003-10-21,Resolved,4,10,2003,Trucks and Buses,64,S32_3522,Mini Auto Werke,7675-3555,Kirchgasse 6,,Graz,N/A,8010,Austria,EMEA,Mendel,Roland,Small
10175,29,64.0,12,1856.0,2003-11-06,Shipped,4,11,2003,Trucks and Buses,64,S32_3522,"Stylish Desk Decors, Co.",(171) 555-0297,35 King George,,London,N/A,WX3 6FW,UK,EMEA,Brown,Ann,Small
10183,49,64.0,4,3136.0,2003-11-13,Shipped,4,11,2003,Trucks and Buses,64,S32_3522,"Classic Gift Ideas, Inc",2155554695,782 First Street,,Philadelphia,PA,71270,USA,,Cervantes,Francisca,Medium
10194,39,54.94,7,2142.66,2003-11-25,Shipped,4,11,2003,Trucks and Buses,64,S32_3522,"Saveley & Henriot, Co.",78.32.5555,"2, rue du Commerce",,Lyon,N/A,69004,France,EMEA,Saveley,Mary,Small
10206,36,58.82,2,2117.52,2003-12-05,Shipped,4,12,2003,Trucks and Buses,64,S32_3522,Canadian Gift Exchange Network,(604) 555-3392,1900 Oak St.,,Vancouver,BC,V3F 2K1,Canada,,Tannamuri,Yoshi,Small
10217,39,62.05,7,2419.95,2004-02-04,Shipped,1,2,2004,Trucks and Buses,64,S32_3522,Handji Gifts& Co,+65 224 1555,Village Close - 106 Linden Road Sandown,2nd Floor,Singapore,N/A,69045,Singapore,Japan,Victorino,Wendy,Small
10229,30,64.0,12,1920.0,2004-03-11,Shipped,1,3,2004,Trucks and Buses,64,S32_3522,Mini Gifts Distributors Ltd.,4155551450,5677 Strong St.,,San Rafael,CA,97562,USA,,Nelson,Valarie,Small
10245,44,64.0,5,2816.0,2004-05-04,Shipped,2,5,2004,Trucks and Buses,64,S32_3522,Super Scale Inc.,2035559545,567 North Pendale Street,,New Haven,CT,97823,USA,,Murphy,Leslie,Small
10258,20,61.41,2,1228.2,2004-06-15,Shipped,2,6,2004,Trucks and Buses,64,S32_3522,"Tokyo Collectables, Ltd",+81 3 3584 0555,2-2-8 Roppongi,,Minato-ku,Tokyo,106-0032,Japan,Japan,Shimamura,Akiko,Small
10270,21,63.35,5,1330.35,2004-07-19,Shipped,3,7,2004,Trucks and Buses,64,S32_3522,Souveniers And Things Co.,+61 2 9495 8555,"Monitor Money Building, 815 Pacific Hwy",Level 6,Chatswood,NSW,2067,Australia,APAC,Huxley,Adrian,Small
10281,36,64.0,12,2304.0,2004-08-19,Shipped,3,8,2004,Trucks and Buses,64,S32_3522,Diecast Classics Inc.,2155551555,7586 Pompton St.,,Allentown,PA,70267,USA,,Yu,Kyung,Small
10291,32,64.0,7,2048.0,2004-09-08,Shipped,3,9,2004,Trucks and Buses,64,S32_3522,Scandinavian Gift Ideas,0695-34 6555,?kergatan 24,,Boras,N/A,S-844 67,Sweden,EMEA,Larsson,Maria,Small
10304,36,64.0,2,2304.0,2004-10-11,Shipped,4,10,2004,Trucks and Buses,64,S32_3522,Auto Assoc. & Cie.,30.59.8555,"67, avenue de l'Europe",,Versailles,N/A,78000,France,EMEA,Tonini,Daniel,Small
10313,34,56.24,10,1912.16,2004-10-22,Shipped,4,10,2004,Trucks and Buses,64,S32_3522,Canadian Gift Exchange Network,(604) 555-3392,1900 Oak St.,,Vancouver,BC,V3F 2K1,Canada,,Tannamuri,Yoshi,Small
10324,48,64.0,4,3072.0,2004-11-05,Shipped,4,11,2004,Trucks and Buses,64,S32_3522,Vitachrome Inc.,2125551500,2678 Kingston Rd.,Suite 101,NYC,NY,10022,USA,,Frick,Michael,Medium
10333,33,64.0,4,2112.0,2004-11-18,Shipped,4,11,2004,Trucks and Buses,64,S32_3522,Mini Wheels Co.,6505555787,5557 North Pendale Street,,San Francisco,CA,UNKNOWN,USA,,Murphy,Julie,Small
10348,31,64.0,5,1984.0,2004-11-01,Shipped,4,11,2004,Trucks and Buses,64,S32_3522,"Corrida Auto Replicas, Ltd",(91) 555 22 82,"C/ Araquil, 67",,Madrid,N/A,28023,Spain,EMEA,Sommer,Mart¡n,Small
10358,36,64.0,2,2304.0,2004-12-10,Shipped,4,12,2004,Trucks and Buses,64,S32_3522,Euro Shopping Channel,(91) 555 94 44,"C/ Moralzarzal, 86",,Madrid,N/A,28034,Spain,EMEA,Freyre,Diego,Small
10370,25,64.0,3,1600.0,2005-01-20,Shipped,1,1,2005,Trucks and Buses,64,S32_3522,"Anna's Decorations, Ltd",02 9936 8555,201 Miller Street,Level 15,North Sydney,NSW,2060,Australia,APAC,O'Hara,Anna,Small
10382,48,64.0,8,3072.0,2005-02-17,Shipped,1,2,2005,Trucks and Buses,64,S32_3522,Mini Gifts Distributors Ltd.,4155551450,5677 Strong St.,,San Rafael,CA,97562,USA,,Nelson,Valarie,Medium
10411,27,64.0,5,1728.0,2005-05-01,Shipped,2,5,2005,Trucks and Buses,64,S32_3522,Quebec Home Shopping Network,(514) 555-8054,43 rue St. Laurent,,Montreal,Quebec,H1J 1C3,Canada,,Fresnisre,Jean,Small
10424,44,61.41,2,2702.04,2005-05-31,In Process,2,5,2005,Trucks and Buses,64,S32_3522,Euro Shopping Channel,(91) 555 94 44,"C/ Moralzarzal, 86",,Madrid,N/A,28034,Spain,EMEA,Freyre,Diego,Small
10106,33,68.0,5,2244.0,2003-02-17,Shipped,1,2,2003,Vintage Cars,68,S32_4289,Rovelli Gifts,035-640555,Via Ludovico il Moro 22,,Bergamo,N/A,24100,Italy,EMEA,Rovelli,Giovanni,Small
10120,29,68.0,11,1972.0,2003-04-29,Shipped,2,4,2003,Vintage Cars,68,S32_4289,"Australian Collectors, Co.",03 9520 4555,636 St Kilda Road,Level 3,Melbourne,Victoria,3004,Australia,APAC,Ferguson,Peter,Small
10133,49,57.1,6,2797.9,2003-06-27,Shipped,2,6,2003,Vintage Cars,68,S32_4289,Euro Shopping Channel,(91) 555 94 44,"C/ Moralzarzal, 86",,Madrid,N/A,28034,Spain,EMEA,Freyre,Diego,Small
10144,20,68.0,1,1360.0,2003-08-13,Shipped,3,8,2003,Vintage Cars,68,S32_4289,Royale Belge,(071) 23 67 2555,"Boulevard Tirou, 255",,Charleroi,N/A,B-6000,Belgium,EMEA,Cartrain,Pascale,Small
10168,31,68.0,12,2108.0,2003-10-28,Shipped,4,10,2003,Vintage Cars,68,S32_4289,Technics Stores Inc.,6505556809,9408 Furth Circle,,Burlingame,CA,94217,USA,,Hirano,Juri,Small
10210,39,59.16,10,2307.24,2004-01-12,Shipped,1,1,2004,Vintage Cars,68,S32_4289,Osaka Souveniers Co.,+81 06 6342 5555,"Dojima Avanza 4F, 1-6-20 Dojima, Kita-ku",,Osaka,Osaka,530-0003,Japan,Japan,Kentary,Mory,Small
10223,20,66.04,12,1320.8,2004-02-20,Shipped,1,2,2004,Vintage Cars,68,S32_4289,"Australian Collectors, Co.",03 9520 4555,636 St Kilda Road,Level 3,Melbourne,Victoria,3004,Australia,APAC,Ferguson,Peter,Small
10235,34,68.0,6,2312.0,2004-04-02,Shipped,2,4,2004,Vintage Cars,68,S32_4289,"Royal Canadian Collectables, Ltd.",(604) 555-4555,23 Tsawassen Blvd.,,Tsawassen,BC,T2F 8M4,Canada,,Lincoln,Elizabeth,Small
10250,50,61.22,7,3061.0,2004-05-11,Shipped,2,5,2004,Vintage Cars,68,S32_4289,The Sharp Gifts Warehouse,4085553659,3086 Ingle Ln.,,San Jose,CA,94217,USA,,Frick,Sue,Medium
10262,40,68.0,2,2720.0,2004-06-24,Cancelled,2,6,2004,Vintage Cars,68,S32_4289,Euro Shopping Channel,(91) 555 94 44,"C/ Moralzarzal, 86",,Madrid,N/A,28034,Spain,EMEA,Freyre,Diego,Small
10275,28,63.97,12,1791.16,2004-07-23,Shipped,3,7,2004,Vintage Cars,68,S32_4289,La Rochelle Gifts,40.67.8555,"67, rue des Cinquante Otages",,Nantes,N/A,44000,France,EMEA,Labrune,Janine,Small
10284,50,68.0,4,3400.0,2004-08-21,Shipped,3,8,2004,Vintage Cars,68,S32_4289,"Norway Gifts By Mail, Co.",+47 2212 1555,"Drammensveien 126 A, PB 744 Sentrum",,Oslo,N/A,N 0106,Norway,EMEA,Klaeboe,Jan,Medium
10297,28,68.0,7,1904.0,2004-09-16,Shipped,3,9,2004,Vintage Cars,68,S32_4289,"Clover Collections, Co.",+353 1862 1555,25 Maiden Lane,Floor No. 4,Dublin,N/A,2,Ireland,EMEA,Cassidy,Dean,Small
10308,46,66.04,10,3037.84,2004-10-15,Shipped,4,10,2004,Vintage Cars,68,S32_4289,Mini Classics,9145554562,3758 North Pendale Street,,White Plains,NY,24067,USA,,Frick,Steve,Medium
10316,24,59.16,2,1419.84,2004-11-01,Shipped,4,11,2004,Vintage Cars,68,S32_4289,giftsbymail.co.uk,(198) 555-8888,Garden House Crowther Way,,Cowes,Isle of Wight,PO31 7PJ,UK,EMEA,Bennett,Helen,Small
10328,24,68.0,5,1632.0,2004-11-12,Shipped,4,11,2004,Vintage Cars,68,S32_4289,Rovelli Gifts,035-640555,Via Ludovico il Moro 22,,Bergamo,N/A,24100,Italy,EMEA,Rovelli,Giovanni,Small
10340,39,59.16,3,2307.24,2004-11-24,Shipped,4,11,2004,Vintage Cars,68,S32_4289,Enaco Distributors,(93) 203 4555,"Rambla de Catalu¤a, 23",,Barcelona,N/A,8022,Spain,EMEA,Saavedra,Eduardo,Small
10353,40,44.51,7,1780.4,2004-12-04,Shipped,4,12,2004,Vintage Cars,68,S32_4289,Gift Ideas Corp.,2035554407,2440 Pompton St.,,Glendale,CT,97561,USA,,Lewis,Dan,Small
10361,49,68.0,2,3332.0,2004-12-17,Shipped,4,12,2004,Vintage Cars,68,S32_4289,Souveniers And Things Co.,+61 2 9495 8555,"Monitor Money Building, 815 Pacific Hwy",Level 6,Chatswood,NSW,2067,Australia,APAC,Huxley,Adrian,Medium
10375,44,68.0,4,2992.0,2005-02-03,Shipped,1,2,2005,Vintage Cars,68,S32_4289,La Rochelle Gifts,40.67.8555,"67, rue des Cinquante Otages",,Nantes,N/A,44000,France,EMEA,Labrune,Janine,Small
10388,35,68.0,8,2380.0,2005-03-03,Shipped,1,3,2005,Vintage Cars,68,S32_4289,FunGiftIdeas.com,5085552555,1785 First Street,,New Bedford,MA,50553,USA,,Benitez,Violeta,Small
10398,22,67.41,4,1483.02,2005-03-30,Shipped,1,3,2005,Vintage Cars,68,S32_4289,Reims Collectables,26.47.1555,59 rue de l'Abbaye,,Reims,N/A,51100,France,EMEA,Henriot,Paul,Small
10401,62,68.0,6,4216.0,2005-04-03,On Hold,2,4,2005,Vintage Cars,68,S32_4289,Tekni Collectables Inc.,2015559350,7476 Moss Rd.,,Newark,NJ,94019,USA,,Brown,William,Medium
10416,26,61.22,7,1591.72,2005-05-10,Shipped,2,5,2005,Vintage Cars,68,S32_4289,L'ordine Souveniers,0522-556555,Strada Provinciale 124,,Reggio Emilia,N/A,42100,Italy,EMEA,Moroni,Maurizio,Small
10108,31,100.0,16,3100.0,2003-03-03,Shipped,1,3,2003,Motorcycles,102,S32_4485,Cruz & Sons Co.,+63 2 555 3587,15 McCallum Street - NatWest Center #13-03,,Makati City,N/A,1227 MM,Philippines,Japan,Cruz,Arnold,Medium
10121,25,86.74,3,2168.5,2003-05-07,Shipped,2,5,2003,Motorcycles,102,S32_4485,Reims Collectables,26.47.1555,59 rue de l'Abbaye,,Reims,N/A,51100,France,EMEA,Henriot,Paul,Small
10135,30,89.8,17,2694.0,2003-07-02,Shipped,3,7,2003,Motorcycles,102,S32_4485,Mini Gifts Distributors Ltd.,4155551450,5677 Strong St.,,San Rafael,CA,97562,USA,,Nelson,Valarie,Small
10145,27,100.0,4,2700.0,2003-08-25,Shipped,3,8,2003,Motorcycles,102,S32_4485,Toys4GrownUps.com,6265557265,78934 Hillside Dr.,,Pasadena,CA,90003,USA,,Young,Julie,Small
10159,23,100.0,12,2300.0,2003-10-10,Shipped,4,10,2003,Motorcycles,102,S32_4485,Corporate Gift Ideas Co.,6505551386,7734 Strong St.,,San Francisco,CA,UNKNOWN,USA,,Brown,Julie,Small
10169,34,100.0,12,3400.0,2003-11-04,Shipped,4,11,2003,Motorcycles,102,S32_4485,"Anna's Decorations, Ltd",02 9936 8555,201 Miller Street,Level 15,North Sydney,NSW,2060,Australia,APAC,O'Hara,Anna,Medium
10180,22,100.0,7,2200.0,2003-11-11,Shipped,4,11,2003,Motorcycles,102,S32_4485,Daedalus Designs Imports,20.16.1555,"184, chausse de Tournai",,Lille,N/A,59000,France,EMEA,Rance,Martine,Small
10190,42,85.72,4,3600.24,2003-11-19,Shipped,4,11,2003,Motorcycles,102,S32_4485,Euro Shopping Channel,(91) 555 94 44,"C/ Moralzarzal, 86",,Madrid,N/A,28034,Spain,EMEA,Freyre,Diego,Medium
10211,37,100.0,12,3700.0,2004-01-15,Shipped,1,1,2004,Motorcycles,102,S32_4485,Auto Canal Petit,(1) 47.55.6555,"25, rue Lauriston",,Paris,N/A,75016,France,EMEA,Perrier,Dominique,Medium
10224,30,100.0,5,3000.0,2004-02-21,Shipped,1,2,2004,Motorcycles,102,S32_4485,Daedalus Designs Imports,20.16.1555,"184, chausse de Tournai",,Lille,N/A,59000,France,EMEA,Rance,Martine,Medium
10237,27,100.0,5,2700.0,2004-04-05,Shipped,2,4,2004,Motorcycles,102,S32_4485,Vitachrome Inc.,2125551500,2678 Kingston Rd.,Suite 101,NYC,NY,10022,USA,,Frick,Michael,Small
10252,25,100.0,9,2500.0,2004-05-26,Shipped,2,5,2004,Motorcycles,102,S32_4485,Auto Canal Petit,(1) 47.55.6555,"25, rue Lauriston",,Paris,N/A,75016,France,EMEA,Perrier,Dominique,Small
10264,34,97.97,7,3330.98,2004-06-30,Shipped,2,6,2004,Motorcycles,102,S32_4485,Gifts4AllAges.com,6175559555,8616 Spinnaker Dr.,,Boston,MA,51003,USA,,Yoshido,Juri,Medium
10276,38,100.0,13,3800.0,2004-08-02,Shipped,3,8,2004,Motorcycles,102,S32_4485,Online Mini Collectables,6175557555,7635 Spinnaker Dr.,,Brickhaven,MA,58339,USA,,Barajas,Miguel,Medium
10285,26,100.0,4,2600.0,2004-08-27,Shipped,3,8,2004,Motorcycles,102,S32_4485,Marta's Replicas Co.,6175558555,39323 Spinnaker Dr.,,Cambridge,MA,51247,USA,,Hernandez,Marta,Small
10299,38,100.0,7,3800.0,2004-09-30,Shipped,3,9,2004,Motorcycles,102,S32_4485,"Toys of Finland, Co.",90-224 8555,Keskuskatu 45,,Helsinki,N/A,21240,Finland,EMEA,Karttunen,Matti,Medium
10309,50,84.7,3,4235.0,2004-10-15,Shipped,4,10,2004,Motorcycles,102,S32_4485,Baane Mini Imports,07-98 9555,Erling Skakkes gate 78,,Stavern,N/A,4110,Norway,EMEA,Bergulfsen,Jonas,Medium
10319,22,100.0,8,2200.0,2004-11-03,Shipped,4,11,2004,Motorcycles,102,S32_4485,Microscale Inc.,2125551957,5290 North Pendale Street,Suite 200,NYC,NY,10022,USA,,Kuo,Kee,Small
10331,32,100.0,4,3200.0,2004-11-17,Shipped,4,11,2004,Motorcycles,102,S32_4485,Motor Mint Distributors Inc.,2155559857,11328 Douglas Av.,,Philadelphia,PA,71270,USA,,Hernandez,Rosa,Medium
10341,31,71.02,4,2201.62,2004-11-24,Shipped,4,11,2004,Motorcycles,102,S32_4485,Salzburg Collectables,6562-9555,Geislweg 14,,Salzburg,N/A,5020,Austria,EMEA,Pipps,Georg,Small
10355,40,100.0,5,4000.0,2004-12-07,Shipped,4,12,2004,Motorcycles,102,S32_4485,Euro Shopping Channel,(91) 555 94 44,"C/ Moralzarzal, 86",,Madrid,N/A,28034,Spain,EMEA,Freyre,Diego,Medium
10365,22,100.0,3,2200.0,2005-01-07,Shipped,1,1,2005,Motorcycles,102,S32_4485,Mini Creations Ltd.,5085559555,4575 Hillside Dr.,,New Bedford,MA,50553,USA,,Tam,Wing C,Small
10375,41,100.0,15,4100.0,2005-02-03,Shipped,1,2,2005,Motorcycles,102,S32_4485,La Rochelle Gifts,40.67.8555,"67, rue des Cinquante Otages",,Nantes,N/A,44000,France,EMEA,Labrune,Janine,Medium
10390,45,48.98,12,2204.1,2005-03-04,Shipped,1,3,2005,Motorcycles,102,S32_4485,Mini Gifts Distributors Ltd.,4155551450,5677 Strong St.,,San Rafael,CA,97562,USA,,Nelson,Valarie,Small
10403,45,100.0,5,4500.0,2005-04-08,Shipped,2,4,2005,Motorcycles,102,S32_4485,"UK Collectables, Ltd.",(171) 555-2282,Berkeley Gardens 12  Brewery,,Liverpool,N/A,WX1 6LT,UK,EMEA,Devon,Elizabeth,Medium
10106,39,40.15,6,1565.85,2003-02-17,Shipped,1,2,2003,Vintage Cars,43,S50_1341,Rovelli Gifts,035-640555,Via Ludovico il Moro 22,,Bergamo,N/A,24100,Italy,EMEA,Rovelli,Giovanni,Small
10120,49,43.0,12,2107.0,2003-04-29,Shipped,2,4,2003,Vintage Cars,43,S50_1341,"Australian Collectors, Co.",03 9520 4555,636 St Kilda Road,Level 3,Melbourne,Victoria,3004,Australia,APAC,Ferguson,Peter,Small
10133,27,43.0,7,1161.0,2003-06-27,Shipped,2,6,2003,Vintage Cars,43,S50_1341,Euro Shopping Channel,(91) 555 94 44,"C/ Moralzarzal, 86",,Madrid,N/A,28034,Spain,EMEA,Freyre,Diego,Small
10143,34,36.66,1,1246.44,2003-08-10,Shipped,3,8,2003,Vintage Cars,43,S50_1341,Mini Creations Ltd.,5085559555,4575 Hillside Dr.,,New Bedford,MA,50553,USA,,Tam,Wing C,Small
10156,20,41.02,1,820.4,2003-10-08,Shipped,4,10,2003,Vintage Cars,43,S50_1341,Euro Shopping Channel,(91) 555 94 44,"C/ Moralzarzal, 86",,Madrid,N/A,28034,Spain,EMEA,Freyre,Diego,Small
10168,48,43.0,13,2064.0,2003-10-28,Shipped,4,10,2003,Vintage Cars,43,S50_1341,Technics Stores Inc.,6505556809,9408 Furth Circle,,Burlingame,CA,94217,USA,,Hirano,Juri,Small
10199,29,38.4,1,1113.6,2003-12-01,Shipped,4,12,2003,Vintage Cars,43,S50_1341,West Coast Collectables Co.,3105553722,3675 Furth Circle,,Burbank,CA,94019,USA,,Thompson,Steve,Small
10210,43,41.02,11,1763.86,2004-01-12,Shipped,1,1,2004,Vintage Cars,43,S50_1341,Osaka Souveniers Co.,+81 06 6342 5555,"Dojima Avanza 4F, 1-6-20 Dojima, Kita-ku",,Osaka,Osaka,530-0003,Japan,Japan,Kentary,Mory,Small
10223,41,43.0,13,1763.0,2004-02-20,Shipped,1,2,2004,Vintage Cars,43,S50_1341,"Australian Collectors, Co.",03 9520 4555,636 St Kilda Road,Level 3,Melbourne,Victoria,3004,Australia,APAC,Ferguson,Peter,Small
10235,41,35.35,7,1449.35,2004-04-02,Shipped,2,4,2004,Vintage Cars,43,S50_1341,"Royal Canadian Collectables, Ltd.",(604) 555-4555,23 Tsawassen Blvd.,,Tsawassen,BC,T2F 8M4,Canada,,Lincoln,Elizabeth,Small
10250,36,43.0,8,1548.0,2004-05-11,Shipped,2,5,2004,Vintage Cars,43,S50_1341,The Sharp Gifts Warehouse,4085553659,3086 Ingle Ln.,,San Jose,CA,94217,USA,,Frick,Sue,Small
10262,49,37.97,3,1860.53,2004-06-24,Cancelled,2,6,2004,Vintage Cars,43,S50_1341,Euro Shopping Channel,(91) 555 94 44,"C/ Moralzarzal, 86",,Madrid,N/A,28034,Spain,EMEA,Freyre,Diego,Small
10275,38,43.0,13,1634.0,2004-07-23,Shipped,3,7,2004,Vintage Cars,43,S50_1341,La Rochelle Gifts,40.67.8555,"67, rue des Cinquante Otages",,Nantes,N/A,44000,France,EMEA,Labrune,Janine,Small
10284,33,43.0,5,1419.0,2004-08-21,Shipped,3,8,2004,Vintage Cars,43,S50_1341,"Norway Gifts By Mail, Co.",+47 2212 1555,"Drammensveien 126 A, PB 744 Sentrum",,Oslo,N/A,N 0106,Norway,EMEA,Klaeboe,Jan,Small
10296,26,43.0,1,1118.0,2004-09-15,Shipped,3,9,2004,Vintage Cars,43,S50_1341,"Bavarian Collectables Imports, Co.",+49 89 61 08 9555,Hansastr. 15,,Munich,N/A,80686,Germany,EMEA,Donnermeyer,Michael,Small
10308,47,43.0,11,2021.0,2004-10-15,Shipped,4,10,2004,Vintage Cars,43,S50_1341,Mini Classics,9145554562,3758 North Pendale Street,,White Plains,NY,24067,USA,,Frick,Steve,Small
10316,34,43.0,3,1462.0,2004-11-01,Shipped,4,11,2004,Vintage Cars,43,S50_1341,giftsbymail.co.uk,(198) 555-8888,Garden House Crowther Way,,Cowes,Isle of Wight,PO31 7PJ,UK,EMEA,Bennett,Helen,Small
10328,34,43.0,7,1462.0,2004-11-12,Shipped,4,11,2004,Vintage Cars,43,S50_1341,Rovelli Gifts,035-640555,Via Ludovico il Moro 22,,Bergamo,N/A,24100,Italy,EMEA,Rovelli,Giovanni,Small
10340,40,43.0,4,1720.0,2004-11-24,Shipped,4,11,2004,Vintage Cars,43,S50_1341,Enaco Distributors,(93) 203 4555,"Rambla de Catalu¤a, 23",,Barcelona,N/A,8022,Spain,EMEA,Saavedra,Eduardo,Small
10353,40,43.0,8,1720.0,2004-12-04,Shipped,4,12,2004,Vintage Cars,43,S50_1341,Gift Ideas Corp.,2035554407,2440 Pompton St.,,Glendale,CT,97561,USA,,Lewis,Dan,Small
10361,33,43.0,3,1419.0,2004-12-17,Shipped,4,12,2004,Vintage Cars,43,S50_1341,Souveniers And Things Co.,+61 2 9495 8555,"Monitor Money Building, 815 Pacific Hwy",Level 6,Chatswood,NSW,2067,Australia,APAC,Huxley,Adrian,Small
10375,49,43.0,5,2107.0,2005-02-03,Shipped,1,2,2005,Vintage Cars,43,S50_1341,La Rochelle Gifts,40.67.8555,"67, rue des Cinquante Otages",,Nantes,N/A,44000,France,EMEA,Labrune,Janine,Small
10388,27,43.0,1,1161.0,2005-03-03,Shipped,1,3,2005,Vintage Cars,43,S50_1341,FunGiftIdeas.com,5085552555,1785 First Street,,New Bedford,MA,50553,USA,,Benitez,Violeta,Small
10398,49,36.66,5,1796.34,2005-03-30,Shipped,1,3,2005,Vintage Cars,43,S50_1341,Reims Collectables,26.47.1555,59 rue de l'Abbaye,,Reims,N/A,51100,France,EMEA,Henriot,Paul,Small
10401,56,35.35,7,1979.6,2005-04-03,On Hold,2,4,2005,Vintage Cars,43,S50_1341,Tekni Collectables Inc.,2015559350,7476 Moss Rd.,,Newark,NJ,94019,USA,,Brown,William,Small
10416,37,43.0,8,1591.0,2005-05-10,Shipped,2,5,2005,Vintage Cars,43,S50_1341,L'ordine Souveniers,0522-556555,Strada Provinciale 124,,Reggio Emilia,N/A,42100,Italy,EMEA,Moroni,Maurizio,Small
10104,33,100.0,7,3300.0,2003-01-31,Shipped,1,1,2003,Trucks and Buses,115,S50_1392,Euro Shopping Channel,(91) 555 94 44,"C/ Moralzarzal, 86",,Madrid,N/A,28034,Spain,EMEA,Freyre,Diego,Medium
10115,27,100.0,3,2700.0,2003-04-04,Shipped,2,4,2003,Trucks and Buses,115,S50_1392,Classic Legends Inc.,2125558493,5905 Pompton St.,Suite 750,NYC,NY,10022,USA,,Hernandez,Maria,Small
10127,46,100.0,9,4600.0,2003-06-03,Shipped,2,6,2003,Trucks and Buses,115,S50_1392,Muscle Machine Inc,2125557413,4092 Furth Circle,Suite 400,NYC,NY,10022,USA,,Young,Jeff,Medium
10141,44,100.0,3,4400.0,2003-08-01,Shipped,3,8,2003,Trucks and Buses,115,S50_1392,Suominen Souveniers,+358 9 8045 555,"Software Engineering Center, SEC Oy",,Espoo,N/A,FIN-02271,Finland,EMEA,Suominen,Kalle,Medium
10151,26,100.0,1,2600.0,2003-09-21,Shipped,3,9,2003,Trucks and Buses,115,S50_1392,"Oulu Toy Supplies, Inc.",981-443655,Torikatu 38,,Oulu,N/A,90110,Finland,EMEA,Koskitalo,Pirkko,Small
10165,48,94.92,10,4556.16,2003-10-22,Shipped,4,10,2003,Trucks and Buses,115,S50_1392,"Dragon Souveniers, Ltd.",+65 221 7555,"Bronz Sok., Bronz Apt. 3/6 Tesvikiye",,Singapore,N/A,79903,Singapore,Japan,Natividad,Eric,Medium
10176,23,100.0,9,2300.0,2003-11-06,Shipped,4,11,2003,Trucks and Buses,115,S50_1392,L'ordine Souveniers,0522-556555,Strada Provinciale 124,,Reggio Emilia,N/A,42100,Italy,EMEA,Moroni,Maurizio,Small
10184,45,100.0,4,4500.0,2003-11-14,Shipped,4,11,2003,Trucks and Buses,115,S50_1392,"Iberia Gift Imports, Corp.",(95) 555 82 82,"C/ Romero, 33",,Sevilla,N/A,41101,Spain,EMEA,Roel,Jose Pedro,Medium
10195,49,100.0,4,4900.0,2003-11-25,Shipped,4,11,2003,Trucks and Buses,115,S50_1392,Mini Classics,9145554562,3758 North Pendale Street,,White Plains,NY,24067,USA,,Frick,Steve,Medium
10207,28,94.92,5,2657.76,2003-12-09,Shipped,4,12,2003,Trucks and Buses,115,S50_1392,Diecast Collectables,6175552555,6251 Ingle Ln.,,Boston,MA,51003,USA,,Franco,Valarie,Small
10220,37,100.0,9,3700.0,2004-02-12,Shipped,1,2,2004,Trucks and Buses,115,S50_1392,"Clover Collections, Co.",+353 1862 1555,25 Maiden Lane,Floor No. 4,Dublin,N/A,2,Ireland,EMEA,Cassidy,Dean,Medium
10230,34,100.0,7,3400.0,2004-03-15,Shipped,1,3,2004,Trucks and Buses,115,S50_1392,"Blauer See Auto, Co.",+49 69 66 90 2555,Lyonerstr. 34,,Frankfurt,N/A,60528,Germany,EMEA,Keitel,Roland,Medium
10246,22,100.0,3,2200.0,2004-05-05,Shipped,2,5,2004,Trucks and Buses,115,S50_1392,Euro Shopping Channel,(91) 555 94 44,"C/ Moralzarzal, 86",,Madrid,N/A,28034,Spain,EMEA,Freyre,Diego,Small
10259,29,100.0,2,2900.0,2004-06-15,Shipped,2,6,2004,Trucks and Buses,115,S50_1392,Handji Gifts& Co,+65 224 1555,Village Close - 106 Linden Road Sandown,2nd Floor,Singapore,N/A,69045,Singapore,Japan,Victorino,Wendy,Small
10271,34,98.39,3,3345.26,2004-07-20,Shipped,3,7,2004,Trucks and Buses,115,S50_1392,Mini Gifts Distributors Ltd.,4155551450,5677 Strong St.,,San Rafael,CA,97562,USA,,Nelson,Valarie,Medium
10282,38,100.0,12,3800.0,2004-08-20,Shipped,3,8,2004,Trucks and Buses,115,S50_1392,Mini Gifts Distributors Ltd.,4155551450,5677 Strong St.,,San Rafael,CA,97562,USA,,Nelson,Valarie,Medium
10292,41,100.0,6,4100.0,2004-09-08,Shipped,3,9,2004,Trucks and Buses,115,S50_1392,Land of Toys Inc.,2125557818,897 Long Airport Avenue,,NYC,NY,10022,USA,,Yu,Kwai,Medium
10305,42,100.0,3,4200.0,2004-10-13,Shipped,4,10,2004,Trucks and Buses,115,S50_1392,Marta's Replicas Co.,6175558555,39323 Spinnaker Dr.,,Cambridge,MA,51247,USA,,Hernandez,Marta,Medium
10314,28,100.0,12,2800.0,2004-10-22,Shipped,4,10,2004,Trucks and Buses,115,S50_1392,Heintze Collectables,86 21 3555,Smagsloget 45,,Aaarhus,N/A,8200,Denmark,EMEA,Ibsen,Palle,Small
10325,38,100.0,4,3800.0,2004-11-05,Shipped,4,11,2004,Trucks and Buses,115,S50_1392,Baane Mini Imports,07-98 9555,Erling Skakkes gate 78,,Stavern,N/A,4110,Norway,EMEA,Bergulfsen,Jonas,Medium
10336,23,100.0,8,2300.0,2004-11-20,Shipped,4,11,2004,Trucks and Buses,115,S50_1392,"La Corne D'abondance, Co.",(1) 42.34.2555,"265, boulevard Charonne",,Paris,N/A,75012,France,EMEA,Bertrand,Marie,Small
10350,31,71.4,8,2213.4,2004-12-02,Shipped,4,12,2004,Trucks and Buses,115,S50_1392,Euro Shopping Channel,(91) 555 94 44,"C/ Moralzarzal, 86",,Madrid,N/A,28034,Spain,EMEA,Freyre,Diego,Small
10359,46,100.0,2,4600.0,2004-12-15,Shipped,4,12,2004,Trucks and Buses,115,S50_1392,Reims Collectables,26.47.1555,59 rue de l'Abbaye,,Reims,N/A,51100,France,EMEA,Henriot,Paul,Medium
10371,48,56.55,10,2714.4,2005-01-23,Shipped,1,1,2005,Trucks and Buses,115,S50_1392,Mini Gifts Distributors Ltd.,4155551450,5677 Strong St.,,San Rafael,CA,97562,USA,,Nelson,Valarie,Small
10383,29,100.0,13,2900.0,2005-02-22,Shipped,1,2,2005,Trucks and Buses,115,S50_1392,Euro Shopping Channel,(91) 555 94 44,"C/ Moralzarzal, 86",,Madrid,N/A,28034,Spain,EMEA,Freyre,Diego,Small
10395,46,100.0,4,4600.0,2005-03-17,Shipped,1,3,2005,Trucks and Buses,115,S50_1392,Lyon Souveniers,+33 1 46 62 7555,27 rue du Colonel Pierre Avia,,Paris,N/A,75508,France,EMEA,Da Cunha,Daniel,Medium
10412,26,100.0,3,2600.0,2005-05-03,Shipped,2,5,2005,Trucks and Buses,115,S50_1392,Euro Shopping Channel,(91) 555 94 44,"C/ Moralzarzal, 86",,Madrid,N/A,28034,Spain,EMEA,Freyre,Diego,Small
10425,18,100.0,2,1800.0,2005-05-31,In Process,2,5,2005,Trucks and Buses,115,S50_1392,La Rochelle Gifts,40.67.8555,"67, rue des Cinquante Otages",,Nantes,N/A,44000,France,EMEA,Labrune,Janine,Small
10104,32,53.31,2,1705.92,2003-01-31,Shipped,1,1,2003,Trains,58,S50_1514,Euro Shopping Channel,(91) 555 94 44,"C/ Moralzarzal, 86",,Madrid,N/A,28034,Spain,EMEA,Freyre,Diego,Small
10117,21,49.21,11,1033.41,2003-04-16,Shipped,2,4,2003,Trains,58,S50_1514,"Dragon Souveniers, Ltd.",+65 221 7555,"Bronz Sok., Bronz Apt. 3/6 Tesvikiye",,Singapore,N/A,79903,Singapore,Japan,Natividad,Eric,Small
10127,46,58.0,4,2668.0,2003-06-03,Shipped,2,6,2003,Trains,58,S50_1514,Muscle Machine Inc,2125557413,4092 Furth Circle,Suite 400,NYC,NY,10022,USA,,Young,Jeff,Small
10142,42,49.79,14,2091.18,2003-08-08,Shipped,3,8,2003,Trains,58,S50_1514,Mini Gifts Distributors Ltd.,4155551450,5677 Strong St.,,San Rafael,CA,97562,USA,,Nelson,Valarie,Small
10153,31,57.41,13,1779.71,2003-09-28,Shipped,3,9,2003,Trains,58,S50_1514,Euro Shopping Channel,(91) 555 94 44,"C/ Moralzarzal, 86",,Madrid,N/A,28034,Spain,EMEA,Freyre,Diego,Small
10165,38,58.0,5,2204.0,2003-10-22,Shipped,4,10,2003,Trains,58,S50_1514,"Dragon Souveniers, Ltd.",+65 221 7555,"Bronz Sok., Bronz Apt. 3/6 Tesvikiye",,Singapore,N/A,79903,Singapore,Japan,Natividad,Eric,Small
10176,38,58.0,4,2204.0,2003-11-06,Shipped,4,11,2003,Trains,58,S50_1514,L'ordine Souveniers,0522-556555,Strada Provinciale 124,,Reggio Emilia,N/A,42100,Italy,EMEA,Moroni,Maurizio,Small
10185,20,48.62,15,972.4,2003-11-14,Shipped,4,11,2003,Trains,58,S50_1514,Mini Creations Ltd.,5085559555,4575 Hillside Dr.,,New Bedford,MA,50553,USA,,Tam,Wing C,Small
10196,46,58.0,7,2668.0,2003-11-26,Shipped,4,11,2003,Trains,58,S50_1514,Super Scale Inc.,2035559545,567 North Pendale Street,,New Haven,CT,97823,USA,,Murphy,Leslie,Small
10208,30,58.0,15,1740.0,2004-01-02,Shipped,1,1,2004,Trains,58,S50_1514,"Saveley & Henriot, Co.",78.32.5555,"2, rue du Commerce",,Lyon,N/A,69004,France,EMEA,Saveley,Mary,Small
10220,30,58.0,4,1740.0,2004-02-12,Shipped,1,2,2004,Trains,58,S50_1514,"Clover Collections, Co.",+353 1862 1555,25 Maiden Lane,Floor No. 4,Dublin,N/A,2,Ireland,EMEA,Cassidy,Dean,Small
10230,43,52.14,2,2242.02,2004-03-15,Shipped,1,3,2004,Trains,58,S50_1514,"Blauer See Auto, Co.",+49 69 66 90 2555,Lyonerstr. 34,,Frankfurt,N/A,60528,Germany,EMEA,Keitel,Roland,Small
10247,49,58.0,4,2842.0,2004-05-05,Shipped,2,5,2004,Trains,58,S50_1514,Suominen Souveniers,+358 9 8045 555,"Software Engineering Center, SEC Oy",,Espoo,N/A,FIN-02271,Finland,EMEA,Suominen,Kalle,Small
10272,43,56.82,4,2443.26,2004-07-20,Shipped,3,7,2004,Trains,58,S50_1514,Diecast Classics Inc.,2155551555,7586 Pompton St.,,Allentown,PA,70267,USA,,Yu,Kyung,Small
10282,37,58.0,7,2146.0,2004-08-20,Shipped,3,8,2004,Trains,58,S50_1514,Mini Gifts Distributors Ltd.,4155551450,5677 Strong St.,,San Rafael,CA,97562,USA,,Nelson,Valarie,Small
10292,35,55.07,1,1927.45,2004-09-08,Shipped,3,9,2004,Trains,58,S50_1514,Land of Toys Inc.,2125557818,897 Long Airport Avenue,,NYC,NY,10022,USA,,Yu,Kwai,Small
10306,34,58.0,15,1972.0,2004-10-14,Shipped,4,10,2004,Trains,58,S50_1514,"AV Stores, Co.",(171) 555-1555,Fauntleroy Circus,,Manchester,N/A,EC2 5NT,UK,EMEA,Ashworth,Victoria,Small
10314,38,58.0,7,2204.0,2004-10-22,Shipped,4,10,2004,Trains,58,S50_1514,Heintze Collectables,86 21 3555,Smagsloget 45,,Aaarhus,N/A,8200,Denmark,EMEA,Ibsen,Palle,Small
10325,44,58.0,7,2552.0,2004-11-05,Shipped,4,11,2004,Trains,58,S50_1514,Baane Mini Imports,07-98 9555,Erling Skakkes gate 78,,Stavern,N/A,4110,Norway,EMEA,Bergulfsen,Jonas,Small
10337,21,58.0,6,1218.0,2004-11-21,Shipped,4,11,2004,Trains,58,S50_1514,Classic Legends Inc.,2125558493,5905 Pompton St.,Suite 750,NYC,NY,10022,USA,,Hernandez,Maria,Small
10350,44,58.0,17,2552.0,2004-12-02,Shipped,4,12,2004,Trains,58,S50_1514,Euro Shopping Channel,(91) 555 94 44,"C/ Moralzarzal, 86",,Madrid,N/A,28034,Spain,EMEA,Freyre,Diego,Small
10359,25,58.0,4,1450.0,2004-12-15,Shipped,4,12,2004,Trains,58,S50_1514,Reims Collectables,26.47.1555,59 rue de l'Abbaye,,Reims,N/A,51100,France,EMEA,Henriot,Paul,Small
10372,24,58.0,9,1392.0,2005-01-26,Shipped,1,1,2005,Trains,58,S50_1514,"Tokyo Collectables, Ltd",+81 3 3584 0555,2-2-8 Roppongi,,Minato-ku,Tokyo,106-0032,Japan,Japan,Shimamura,Akiko,Small
10383,38,58.0,10,2204.0,2005-02-22,Shipped,1,2,2005,Trains,58,S50_1514,Euro Shopping Channel,(91) 555 94 44,"C/ Moralzarzal, 86",,Madrid,N/A,28034,Spain,EMEA,Freyre,Diego,Small
10395,45,58.0,3,2610.0,2005-03-17,Shipped,1,3,2005,Trains,58,S50_1514,Lyon Souveniers,+33 1 46 62 7555,27 rue du Colonel Pierre Avia,,Paris,N/A,75508,France,EMEA,Da Cunha,Daniel,Small
10413,51,58.0,4,2958.0,2005-05-05,Shipped,2,5,2005,Trains,58,S50_1514,Gift Depot Inc.,2035552570,25593 South Bay Ln.,,Bridgewater,CT,97562,USA,,King,Julie,Small
10108,34,81.0,14,2754.0,2003-03-03,Shipped,1,3,2003,Motorcycles,81,S50_4713,Cruz & Sons Co.,+63 2 555 3587,15 McCallum Street - NatWest Center #13-03,,Makati City,N/A,1227 MM,Philippines,Japan,Cruz,Arnold,Small
10121,44,74.85,1,3293.4,2003-05-07,Shipped,2,5,2003,Motorcycles,81,S50_4713,Reims Collectables,26.47.1555,59 rue de l'Abbaye,,Reims,N/A,51100,France,EMEA,Henriot,Paul,Medium
10135,44,81.0,15,3564.0,2003-07-02,Shipped,3,7,2003,Motorcycles,81,S50_4713,Mini Gifts Distributors Ltd.,4155551450,5677 Strong St.,,San Rafael,CA,97562,USA,,Nelson,Valarie,Medium
10145,38,81.0,2,3078.0,2003-08-25,Shipped,3,8,2003,Motorcycles,81,S50_4713,Toys4GrownUps.com,6265557265,78934 Hillside Dr.,,Pasadena,CA,90003,USA,,Young,Julie,Medium
10159,31,71.6,10,2219.6,2003-10-10,Shipped,4,10,2003,Motorcycles,81,S50_4713,Corporate Gift Ideas Co.,6505551386,7734 Strong St.,,San Francisco,CA,UNKNOWN,USA,,Brown,Julie,Small
10169,48,80.55,10,3866.4,2003-11-04,Shipped,4,11,2003,Motorcycles,81,S50_4713,"Anna's Decorations, Ltd",02 9936 8555,201 Miller Street,Level 15,North Sydney,NSW,2060,Australia,APAC,O'Hara,Anna,Medium
10180,21,81.0,5,1701.0,2003-11-11,Shipped,4,11,2003,Motorcycles,81,S50_4713,Daedalus Designs Imports,20.16.1555,"184, chausse de Tournai",,Lille,N/A,59000,France,EMEA,Rance,Martine,Small
10190,40,66.72,2,2668.8,2003-11-19,Shipped,4,11,2003,Motorcycles,81,S50_4713,Euro Shopping Channel,(91) 555 94 44,"C/ Moralzarzal, 86",,Madrid,N/A,28034,Spain,EMEA,Freyre,Diego,Small
10211,40,80.55,10,3222.0,2004-01-15,Shipped,1,1,2004,Motorcycles,81,S50_4713,Auto Canal Petit,(1) 47.55.6555,"25, rue Lauriston",,Paris,N/A,75016,France,EMEA,Perrier,Dominique,Medium
10224,50,77.29,3,3864.5,2004-02-21,Shipped,1,2,2004,Motorcycles,81,S50_4713,Daedalus Designs Imports,20.16.1555,"184, chausse de Tournai",,Lille,N/A,59000,France,EMEA,Rance,Martine,Medium
10237,20,68.34,3,1366.8,2004-04-05,Shipped,2,4,2004,Motorcycles,81,S50_4713,Vitachrome Inc.,2125551500,2678 Kingston Rd.,Suite 101,NYC,NY,10022,USA,,Frick,Michael,Small
10252,48,72.41,7,3475.68,2004-05-26,Shipped,2,5,2004,Motorcycles,81,S50_4713,Auto Canal Petit,(1) 47.55.6555,"25, rue Lauriston",,Paris,N/A,75016,France,EMEA,Perrier,Dominique,Medium
10264,47,81.0,5,3807.0,2004-06-30,Shipped,2,6,2004,Motorcycles,81,S50_4713,Gifts4AllAges.com,6175559555,8616 Spinnaker Dr.,,Boston,MA,51003,USA,,Yoshido,Juri,Medium
10276,21,70.78,11,1486.38,2004-08-02,Shipped,3,8,2004,Motorcycles,81,S50_4713,Online Mini Collectables,6175557555,7635 Spinnaker Dr.,,Brickhaven,MA,58339,USA,,Barajas,Miguel,Small
10285,39,78.92,2,3077.88,2004-08-27,Shipped,3,8,2004,Motorcycles,81,S50_4713,Marta's Replicas Co.,6175558555,39323 Spinnaker Dr.,,Cambridge,MA,51247,USA,,Hernandez,Marta,Medium
10299,44,80.55,5,3544.2,2004-09-30,Shipped,3,9,2004,Motorcycles,81,S50_4713,"Toys of Finland, Co.",90-224 8555,Keskuskatu 45,,Helsinki,N/A,21240,Finland,EMEA,Karttunen,Matti,Medium
10309,28,81.0,1,2268.0,2004-10-15,Shipped,4,10,2004,Motorcycles,81,S50_4713,Baane Mini Imports,07-98 9555,Erling Skakkes gate 78,,Stavern,N/A,4110,Norway,EMEA,Bergulfsen,Jonas,Small
10319,45,77.29,6,3478.05,2004-11-03,Shipped,4,11,2004,Motorcycles,81,S50_4713,Microscale Inc.,2125551957,5290 North Pendale Street,Suite 200,NYC,NY,10022,USA,,Kuo,Kee,Medium
10331,20,81.0,5,1620.0,2004-11-17,Shipped,4,11,2004,Motorcycles,81,S50_4713,Motor Mint Distributors Inc.,2155559857,11328 Douglas Av.,,Philadelphia,PA,71270,USA,,Hernandez,Rosa,Small
10341,38,81.0,3,3078.0,2004-11-24,Shipped,4,11,2004,Motorcycles,81,S50_4713,Salzburg Collectables,6562-9555,Geislweg 14,,Salzburg,N/A,5020,Austria,EMEA,Pipps,Georg,Medium
10356,26,81.0,4,2106.0,2004-12-09,Shipped,4,12,2004,Motorcycles,81,S50_4713,Lyon Souveniers,+33 1 46 62 7555,27 rue du Colonel Pierre Avia,,Paris,N/A,75508,France,EMEA,Da Cunha,Daniel,Small
10365,44,81.0,2,3564.0,2005-01-07,Shipped,1,1,2005,Motorcycles,81,S50_4713,Mini Creations Ltd.,5085559555,4575 Hillside Dr.,,New Bedford,MA,50553,USA,,Tam,Wing C,Medium
10375,49,81.0,8,3969.0,2005-02-03,Shipped,1,2,2005,Motorcycles,81,S50_4713,La Rochelle Gifts,40.67.8555,"67, rue des Cinquante Otages",,Nantes,N/A,44000,France,EMEA,Labrune,Janine,Medium
10390,22,81.0,13,1782.0,2005-03-04,Shipped,1,3,2005,Motorcycles,81,S50_4713,Mini Gifts Distributors Ltd.,4155551450,5677 Strong St.,,San Rafael,CA,97562,USA,,Nelson,Valarie,Small
10403,31,68.34,3,2118.54,2005-04-08,Shipped,2,4,2005,Motorcycles,81,S50_4713,"UK Collectables, Ltd.",(171) 555-2282,Berkeley Gardens 12  Brewery,,Liverpool,N/A,WX1 6LT,UK,EMEA,Devon,Elizabeth,Small
10105,41,66.0,5,2706.0,2003-02-11,Shipped,1,2,2003,Ships,66,S700_1138,Danish Wholesale Imports,31 12 3555,Vinb'ltet 34,,Kobenhavn,N/A,1734,Denmark,EMEA,Petersen,Jytte,Small
10119,25,66.0,14,1650.0,2003-04-28,Shipped,2,4,2003,Ships,66,S700_1138,Salzburg Collectables,6562-9555,Geislweg 14,,Salzburg,N/A,5020,Austria,EMEA,Pipps,Georg,Small
10129,31,60.0,5,1860.0,2003-06-12,Shipped,2,6,2003,Ships,66,S700_1138,"Stylish Desk Decors, Co.",(171) 555-0297,35 King George,,London,N/A,WX3 6FW,UK,EMEA,Brown,Ann,Small
10142,41,64.0,2,2624.0,2003-08-08,Shipped,3,8,2003,Ships,66,S700_1138,Mini Gifts Distributors Ltd.,4155551450,5677 Strong St.,,San Rafael,CA,97562,USA,,Nelson,Valarie,Small
10153,43,64.67,1,2780.81,2003-09-28,Shipped,3,9,2003,Ships,66,S700_1138,Euro Shopping Channel,(91) 555 94 44,"C/ Moralzarzal, 86",,Madrid,N/A,28034,Spain,EMEA,Freyre,Diego,Small
10167,43,66.0,12,2838.0,2003-10-23,Cancelled,4,10,2003,Ships,66,S700_1138,Scandinavian Gift Ideas,0695-34 6555,?kergatan 24,,Boras,N/A,S-844 67,Sweden,EMEA,Larsson,Maria,Small
10177,24,66.0,3,1584.0,2003-11-07,Shipped,4,11,2003,Ships,66,S700_1138,CAF Imports,+34 913 728 555,"Merchants House, 27-30 Merchant's Quay",,Madrid,N/A,28023,Spain,EMEA,Fernandez,Jesus,Small
10185,21,54.0,3,1134.0,2003-11-14,Shipped,4,11,2003,Ships,66,S700_1138,Mini Creations Ltd.,5085559555,4575 Hillside Dr.,,New Bedford,MA,50553,USA,,Tam,Wing C,Small
10197,23,64.67,9,1487.41,2003-11-26,Shipped,4,11,2003,Ships,66,S700_1138,Enaco Distributors,(93) 203 4555,"Rambla de Catalu¤a, 23",,Barcelona,N/A,8022,Spain,EMEA,Saavedra,Eduardo,Small
10208,38,66.0,3,2508.0,2004-01-02,Shipped,1,1,2004,Ships,66,S700_1138,"Saveley & Henriot, Co.",78.32.5555,"2, rue du Commerce",,Lyon,N/A,69004,France,EMEA,Saveley,Mary,Small
10222,31,62.67,15,1942.77,2004-02-19,Shipped,1,2,2004,Ships,66,S700_1138,Collectable Mini Designs Co.,7605558146,361 Furth Circle,,San Diego,CA,91217,USA,,Thompson,Valarie,Small
10233,36,66.0,3,2376.0,2004-03-29,Shipped,1,3,2004,Ships,66,S700_1138,Tekni Collectables Inc.,2015559350,7476 Moss Rd.,,Newark,NJ,94019,USA,,Brown,William,Small
10248,36,66.0,6,2376.0,2004-05-07,Cancelled,2,5,2004,Ships,66,S700_1138,Land of Toys Inc.,2125557818,897 Long Airport Avenue,,NYC,NY,10022,USA,,Yu,Kwai,Small
10261,34,62.0,4,2108.0,2004-06-17,Shipped,2,6,2004,Ships,66,S700_1138,Quebec Home Shopping Network,(514) 555-8054,43 rue St. Laurent,,Montreal,Quebec,H1J 1C3,Canada,,Fresnisre,Jean,Small
10273,21,65.34,7,1372.14,2004-07-21,Shipped,3,7,2004,Ships,66,S700_1138,Petit Auto,(02) 5554 67,Rue Joseph-Bens 532,,Bruxelles,N/A,B-1180,Belgium,EMEA,Dewey,Catherine,Small
10283,45,66.0,9,2970.0,2004-08-20,Shipped,3,8,2004,Ships,66,S700_1138,"Royal Canadian Collectables, Ltd.",(604) 555-4555,23 Tsawassen Blvd.,,Tsawassen,BC,T2F 8M4,Canada,,Lincoln,Elizabeth,Small
10295,26,66.0,4,1716.0,2004-09-10,Shipped,3,9,2004,Ships,66,S700_1138,Gifts4AllAges.com,6175559555,8616 Spinnaker Dr.,,Boston,MA,51003,USA,,Yoshido,Juri,Small
10306,50,54.0,3,2700.0,2004-10-14,Shipped,4,10,2004,Ships,66,S700_1138,"AV Stores, Co.",(171) 555-1555,Fauntleroy Circus,,Manchester,N/A,EC2 5NT,UK,EMEA,Ashworth,Victoria,Small
10315,41,62.0,2,2542.0,2004-10-29,Shipped,4,10,2004,Ships,66,S700_1138,La Rochelle Gifts,40.67.8555,"67, rue des Cinquante Otages",,Nantes,N/A,44000,France,EMEA,Labrune,Janine,Small
10326,39,60.0,1,2340.0,2004-11-09,Shipped,4,11,2004,Ships,66,S700_1138,"Volvo Model Replicas, Co",0921-12 3555,Berguvsvgen  8,,Lule,N/A,S-958 22,Sweden,EMEA,Berglund,Christina,Small
10339,22,66.0,5,1452.0,2004-11-23,Shipped,4,11,2004,Ships,66,S700_1138,"Tokyo Collectables, Ltd",+81 3 3584 0555,2-2-8 Roppongi,,Minato-ku,Tokyo,106-0032,Japan,Japan,Shimamura,Akiko,Small
10350,46,66.0,11,3036.0,2004-12-02,Shipped,4,12,2004,Ships,66,S700_1138,Euro Shopping Channel,(91) 555 94 44,"C/ Moralzarzal, 86",,Madrid,N/A,28034,Spain,EMEA,Freyre,Diego,Medium
10373,44,66.0,14,2904.0,2005-01-31,Shipped,1,1,2005,Ships,66,S700_1138,"Oulu Toy Supplies, Inc.",981-443655,Torikatu 38,,Oulu,N/A,90110,Finland,EMEA,Koskitalo,Pirkko,Small
10385,25,66.0,1,1650.0,2005-02-28,Shipped,1,2,2005,Ships,66,S700_1138,Mini Gifts Distributors Ltd.,4155551450,5677 Strong St.,,San Rafael,CA,97562,USA,,Nelson,Valarie,Small
10396,39,66.0,1,2574.0,2005-03-23,Shipped,1,3,2005,Ships,66,S700_1138,Mini Gifts Distributors Ltd.,4155551450,5677 Strong St.,,San Rafael,CA,97562,USA,,Nelson,Valarie,Small
10414,37,66.0,6,2442.0,2005-05-06,On Hold,2,5,2005,Ships,66,S700_1138,Gifts4AllAges.com,6175559555,8616 Spinnaker Dr.,,Boston,MA,51003,USA,,Yoshido,Juri,Small
10106,31,91.0,7,2821.0,2003-02-17,Shipped,1,2,2003,Planes,91,S700_1691,Rovelli Gifts,035-640555,Via Ludovico il Moro 22,,Bergamo,N/A,24100,Italy,EMEA,Rovelli,Giovanni,Small
10120,47,82.21,13,3863.87,2003-04-29,Shipped,2,4,2003,Planes,91,S700_1691,"Australian Collectors, Co.",03 9520 4555,636 St Kilda Road,Level 3,Melbourne,Victoria,3004,Australia,APAC,Ferguson,Peter,Medium
10133,24,77.64,8,1863.36,2003-06-27,Shipped,2,6,2003,Planes,91,S700_1691,Euro Shopping Channel,(91) 555 94 44,"C/ Moralzarzal, 86",,Madrid,N/A,28034,Spain,EMEA,Freyre,Diego,Small
10143,36,91.0,2,3276.0,2003-08-10,Shipped,3,8,2003,Planes,91,S700_1691,Mini Creations Ltd.,5085559555,4575 Hillside Dr.,,New Bedford,MA,50553,USA,,Tam,Wing C,Medium
10156,48,91.0,2,4368.0,2003-10-08,Shipped,4,10,2003,Planes,91,S700_1691,Euro Shopping Channel,(91) 555 94 44,"C/ Moralzarzal, 86",,Madrid,N/A,28034,Spain,EMEA,Freyre,Diego,Medium
10168,28,91.0,14,2548.0,2003-10-28,Shipped,4,10,2003,Planes,91,S700_1691,Technics Stores Inc.,6505556809,9408 Furth Circle,,Burlingame,CA,94217,USA,,Hirano,Juri,Small
10199,48,83.12,2,3989.76,2003-12-01,Shipped,4,12,2003,Planes,91,S700_1691,West Coast Collectables Co.,3105553722,3675 Furth Circle,,Burbank,CA,94019,USA,,Thompson,Steve,Medium
10210,21,78.55,12,1649.55,2004-01-12,Shipped,1,1,2004,Planes,91,S700_1691,Osaka Souveniers Co.,+81 06 6342 5555,"Dojima Avanza 4F, 1-6-20 Dojima, Kita-ku",,Osaka,Osaka,530-0003,Japan,Japan,Kentary,Mory,Small
10223,25,91.0,14,2275.0,2004-02-20,Shipped,1,2,2004,Planes,91,S700_1691,"Australian Collectors, Co.",03 9520 4555,636 St Kilda Road,Level 3,Melbourne,Victoria,3004,Australia,APAC,Ferguson,Peter,Small
10235,25,91.0,8,2275.0,2004-04-02,Shipped,2,4,2004,Planes,91,S700_1691,"Royal Canadian Collectables, Ltd.",(604) 555-4555,23 Tsawassen Blvd.,,Tsawassen,BC,T2F 8M4,Canada,,Lincoln,Elizabeth,Small
10250,31,91.0,9,2821.0,2004-05-11,Shipped,2,5,2004,Planes,91,S700_1691,The Sharp Gifts Warehouse,4085553659,3086 Ingle Ln.,,San Jose,CA,94217,USA,,Frick,Sue,Small
10262,40,84.03,4,3361.2,2004-06-24,Cancelled,2,6,2004,Planes,91,S700_1691,Euro Shopping Channel,(91) 555 94 44,"C/ Moralzarzal, 86",,Madrid,N/A,28034,Spain,EMEA,Freyre,Diego,Medium
10275,32,89.51,14,2864.32,2004-07-23,Shipped,3,7,2004,Planes,91,S700_1691,La Rochelle Gifts,40.67.8555,"67, rue des Cinquante Otages",,Nantes,N/A,44000,France,EMEA,Labrune,Janine,Small
10284,24,83.12,6,1994.88,2004-08-21,Shipped,3,8,2004,Planes,91,S700_1691,"Norway Gifts By Mail, Co.",+47 2212 1555,"Drammensveien 126 A, PB 744 Sentrum",,Oslo,N/A,N 0106,Norway,EMEA,Klaeboe,Jan,Small
10296,42,91.0,2,3822.0,2004-09-15,Shipped,3,9,2004,Planes,91,S700_1691,"Bavarian Collectables Imports, Co.",+49 89 61 08 9555,Hansastr. 15,,Munich,N/A,80686,Germany,EMEA,Donnermeyer,Michael,Medium
10308,21,91.0,12,1911.0,2004-10-15,Shipped,4,10,2004,Planes,91,S700_1691,Mini Classics,9145554562,3758 North Pendale Street,,White Plains,NY,24067,USA,,Frick,Steve,Small
10316,34,82.21,4,2795.14,2004-11-01,Shipped,4,11,2004,Planes,91,S700_1691,giftsbymail.co.uk,(198) 555-8888,Garden House Crowther Way,,Cowes,Isle of Wight,PO31 7PJ,UK,EMEA,Bennett,Helen,Small
10328,27,91.0,8,2457.0,2004-11-12,Shipped,4,11,2004,Planes,91,S700_1691,Rovelli Gifts,035-640555,Via Ludovico il Moro 22,,Bergamo,N/A,24100,Italy,EMEA,Rovelli,Giovanni,Small
10340,30,88.6,5,2658.0,2004-11-24,Shipped,4,11,2004,Planes,91,S700_1691,Enaco Distributors,(93) 203 4555,"Rambla de Catalu¤a, 23",,Barcelona,N/A,8022,Spain,EMEA,Saavedra,Eduardo,Small
10353,39,91.0,9,3549.0,2004-12-04,Shipped,4,12,2004,Planes,91,S700_1691,Gift Ideas Corp.,2035554407,2440 Pompton St.,,Glendale,CT,97561,USA,,Lewis,Dan,Medium
10361,20,60.54,4,1210.8,2004-12-17,Shipped,4,12,2004,Planes,91,S700_1691,Souveniers And Things Co.,+61 2 9495 8555,"Monitor Money Building, 815 Pacific Hwy",Level 6,Chatswood,NSW,2067,Australia,APAC,Huxley,Adrian,Small
10375,37,81.87,6,3029.19,2005-02-03,Shipped,1,2,2005,Planes,91,S700_1691,La Rochelle Gifts,40.67.8555,"67, rue des Cinquante Otages",,Nantes,N/A,44000,France,EMEA,Labrune,Janine,Medium
10388,46,91.0,2,4186.0,2005-03-03,Shipped,1,3,2005,Planes,91,S700_1691,FunGiftIdeas.com,5085552555,1785 First Street,,New Bedford,MA,50553,USA,,Benitez,Violeta,Medium
10398,47,87.69,6,4121.43,2005-03-30,Shipped,1,3,2005,Planes,91,S700_1691,Reims Collectables,26.47.1555,59 rue de l'Abbaye,,Reims,N/A,51100,France,EMEA,Henriot,Paul,Medium
10401,11,91.0,8,1001.0,2005-04-03,On Hold,2,4,2005,Planes,91,S700_1691,Tekni Collectables Inc.,2015559350,7476 Moss Rd.,,Newark,NJ,94019,USA,,Brown,William,Small
10416,23,91.0,9,2093.0,2005-05-10,Shipped,2,5,2005,Planes,91,S700_1691,L'ordine Souveniers,0522-556555,Strada Provinciale 124,,Reggio Emilia,N/A,42100,Italy,EMEA,Moroni,Maurizio,Small
10105,29,70.15,12,2034.35,2003-02-11,Shipped,1,2,2003,Ships,86,S700_1938,Danish Wholesale Imports,31 12 3555,Vinb'ltet 34,,Kobenhavn,N/A,1734,Denmark,EMEA,Petersen,Jytte,Small
10117,38,79.68,6,3027.84,2003-04-16,Shipped,2,4,2003,Ships,86,S700_1938,"Dragon Souveniers, Ltd.",+65 221 7555,"Bronz Sok., Bronz Apt. 3/6 Tesvikiye",,Singapore,N/A,79903,Singapore,Japan,Natividad,Eric,Medium
10128,32,86.0,3,2752.0,2003-06-06,Shipped,2,6,2003,Ships,86,S700_1938,Euro Shopping Channel,(91) 555 94 44,"C/ Moralzarzal, 86",,Madrid,N/A,28034,Spain,EMEA,Freyre,Diego,Small
10142,43,84.01,9,3612.43,2003-08-08,Shipped,3,8,2003,Ships,86,S700_1938,Mini Gifts Distributors Ltd.,4155551450,5677 Strong St.,,San Rafael,CA,97562,USA,,Nelson,Valarie,Medium
10153,31,86.0,8,2666.0,2003-09-28,Shipped,3,9,2003,Ships,86,S700_1938,Euro Shopping Channel,(91) 555 94 44,"C/ Moralzarzal, 86",,Madrid,N/A,28034,Spain,EMEA,Freyre,Diego,Small
10166,29,86.0,3,2494.0,2003-10-21,Shipped,4,10,2003,Ships,86,S700_1938,FunGiftIdeas.com,5085552555,1785 First Street,,New Bedford,MA,50553,USA,,Benitez,Violeta,Small
10177,31,86.0,10,2666.0,2003-11-07,Shipped,4,11,2003,Ships,86,S700_1938,CAF Imports,+34 913 728 555,"Merchants House, 27-30 Merchant's Quay",,Madrid,N/A,28023,Spain,EMEA,Fernandez,Jesus,Small
10185,30,86.0,10,2580.0,2003-11-14,Shipped,4,11,2003,Ships,86,S700_1938,Mini Creations Ltd.,5085559555,4575 Hillside Dr.,,New Bedford,MA,50553,USA,,Tam,Wing C,Small
10196,50,86.0,2,4300.0,2003-11-26,Shipped,4,11,2003,Ships,86,S700_1938,Super Scale Inc.,2035559545,567 North Pendale Street,,New Haven,CT,97823,USA,,Murphy,Leslie,Medium
10208,40,80.55,10,3222.0,2004-01-02,Shipped,1,1,2004,Ships,86,S700_1938,"Saveley & Henriot, Co.",78.32.5555,"2, rue du Commerce",,Lyon,N/A,69004,France,EMEA,Saveley,Mary,Medium
10221,23,86.0,4,1978.0,2004-02-18,Shipped,1,2,2004,Ships,86,S700_1938,Petit Auto,(02) 5554 67,Rue Joseph-Bens 532,,Bruxelles,N/A,B-1180,Belgium,EMEA,Dewey,Catherine,Small
10232,26,86.0,7,2236.0,2004-03-20,Shipped,1,3,2004,Ships,86,S700_1938,giftsbymail.co.uk,(198) 555-8888,Garden House Crowther Way,,Cowes,Isle of Wight,PO31 7PJ,UK,EMEA,Bennett,Helen,Small
10248,40,86.0,13,3440.0,2004-05-07,Cancelled,2,5,2004,Ships,86,S700_1938,Land of Toys Inc.,2125557818,897 Long Airport Avenue,,NYC,NY,10022,USA,,Yu,Kwai,Medium
10273,21,86.0,14,1806.0,2004-07-21,Shipped,3,7,2004,Ships,86,S700_1938,Petit Auto,(02) 5554 67,Rue Joseph-Bens 532,,Bruxelles,N/A,B-1180,Belgium,EMEA,Dewey,Catherine,Small
10282,43,86.0,2,3698.0,2004-08-20,Shipped,3,8,2004,Ships,86,S700_1938,Mini Gifts Distributors Ltd.,4155551450,5677 Strong St.,,San Rafael,CA,97562,USA,,Nelson,Valarie,Medium
10293,29,71.89,5,2084.81,2004-09-09,Shipped,3,9,2004,Ships,86,S700_1938,Amica Models & Co.,011-4988555,Via Monte Bianco 34,,Torino,N/A,10100,Italy,EMEA,Accorti,Paolo,Small
10306,38,86.0,10,3268.0,2004-10-14,Shipped,4,10,2004,Ships,86,S700_1938,"AV Stores, Co.",(171) 555-1555,Fauntleroy Circus,,Manchester,N/A,EC2 5NT,UK,EMEA,Ashworth,Victoria,Medium
10314,23,76.22,2,1753.06,2004-10-22,Shipped,4,10,2004,Ships,86,S700_1938,Heintze Collectables,86 21 3555,Smagsloget 45,,Aaarhus,N/A,8200,Denmark,EMEA,Ibsen,Palle,Small
10327,20,86.0,7,1720.0,2004-11-10,Resolved,4,11,2004,Ships,86,S700_1938,Danish Wholesale Imports,31 12 3555,Vinb'ltet 34,,Kobenhavn,N/A,1734,Denmark,EMEA,Petersen,Jytte,Small
10337,36,70.3,9,2530.8,2004-11-21,Shipped,4,11,2004,Ships,86,S700_1938,Classic Legends Inc.,2125558493,5905 Pompton St.,Suite 750,NYC,NY,10022,USA,,Hernandez,Maria,Small
10350,28,86.0,4,2408.0,2004-12-02,Shipped,4,12,2004,Ships,86,S700_1938,Euro Shopping Channel,(91) 555 94 44,"C/ Moralzarzal, 86",,Madrid,N/A,28034,Spain,EMEA,Freyre,Diego,Small
10372,44,86.0,2,3784.0,2005-01-26,Shipped,1,1,2005,Ships,86,S700_1938,"Tokyo Collectables, Ltd",+81 3 3584 0555,2-2-8 Roppongi,,Minato-ku,Tokyo,106-0032,Japan,Japan,Shimamura,Akiko,Medium
10384,49,86.0,1,4214.0,2005-02-23,Shipped,1,2,2005,Ships,86,S700_1938,Corporate Gift Ideas Co.,6505551386,7734 Strong St.,,San Francisco,CA,UNKNOWN,USA,,Brown,Julie,Medium
10397,32,80.55,5,2577.6,2005-03-28,Shipped,1,3,2005,Ships,86,S700_1938,Alpha Cognac,61.77.6555,1 rue Alsace-Lorraine,,Toulouse,N/A,31000,France,EMEA,Roulet,Annette,Small
10414,34,86.0,13,2924.0,2005-05-06,On Hold,2,5,2005,Ships,86,S700_1938,Gifts4AllAges.com,6175559555,8616 Spinnaker Dr.,,Boston,MA,51003,USA,,Yoshido,Juri,Small
10106,30,90.0,16,2700.0,2003-02-17,Shipped,1,2,2003,Ships,90,S700_2047,Rovelli Gifts,035-640555,Via Ludovico il Moro 22,,Bergamo,N/A,24100,Italy,EMEA,Rovelli,Giovanni,Small
10119,29,90.0,7,2610.0,2003-04-28,Shipped,2,4,2003,Ships,90,S700_2047,Salzburg Collectables,6562-9555,Geislweg 14,,Salzburg,N/A,5020,Austria,EMEA,Pipps,Georg,Small
10131,22,85.99,8,1891.78,2003-06-16,Shipped,2,6,2003,Ships,90,S700_2047,Gift Ideas Corp.,2035554407,2440 Pompton St.,,Glendale,CT,97561,USA,,Lewis,Dan,Small
10143,26,90.0,11,2340.0,2003-08-10,Shipped,3,8,2003,Ships,90,S700_2047,Mini Creations Ltd.,5085559555,4575 Hillside Dr.,,New Bedford,MA,50553,USA,,Tam,Wing C,Small
10155,32,90.0,9,2880.0,2003-10-06,Shipped,4,10,2003,Ships,90,S700_2047,"Toys of Finland, Co.",90-224 8555,Keskuskatu 45,,Helsinki,N/A,21240,Finland,EMEA,Karttunen,Matti,Small
10167,29,90.0,5,2610.0,2003-10-23,Cancelled,4,10,2003,Ships,90,S700_2047,Scandinavian Gift Ideas,0695-34 6555,?kergatan 24,,Boras,N/A,S-844 67,Sweden,EMEA,Larsson,Maria,Small
10178,34,90.0,8,3060.0,2003-11-08,Shipped,4,11,2003,Ships,90,S700_2047,Alpha Cognac,61.77.6555,1 rue Alsace-Lorraine,,Toulouse,N/A,31000,France,EMEA,Roulet,Annette,Medium
10186,24,90.0,5,2160.0,2003-11-14,Shipped,4,11,2003,Ships,90,S700_2047,"Double Decker Gift Stores, Ltd",(171) 555-7555,120 Hanover Sq.,,London,N/A,WA1 1DP,UK,EMEA,Hardy,Thomas,Small
10197,24,90.0,2,2160.0,2003-11-26,Shipped,4,11,2003,Ships,90,S700_2047,Enaco Distributors,(93) 203 4555,"Rambla de Catalu¤a, 23",,Barcelona,N/A,8022,Spain,EMEA,Saavedra,Eduardo,Small
10209,33,88.71,4,2927.43,2004-01-09,Shipped,1,1,2004,Ships,90,S700_2047,"Men 'R' US Retailers, Ltd.",2155554369,6047 Douglas Av.,,Los Angeles,CA,UNKNOWN,USA,,Chandler,Michael,Small
10222,26,90.0,8,2340.0,2004-02-19,Shipped,1,2,2004,Ships,90,S700_2047,Collectable Mini Designs Co.,7605558146,361 Furth Circle,,San Diego,CA,91217,USA,,Thompson,Valarie,Small
10249,40,90.0,4,3600.0,2004-05-08,Shipped,2,5,2004,Ships,90,S700_2047,Cambridge Collectables Co.,6175555555,4658 Baden Av.,,Cambridge,MA,51247,USA,,Tseng,Kyung,Medium
10262,44,90.0,13,3960.0,2004-06-24,Cancelled,2,6,2004,Ships,90,S700_2047,Euro Shopping Channel,(91) 555 94 44,"C/ Moralzarzal, 86",,Madrid,N/A,28034,Spain,EMEA,Freyre,Diego,Medium
10274,24,90.0,5,2160.0,2004-07-21,Shipped,3,7,2004,Ships,90,S700_2047,Collectables For Less Inc.,6175558555,7825 Douglas Av.,,Brickhaven,MA,58339,USA,,Nelson,Allen,Small
10283,20,90.0,2,1800.0,2004-08-20,Shipped,3,8,2004,Ships,90,S700_2047,"Royal Canadian Collectables, Ltd.",(604) 555-4555,23 Tsawassen Blvd.,,Tsawassen,BC,T2F 8M4,Canada,,Lincoln,Elizabeth,Small
10296,34,90.0,11,3060.0,2004-09-15,Shipped,3,9,2004,Ships,90,S700_2047,"Bavarian Collectables Imports, Co.",+49 89 61 08 9555,Hansastr. 15,,Munich,N/A,80686,Germany,EMEA,Donnermeyer,Michael,Medium
10307,34,90.0,5,3060.0,2004-10-14,Shipped,4,10,2004,Ships,90,S700_2047,"Classic Gift Ideas, Inc",2155554695,782 First Street,,Philadelphia,PA,71270,USA,,Cervantes,Francisca,Medium
10316,45,90.0,13,4050.0,2004-11-01,Shipped,4,11,2004,Ships,90,S700_2047,giftsbymail.co.uk,(198) 555-8888,Garden House Crowther Way,,Cowes,Isle of Wight,PO31 7PJ,UK,EMEA,Bennett,Helen,Medium
10328,41,90.0,9,3690.0,2004-11-12,Shipped,4,11,2004,Ships,90,S700_2047,Rovelli Gifts,035-640555,Via Ludovico il Moro 22,,Bergamo,N/A,24100,Italy,EMEA,Rovelli,Giovanni,Medium
10339,55,71.25,15,3918.75,2004-11-23,Shipped,4,11,2004,Ships,90,S700_2047,"Tokyo Collectables, Ltd",+81 3 3584 0555,2-2-8 Roppongi,,Minato-ku,Tokyo,106-0032,Japan,Japan,Shimamura,Akiko,Medium
10352,23,90.0,3,2070.0,2004-12-03,Shipped,4,12,2004,Ships,90,S700_2047,Auto-Moto Classics Inc.,6175558428,16780 Pompton St.,,Brickhaven,MA,58339,USA,,Taylor,Leslie,Small
10361,24,45.39,14,1089.36,2004-12-17,Shipped,4,12,2004,Ships,90,S700_2047,Souveniers And Things Co.,+61 2 9495 8555,"Monitor Money Building, 815 Pacific Hwy",Level 6,Chatswood,NSW,2067,Australia,APAC,Huxley,Adrian,Small
10373,32,84.41,15,2701.12,2005-01-31,Shipped,1,1,2005,Ships,90,S700_2047,"Oulu Toy Supplies, Inc.",981-443655,Torikatu 38,,Oulu,N/A,90110,Finland,EMEA,Koskitalo,Pirkko,Small
10386,29,85.76,13,2487.04,2005-03-01,Resolved,1,3,2005,Ships,90,S700_2047,Euro Shopping Channel,(91) 555 94 44,"C/ Moralzarzal, 86",,Madrid,N/A,28034,Spain,EMEA,Freyre,Diego,Small
10398,36,90.0,7,3240.0,2005-03-30,Shipped,1,3,2005,Ships,90,S700_2047,Reims Collectables,26.47.1555,59 rue de l'Abbaye,,Reims,N/A,51100,France,EMEA,Henriot,Paul,Medium
10400,46,87.8,5,4038.8,2005-04-01,Shipped,2,4,2005,Ships,90,S700_2047,The Sharp Gifts Warehouse,4085553659,3086 Ingle Ln.,,San Jose,CA,94217,USA,,Frick,Sue,Medium
10415,32,90.0,4,2880.0,2005-05-09,Disputed,2,5,2005,Ships,90,S700_2047,"Australian Collectables, Ltd",61-9-3844-6555,7 Allen Street,,Glen Waverly,Victoria,3150,Australia,APAC,Connery,Sean,Small
10106,34,99.0,9,3366.0,2003-02-17,Shipped,1,2,2003,Planes,99,S700_2466,Rovelli Gifts,035-640555,Via Ludovico il Moro 22,,Bergamo,N/A,24100,Italy,EMEA,Rovelli,Giovanni,Medium
10120,24,99.0,15,2376.0,2003-04-29,Shipped,2,4,2003,Planes,99,S700_2466,"Australian Collectors, Co.",03 9520 4555,636 St Kilda Road,Level 3,Melbourne,Victoria,3004,Australia,APAC,Ferguson,Peter,Small
10131,40,99.0,1,3960.0,2003-06-16,Shipped,2,6,2003,Planes,99,S700_2466,Gift Ideas Corp.,2035554407,2440 Pompton St.,,Glendale,CT,97561,USA,,Lewis,Dan,Medium
10143,26,82.77,4,2152.02,2003-08-10,Shipped,3,8,2003,Planes,99,S700_2466,Mini Creations Ltd.,5085559555,4575 Hillside Dr.,,New Bedford,MA,50553,USA,,Tam,Wing C,Small
10155,20,99.0,2,1980.0,2003-10-06,Shipped,4,10,2003,Planes,99,S700_2466,"Toys of Finland, Co.",90-224 8555,Keskuskatu 45,,Helsinki,N/A,21240,Finland,EMEA,Karttunen,Matti,Small
10168,31,99.0,16,3069.0,2003-10-28,Shipped,4,10,2003,Planes,99,S700_2466,Technics Stores Inc.,6505556809,9408 Furth Circle,,Burlingame,CA,94217,USA,,Hirano,Juri,Medium
10178,22,87.75,1,1930.5,2003-11-08,Shipped,4,11,2003,Planes,99,S700_2466,Alpha Cognac,61.77.6555,1 rue Alsace-Lorraine,,Toulouse,N/A,31000,France,EMEA,Roulet,Annette,Small
10198,42,99.0,1,4158.0,2003-11-27,Shipped,4,11,2003,Planes,99,S700_2466,Cruz & Sons Co.,+63 2 555 3587,15 McCallum Street - NatWest Center #13-03,,Makati City,N/A,1227 MM,Philippines,Japan,Cruz,Arnold,Medium
10210,26,99.0,14,2574.0,2004-01-12,Shipped,1,1,2004,Planes,99,S700_2466,Osaka Souveniers Co.,+81 06 6342 5555,"Dojima Avanza 4F, 1-6-20 Dojima, Kita-ku",,Osaka,Osaka,530-0003,Japan,Japan,Kentary,Mory,Small
10222,37,87.75,1,3246.75,2004-02-19,Shipped,1,2,2004,Planes,99,S700_2466,Collectable Mini Designs Co.,7605558146,361 Furth Circle,,San Diego,CA,91217,USA,,Thompson,Valarie,Medium
10235,38,88.75,10,3372.5,2004-04-02,Shipped,2,4,2004,Planes,99,S700_2466,"Royal Canadian Collectables, Ltd.",(604) 555-4555,23 Tsawassen Blvd.,,Tsawassen,BC,T2F 8M4,Canada,,Lincoln,Elizabeth,Medium
10250,35,99.0,11,3465.0,2004-05-11,Shipped,2,5,2004,Planes,99,S700_2466,The Sharp Gifts Warehouse,4085553659,3086 Ingle Ln.,,San Jose,CA,94217,USA,,Frick,Sue,Medium
10262,33,90.75,6,2994.75,2004-06-24,Cancelled,2,6,2004,Planes,99,S700_2466,Euro Shopping Channel,(91) 555 94 44,"C/ Moralzarzal, 86",,Madrid,N/A,28034,Spain,EMEA,Freyre,Diego,Small
10275,39,99.0,16,3861.0,2004-07-23,Shipped,3,7,2004,Planes,99,S700_2466,La Rochelle Gifts,40.67.8555,"67, rue des Cinquante Otages",,Nantes,N/A,44000,France,EMEA,Labrune,Janine,Medium
10284,45,99.0,8,4455.0,2004-08-21,Shipped,3,8,2004,Planes,99,S700_2466,"Norway Gifts By Mail, Co.",+47 2212 1555,"Drammensveien 126 A, PB 744 Sentrum",,Oslo,N/A,N 0106,Norway,EMEA,Klaeboe,Jan,Medium
10296,24,99.0,4,2376.0,2004-09-15,Shipped,3,9,2004,Planes,99,S700_2466,"Bavarian Collectables Imports, Co.",+49 89 61 08 9555,Hansastr. 15,,Munich,N/A,80686,Germany,EMEA,Donnermeyer,Michael,Small
10308,35,88.75,14,3106.25,2004-10-15,Shipped,4,10,2004,Planes,99,S700_2466,Mini Classics,9145554562,3758 North Pendale Street,,White Plains,NY,24067,USA,,Frick,Steve,Medium
10316,23,99.0,6,2277.0,2004-11-01,Shipped,4,11,2004,Planes,99,S700_2466,giftsbymail.co.uk,(198) 555-8888,Garden House Crowther Way,,Cowes,Isle of Wight,PO31 7PJ,UK,EMEA,Bennett,Helen,Small
10328,37,99.0,10,3663.0,2004-11-12,Shipped,4,11,2004,Planes,99,S700_2466,Rovelli Gifts,035-640555,Via Ludovico il Moro 22,,Bergamo,N/A,24100,Italy,EMEA,Rovelli,Giovanni,Medium
10340,55,87.75,7,4826.25,2004-11-24,Shipped,4,11,2004,Planes,99,S700_2466,Enaco Distributors,(93) 203 4555,"Rambla de Catalu¤a, 23",,Barcelona,N/A,8022,Spain,EMEA,Saavedra,Eduardo,Medium
10352,49,99.0,2,4851.0,2004-12-03,Shipped,4,12,2004,Planes,99,S700_2466,Auto-Moto Classics Inc.,6175558428,16780 Pompton St.,,Brickhaven,MA,58339,USA,,Taylor,Leslie,Medium
10361,26,99.0,9,2574.0,2004-12-17,Shipped,4,12,2004,Planes,99,S700_2466,Souveniers And Things Co.,+61 2 9495 8555,"Monitor Money Building, 815 Pacific Hwy",Level 6,Chatswood,NSW,2067,Australia,APAC,Huxley,Adrian,Small
10375,33,99.0,1,3267.0,2005-02-03,Shipped,1,2,2005,Planes,99,S700_2466,La Rochelle Gifts,40.67.8555,"67, rue des Cinquante Otages",,Nantes,N/A,44000,France,EMEA,Labrune,Janine,Medium
10386,37,83.84,14,3102.08,2005-03-01,Resolved,1,3,2005,Planes,99,S700_2466,Euro Shopping Channel,(91) 555 94 44,"C/ Moralzarzal, 86",,Madrid,N/A,28034,Spain,EMEA,Freyre,Diego,Medium
10398,22,86.76,8,1908.72,2005-03-30,Shipped,1,3,2005,Planes,99,S700_2466,Reims Collectables,26.47.1555,59 rue de l'Abbaye,,Reims,N/A,51100,France,EMEA,Henriot,Paul,Small
10401,85,88.75,10,7543.75,2005-04-03,On Hold,2,4,2005,Planes,99,S700_2466,Tekni Collectables Inc.,2015559350,7476 Moss Rd.,,Newark,NJ,94019,USA,,Brown,William,Large
10416,22,99.0,11,2178.0,2005-05-10,Shipped,2,5,2005,Planes,99,S700_2466,L'ordine Souveniers,0522-556555,Strada Provinciale 124,,Reggio Emilia,N/A,42100,Italy,EMEA,Moroni,Maurizio,Small
10105,31,65.77,3,2038.87,2003-02-11,Shipped,1,2,2003,Ships,72,S700_2610,Danish Wholesale Imports,31 12 3555,Vinb'ltet 34,,Kobenhavn,N/A,1734,Denmark,EMEA,Petersen,Jytte,Small
10119,38,65.77,12,2499.26,2003-04-28,Shipped,2,4,2003,Ships,72,S700_2610,Salzburg Collectables,6562-9555,Geislweg 14,,Salzburg,N/A,5020,Austria,EMEA,Pipps,Georg,Small
10129,45,72.0,3,3240.0,2003-06-12,Shipped,2,6,2003,Ships,72,S700_2610,"Stylish Desk Decors, Co.",(171) 555-0297,35 King George,,London,N/A,WX3 6FW,UK,EMEA,Brown,Ann,Medium
10143,31,72.0,16,2232.0,2003-08-10,Shipped,3,8,2003,Ships,72,S700_2610,Mini Creations Ltd.,5085559555,4575 Hillside Dr.,,New Bedford,MA,50553,USA,,Tam,Wing C,Small
10154,36,64.33,1,2315.88,2003-10-02,Shipped,4,10,2003,Ships,72,S700_2610,Boards & Toys Co.,3105552373,4097 Douglas Av.,,Glendale,CA,92561,USA,,Young,Leslie,Small
10167,46,70.11,10,3225.06,2003-10-23,Cancelled,4,10,2003,Ships,72,S700_2610,Scandinavian Gift Ideas,0695-34 6555,?kergatan 24,,Boras,N/A,S-844 67,Sweden,EMEA,Larsson,Maria,Medium
10177,32,72.0,1,2304.0,2003-11-07,Shipped,4,11,2003,Ships,72,S700_2610,CAF Imports,+34 913 728 555,"Merchants House, 27-30 Merchant's Quay",,Madrid,N/A,28023,Spain,EMEA,Fernandez,Jesus,Small
10185,39,57.82,1,2254.98,2003-11-14,Shipped,4,11,2003,Ships,72,S700_2610,Mini Creations Ltd.,5085559555,4575 Hillside Dr.,,New Bedford,MA,50553,USA,,Tam,Wing C,Small
10197,50,72.0,7,3600.0,2003-11-26,Shipped,4,11,2003,Ships,72,S700_2610,Enaco Distributors,(93) 203 4555,"Rambla de Catalu¤a, 23",,Barcelona,N/A,8022,Spain,EMEA,Saavedra,Eduardo,Medium
10208,46,72.0,1,3312.0,2004-01-02,Shipped,1,1,2004,Ships,72,S700_2610,"Saveley & Henriot, Co.",78.32.5555,"2, rue du Commerce",,Lyon,N/A,69004,France,EMEA,Saveley,Mary,Medium
10222,36,72.0,13,2592.0,2004-02-19,Shipped,1,2,2004,Ships,72,S700_2610,Collectable Mini Designs Co.,7605558146,361 Furth Circle,,San Diego,CA,91217,USA,,Thompson,Valarie,Small
10233,29,72.0,1,2088.0,2004-03-29,Shipped,1,3,2004,Ships,72,S700_2610,Tekni Collectables Inc.,2015559350,7476 Moss Rd.,,Newark,NJ,94019,USA,,Brown,William,Small
10248,32,72.0,4,2304.0,2004-05-07,Cancelled,2,5,2004,Ships,72,S700_2610,Land of Toys Inc.,2125557818,897 Long Airport Avenue,,NYC,NY,10022,USA,,Yu,Kwai,Small
10261,44,68.67,2,3021.48,2004-06-17,Shipped,2,6,2004,Ships,72,S700_2610,Quebec Home Shopping Network,(514) 555-8054,43 rue St. Laurent,,Montreal,Quebec,H1J 1C3,Canada,,Fresnisre,Jean,Medium
10273,42,62.16,5,2610.72,2004-07-21,Shipped,3,7,2004,Ships,72,S700_2610,Petit Auto,(02) 5554 67,Rue Joseph-Bens 532,,Bruxelles,N/A,B-1180,Belgium,EMEA,Dewey,Catherine,Small
10283,47,65.77,7,3091.19,2004-08-20,Shipped,3,8,2004,Ships,72,S700_2610,"Royal Canadian Collectables, Ltd.",(604) 555-4555,23 Tsawassen Blvd.,,Tsawassen,BC,T2F 8M4,Canada,,Lincoln,Elizabeth,Medium
10295,44,58.55,2,2576.2,2004-09-10,Shipped,3,9,2004,Ships,72,S700_2610,Gifts4AllAges.com,6175559555,8616 Spinnaker Dr.,,Boston,MA,51003,USA,,Yoshido,Juri,Small
10306,43,72.0,1,3096.0,2004-10-14,Shipped,4,10,2004,Ships,72,S700_2610,"AV Stores, Co.",(171) 555-1555,Fauntleroy Circus,,Manchester,N/A,EC2 5NT,UK,EMEA,Ashworth,Victoria,Medium
10316,48,72.0,18,3456.0,2004-11-01,Shipped,4,11,2004,Ships,72,S700_2610,giftsbymail.co.uk,(198) 555-8888,Garden House Crowther Way,,Cowes,Isle of Wight,PO31 7PJ,UK,EMEA,Bennett,Helen,Medium
10327,21,72.0,1,1512.0,2004-11-10,Resolved,4,11,2004,Ships,72,S700_2610,Danish Wholesale Imports,31 12 3555,Vinb'ltet 34,,Kobenhavn,N/A,1734,Denmark,EMEA,Petersen,Jytte,Small
10339,50,72.0,9,3600.0,2004-11-23,Shipped,4,11,2004,Ships,72,S700_2610,"Tokyo Collectables, Ltd",+81 3 3584 0555,2-2-8 Roppongi,,Minato-ku,Tokyo,106-0032,Japan,Japan,Shimamura,Akiko,Medium
10350,29,72.0,12,2088.0,2004-12-02,Shipped,4,12,2004,Ships,72,S700_2610,Euro Shopping Channel,(91) 555 94 44,"C/ Moralzarzal, 86",,Madrid,N/A,28034,Spain,EMEA,Freyre,Diego,Small
10373,41,70.33,16,2883.53,2005-01-31,Shipped,1,1,2005,Ships,72,S700_2610,"Oulu Toy Supplies, Inc.",981-443655,Torikatu 38,,Oulu,N/A,90110,Finland,EMEA,Koskitalo,Pirkko,Small
10386,37,72.0,10,2664.0,2005-03-01,Resolved,1,3,2005,Ships,72,S700_2610,Euro Shopping Channel,(91) 555 94 44,"C/ Moralzarzal, 86",,Madrid,N/A,28034,Spain,EMEA,Freyre,Diego,Small
10397,22,66.5,4,1463.0,2005-03-28,Shipped,1,3,2005,Ships,72,S700_2610,Alpha Cognac,61.77.6555,1 rue Alsace-Lorraine,,Toulouse,N/A,31000,France,EMEA,Roulet,Annette,Small
10414,31,72.0,4,2232.0,2005-05-06,On Hold,2,5,2005,Ships,72,S700_2610,Gifts4AllAges.com,6175559555,8616 Spinnaker Dr.,,Boston,MA,51003,USA,,Yoshido,Juri,Small
10103,42,100.0,6,4200.0,2003-01-29,Shipped,1,1,2003,Classic Cars,101,S700_2824,Baane Mini Imports,07-98 9555,Erling Skakkes gate 78,,Stavern,N/A,4110,Norway,EMEA,Bergulfsen,Jonas,Medium
10114,42,100.0,10,4200.0,2003-04-01,Shipped,2,4,2003,Classic Cars,101,S700_2824,"La Corne D'abondance, Co.",(1) 42.34.2555,"265, boulevard Charonne",,Paris,N/A,75012,France,EMEA,Bertrand,Marie,Medium
10126,45,100.0,6,4500.0,2003-05-28,Shipped,2,5,2003,Classic Cars,101,S700_2824,"Corrida Auto Replicas, Ltd",(91) 555 22 82,"C/ Araquil, 67",,Madrid,N/A,28023,Spain,EMEA,Sommer,Mart¡n,Medium
10140,36,100.0,6,3600.0,2003-07-24,Shipped,3,7,2003,Classic Cars,101,S700_2824,Technics Stores Inc.,6505556809,9408 Furth Circle,,Burlingame,CA,94217,USA,,Hirano,Juri,Medium
10150,20,100.0,3,2000.0,2003-09-19,Shipped,3,9,2003,Classic Cars,101,S700_2824,"Dragon Souveniers, Ltd.",+65 221 7555,"Bronz Sok., Bronz Apt. 3/6 Tesvikiye",,Singapore,N/A,79903,Singapore,Japan,Natividad,Eric,Small
10164,39,81.93,4,3195.27,2003-10-21,Resolved,4,10,2003,Classic Cars,101,S700_2824,Mini Auto Werke,7675-3555,Kirchgasse 6,,Graz,N/A,8010,Austria,EMEA,Mendel,Roland,Medium
10175,42,85.98,11,3611.16,2003-11-06,Shipped,4,11,2003,Classic Cars,101,S700_2824,"Stylish Desk Decors, Co.",(171) 555-0297,35 King George,,London,N/A,WX3 6FW,UK,EMEA,Brown,Ann,Medium
10183,23,86.99,3,2000.77,2003-11-13,Shipped,4,11,2003,Classic Cars,101,S700_2824,"Classic Gift Ideas, Inc",2155554695,782 First Street,,Philadelphia,PA,71270,USA,,Cervantes,Francisca,Small
10194,26,89.01,6,2314.26,2003-11-25,Shipped,4,11,2003,Classic Cars,101,S700_2824,"Saveley & Henriot, Co.",78.32.5555,"2, rue du Commerce",,Lyon,N/A,69004,France,EMEA,Saveley,Mary,Small
10206,33,100.0,1,3300.0,2003-12-05,Shipped,4,12,2003,Classic Cars,101,S700_2824,Canadian Gift Exchange Network,(604) 555-3392,1900 Oak St.,,Vancouver,BC,V3F 2K1,Canada,,Tannamuri,Yoshi,Medium
10217,31,88.0,6,2728.0,2004-02-04,Shipped,1,2,2004,Classic Cars,101,S700_2824,Handji Gifts& Co,+65 224 1555,Village Close - 106 Linden Road Sandown,2nd Floor,Singapore,N/A,69045,Singapore,Japan,Victorino,Wendy,Small
10229,50,100.0,11,5000.0,2004-03-11,Shipped,1,3,2004,Classic Cars,101,S700_2824,Mini Gifts Distributors Ltd.,4155551450,5677 Strong St.,,San Rafael,CA,97562,USA,,Nelson,Valarie,Medium
10245,44,100.0,4,4400.0,2004-05-04,Shipped,2,5,2004,Classic Cars,101,S700_2824,Super Scale Inc.,2035559545,567 North Pendale Street,,New Haven,CT,97823,USA,,Murphy,Leslie,Medium
10258,45,80.92,1,3641.4,2004-06-15,Shipped,2,6,2004,Classic Cars,101,S700_2824,"Tokyo Collectables, Ltd",+81 3 3584 0555,2-2-8 Roppongi,,Minato-ku,Tokyo,106-0032,Japan,Japan,Shimamura,Akiko,Medium
10270,46,88.0,4,4048.0,2004-07-19,Shipped,3,7,2004,Classic Cars,101,S700_2824,Souveniers And Things Co.,+61 2 9495 8555,"Monitor Money Building, 815 Pacific Hwy",Level 6,Chatswood,NSW,2067,Australia,APAC,Huxley,Adrian,Medium
10281,27,85.98,11,2321.46,2004-08-19,Shipped,3,8,2004,Classic Cars,101,S700_2824,Diecast Classics Inc.,2155551555,7586 Pompton St.,,Allentown,PA,70267,USA,,Yu,Kyung,Small
10291,28,100.0,6,2800.0,2004-09-08,Shipped,3,9,2004,Classic Cars,101,S700_2824,Scandinavian Gift Ideas,0695-34 6555,?kergatan 24,,Boras,N/A,S-844 67,Sweden,EMEA,Larsson,Maria,Small
10304,40,100.0,1,4000.0,2004-10-11,Shipped,4,10,2004,Classic Cars,101,S700_2824,Auto Assoc. & Cie.,30.59.8555,"67, avenue de l'Europe",,Versailles,N/A,78000,France,EMEA,Tonini,Daniel,Medium
10313,30,99.13,9,2973.9,2004-10-22,Shipped,4,10,2004,Classic Cars,101,S700_2824,Canadian Gift Exchange Network,(604) 555-3392,1900 Oak St.,,Vancouver,BC,V3F 2K1,Canada,,Tannamuri,Yoshi,Small
10324,34,100.0,5,3400.0,2004-11-05,Shipped,4,11,2004,Classic Cars,101,S700_2824,Vitachrome Inc.,2125551500,2678 Kingston Rd.,Suite 101,NYC,NY,10022,USA,,Frick,Michael,Medium
10336,46,100.0,2,4600.0,2004-11-20,Shipped,4,11,2004,Classic Cars,101,S700_2824,"La Corne D'abondance, Co.",(1) 42.34.2555,"265, boulevard Charonne",,Paris,N/A,75012,France,EMEA,Bertrand,Marie,Medium
10348,32,82.83,7,2650.56,2004-11-01,Shipped,4,11,2004,Classic Cars,101,S700_2824,"Corrida Auto Replicas, Ltd",(91) 555 22 82,"C/ Araquil, 67",,Madrid,N/A,28023,Spain,EMEA,Sommer,Mart¡n,Small
10358,27,100.0,3,2700.0,2004-12-10,Shipped,4,12,2004,Classic Cars,101,S700_2824,Euro Shopping Channel,(91) 555 94 44,"C/ Moralzarzal, 86",,Madrid,N/A,28034,Spain,EMEA,Freyre,Diego,Small
10371,34,100.0,3,3400.0,2005-01-23,Shipped,1,1,2005,Classic Cars,101,S700_2824,Mini Gifts Distributors Ltd.,4155551450,5677 Strong St.,,San Rafael,CA,97562,USA,,Nelson,Valarie,Medium
10382,34,54.84,9,1864.56,2005-02-17,Shipped,1,2,2005,Classic Cars,101,S700_2824,Mini Gifts Distributors Ltd.,4155551450,5677 Strong St.,,San Rafael,CA,97562,USA,,Nelson,Valarie,Small
10411,34,100.0,4,3400.0,2005-05-01,Shipped,2,5,2005,Classic Cars,101,S700_2824,Quebec Home Shopping Network,(514) 555-8054,43 rue St. Laurent,,Montreal,Quebec,H1J 1C3,Canada,,Fresnisre,Jean,Medium
10424,46,80.92,1,3722.32,2005-05-31,In Process,2,5,2005,Classic Cars,101,S700_2824,Euro Shopping Channel,(91) 555 94 44,"C/ Moralzarzal, 86",,Madrid,N/A,28034,Spain,EMEA,Freyre,Diego,Medium
10106,32,100.0,1,3200.0,2003-02-17,Shipped,1,2,2003,Planes,118,S700_2834,Rovelli Gifts,035-640555,Via Ludovico il Moro 22,,Bergamo,N/A,24100,Italy,EMEA,Rovelli,Giovanni,Medium
10120,24,100.0,7,2400.0,2003-04-29,Shipped,2,4,2003,Planes,118,S700_2834,"Australian Collectors, Co.",03 9520 4555,636 St Kilda Road,Level 3,Melbourne,Victoria,3004,Australia,APAC,Ferguson,Peter,Small
10133,27,99.67,2,2691.09,2003-06-27,Shipped,2,6,2003,Planes,118,S700_2834,Euro Shopping Channel,(91) 555 94 44,"C/ Moralzarzal, 86",,Madrid,N/A,28034,Spain,EMEA,Freyre,Diego,Small
10145,20,100.0,13,2000.0,2003-08-25,Shipped,3,8,2003,Planes,118,S700_2834,Toys4GrownUps.com,6265557265,78934 Hillside Dr.,,Pasadena,CA,90003,USA,,Young,Julie,Small
10168,36,100.0,8,3600.0,2003-10-28,Shipped,4,10,2003,Planes,118,S700_2834,Technics Stores Inc.,6505556809,9408 Furth Circle,,Burlingame,CA,94217,USA,,Hirano,Juri,Medium
10188,29,100.0,8,2900.0,2003-11-18,Shipped,4,11,2003,Planes,118,S700_2834,Herkku Gifts,+47 2267 3215,"Drammen 121, PR 744 Sentrum",,Bergen,N/A,N 5804,Norway,EMEA,Oeztan,Veysel,Small
10210,25,100.0,6,2500.0,2004-01-12,Shipped,1,1,2004,Planes,118,S700_2834,Osaka Souveniers Co.,+81 06 6342 5555,"Dojima Avanza 4F, 1-6-20 Dojima, Kita-ku",,Osaka,Osaka,530-0003,Japan,Japan,Kentary,Mory,Small
10223,29,100.0,8,2900.0,2004-02-20,Shipped,1,2,2004,Planes,118,S700_2834,"Australian Collectors, Co.",03 9520 4555,636 St Kilda Road,Level 3,Melbourne,Victoria,3004,Australia,APAC,Ferguson,Peter,Small
10235,25,96.11,2,2402.75,2004-04-02,Shipped,2,4,2004,Planes,118,S700_2834,"Royal Canadian Collectables, Ltd.",(604) 555-4555,23 Tsawassen Blvd.,,Tsawassen,BC,T2F 8M4,Canada,,Lincoln,Elizabeth,Small
10250,44,100.0,3,4400.0,2004-05-11,Shipped,2,5,2004,Planes,118,S700_2834,The Sharp Gifts Warehouse,4085553659,3086 Ingle Ln.,,San Jose,CA,94217,USA,,Frick,Sue,Medium
10263,47,100.0,9,4700.0,2004-06-28,Shipped,2,6,2004,Planes,118,S700_2834,Gift Depot Inc.,2035552570,25593 South Bay Ln.,,Bridgewater,CT,97562,USA,,King,Julie,Medium
10275,48,100.0,8,4800.0,2004-07-23,Shipped,3,7,2004,Planes,118,S700_2834,La Rochelle Gifts,40.67.8555,"67, rue des Cinquante Otages",,Nantes,N/A,44000,France,EMEA,Labrune,Janine,Medium
10285,45,100.0,13,4500.0,2004-08-27,Shipped,3,8,2004,Planes,118,S700_2834,Marta's Replicas Co.,6175558555,39323 Spinnaker Dr.,,Cambridge,MA,51247,USA,,Hernandez,Marta,Medium
10297,35,100.0,3,3500.0,2004-09-16,Shipped,3,9,2004,Planes,118,S700_2834,"Clover Collections, Co.",+353 1862 1555,25 Maiden Lane,Floor No. 4,Dublin,N/A,2,Ireland,EMEA,Cassidy,Dean,Medium
10308,31,100.0,6,3100.0,2004-10-15,Shipped,4,10,2004,Planes,118,S700_2834,Mini Classics,9145554562,3758 North Pendale Street,,White Plains,NY,24067,USA,,Frick,Steve,Medium
10318,50,100.0,8,5000.0,2004-11-02,Shipped,4,11,2004,Planes,118,S700_2834,Diecast Classics Inc.,2155551555,7586 Pompton St.,,Allentown,PA,70267,USA,,Yu,Kyung,Medium
10328,33,100.0,11,3300.0,2004-11-12,Shipped,4,11,2004,Planes,118,S700_2834,Rovelli Gifts,035-640555,Via Ludovico il Moro 22,,Bergamo,N/A,24100,Italy,EMEA,Rovelli,Giovanni,Medium
10340,29,100.0,6,2900.0,2004-11-24,Shipped,4,11,2004,Planes,118,S700_2834,Enaco Distributors,(93) 203 4555,"Rambla de Catalu¤a, 23",,Barcelona,N/A,8022,Spain,EMEA,Saavedra,Eduardo,Small
10353,48,68.8,4,3302.4,2004-12-04,Shipped,4,12,2004,Planes,118,S700_2834,Gift Ideas Corp.,2035554407,2440 Pompton St.,,Glendale,CT,97561,USA,,Lewis,Dan,Medium
10361,44,72.42,5,3186.48,2004-12-17,Shipped,4,12,2004,Planes,118,S700_2834,Souveniers And Things Co.,+61 2 9495 8555,"Monitor Money Building, 815 Pacific Hwy",Level 6,Chatswood,NSW,2067,Australia,APAC,Huxley,Adrian,Medium
10375,25,66.73,10,1668.25,2005-02-03,Shipped,1,2,2005,Planes,118,S700_2834,La Rochelle Gifts,40.67.8555,"67, rue des Cinquante Otages",,Nantes,N/A,44000,France,EMEA,Labrune,Janine,Small
10388,50,100.0,3,5000.0,2005-03-03,Shipped,1,3,2005,Planes,118,S700_2834,FunGiftIdeas.com,5085552555,1785 First Street,,New Bedford,MA,50553,USA,,Benitez,Violeta,Medium
10398,23,100.0,9,2300.0,2005-03-30,Shipped,1,3,2005,Planes,118,S700_2834,Reims Collectables,26.47.1555,59 rue de l'Abbaye,,Reims,N/A,51100,France,EMEA,Henriot,Paul,Small
10401,21,96.11,2,2018.31,2005-04-03,On Hold,2,4,2005,Planes,118,S700_2834,Tekni Collectables Inc.,2015559350,7476 Moss Rd.,,Newark,NJ,94019,USA,,Brown,William,Small
10416,41,100.0,3,4100.0,2005-05-10,Shipped,2,5,2005,Planes,118,S700_2834,L'ordine Souveniers,0522-556555,Strada Provinciale 124,,Reggio Emilia,N/A,42100,Italy,EMEA,Moroni,Maurizio,Medium
10106,44,74.4,8,3273.6,2003-02-17,Shipped,1,2,2003,Planes,80,S700_3167,Rovelli Gifts,035-640555,Via Ludovico il Moro 22,,Bergamo,N/A,24100,Italy,EMEA,Rovelli,Giovanni,Medium
10120,43,76.0,14,3268.0,2003-04-29,Shipped,2,4,2003,Planes,80,S700_3167,"Australian Collectors, Co.",03 9520 4555,636 St Kilda Road,Level 3,Melbourne,Victoria,3004,Australia,APAC,Ferguson,Peter,Medium
10143,28,80.0,3,2240.0,2003-08-10,Shipped,3,8,2003,Planes,80,S700_3167,Mini Creations Ltd.,5085559555,4575 Hillside Dr.,,New Bedford,MA,50553,USA,,Tam,Wing C,Small
10155,43,80.0,1,3440.0,2003-10-06,Shipped,4,10,2003,Planes,80,S700_3167,"Toys of Finland, Co.",90-224 8555,Keskuskatu 45,,Helsinki,N/A,21240,Finland,EMEA,Karttunen,Matti,Medium
10168,48,80.0,15,3840.0,2003-10-28,Shipped,4,10,2003,Planes,80,S700_3167,Technics Stores Inc.,6505556809,9408 Furth Circle,,Burlingame,CA,94217,USA,,Hirano,Juri,Medium
10199,38,80.0,3,3040.0,2003-12-01,Shipped,4,12,2003,Planes,80,S700_3167,West Coast Collectables Co.,3105553722,3675 Furth Circle,,Burbank,CA,94019,USA,,Thompson,Steve,Medium
10210,31,80.0,13,2480.0,2004-01-12,Shipped,1,1,2004,Planes,80,S700_3167,Osaka Souveniers Co.,+81 06 6342 5555,"Dojima Avanza 4F, 1-6-20 Dojima, Kita-ku",,Osaka,Osaka,530-0003,Japan,Japan,Kentary,Mory,Small
10223,26,67.2,15,1747.2,2004-02-20,Shipped,1,2,2004,Planes,80,S700_3167,"Australian Collectors, Co.",03 9520 4555,636 St Kilda Road,Level 3,Melbourne,Victoria,3004,Australia,APAC,Ferguson,Peter,Small
10235,32,80.0,9,2560.0,2004-04-02,Shipped,2,4,2004,Planes,80,S700_3167,"Royal Canadian Collectables, Ltd.",(604) 555-4555,23 Tsawassen Blvd.,,Tsawassen,BC,T2F 8M4,Canada,,Lincoln,Elizabeth,Small
10250,44,67.2,10,2956.8,2004-05-11,Shipped,2,5,2004,Planes,80,S700_3167,The Sharp Gifts Warehouse,4085553659,3086 Ingle Ln.,,San Jose,CA,94217,USA,,Frick,Sue,Small
10262,27,76.0,5,2052.0,2004-06-24,Cancelled,2,6,2004,Planes,80,S700_3167,Euro Shopping Channel,(91) 555 94 44,"C/ Moralzarzal, 86",,Madrid,N/A,28034,Spain,EMEA,Freyre,Diego,Small
10275,43,73.6,15,3164.8,2004-07-23,Shipped,3,7,2004,Planes,80,S700_3167,La Rochelle Gifts,40.67.8555,"67, rue des Cinquante Otages",,Nantes,N/A,44000,France,EMEA,Labrune,Janine,Medium
10284,25,69.6,7,1740.0,2004-08-21,Shipped,3,8,2004,Planes,80,S700_3167,"Norway Gifts By Mail, Co.",+47 2212 1555,"Drammensveien 126 A, PB 744 Sentrum",,Oslo,N/A,N 0106,Norway,EMEA,Klaeboe,Jan,Small
10296,22,80.0,3,1760.0,2004-09-15,Shipped,3,9,2004,Planes,80,S700_3167,"Bavarian Collectables Imports, Co.",+49 89 61 08 9555,Hansastr. 15,,Munich,N/A,80686,Germany,EMEA,Donnermeyer,Michael,Small
10308,21,80.0,13,1680.0,2004-10-15,Shipped,4,10,2004,Planes,80,S700_3167,Mini Classics,9145554562,3758 North Pendale Street,,White Plains,NY,24067,USA,,Frick,Steve,Small
10316,48,75.2,5,3609.6,2004-11-01,Shipped,4,11,2004,Planes,80,S700_3167,giftsbymail.co.uk,(198) 555-8888,Garden House Crowther Way,,Cowes,Isle of Wight,PO31 7PJ,UK,EMEA,Bennett,Helen,Medium
10328,33,64.0,13,2112.0,2004-11-12,Shipped,4,11,2004,Planes,80,S700_3167,Rovelli Gifts,035-640555,Via Ludovico il Moro 22,,Bergamo,N/A,24100,Italy,EMEA,Rovelli,Giovanni,Small
10341,34,80.0,5,2720.0,2004-11-24,Shipped,4,11,2004,Planes,80,S700_3167,Salzburg Collectables,6562-9555,Geislweg 14,,Salzburg,N/A,5020,Austria,EMEA,Pipps,Georg,Small
10353,43,80.0,6,3440.0,2004-12-04,Shipped,4,12,2004,Planes,80,S700_3167,Gift Ideas Corp.,2035554407,2440 Pompton St.,,Glendale,CT,97561,USA,,Lewis,Dan,Medium
10361,44,80.0,10,3520.0,2004-12-17,Shipped,4,12,2004,Planes,80,S700_3167,Souveniers And Things Co.,+61 2 9495 8555,"Monitor Money Building, 815 Pacific Hwy",Level 6,Chatswood,NSW,2067,Australia,APAC,Huxley,Adrian,Medium
10375,44,80.0,11,3520.0,2005-02-03,Shipped,1,2,2005,Planes,80,S700_3167,La Rochelle Gifts,40.67.8555,"67, rue des Cinquante Otages",,Nantes,N/A,44000,France,EMEA,Labrune,Janine,Medium
10386,32,80.0,17,2560.0,2005-03-01,Resolved,1,3,2005,Planes,80,S700_3167,Euro Shopping Channel,(91) 555 94 44,"C/ Moralzarzal, 86",,Madrid,N/A,28034,Spain,EMEA,Freyre,Diego,Small
10398,29,65.6,10,1902.4,2005-03-30,Shipped,1,3,2005,Planes,80,S700_3167,Reims Collectables,26.47.1555,59 rue de l'Abbaye,,Reims,N/A,51100,France,EMEA,Henriot,Paul,Small
10401,77,80.0,9,6160.0,2005-04-03,On Hold,2,4,2005,Planes,80,S700_3167,Tekni Collectables Inc.,2015559350,7476 Moss Rd.,,Newark,NJ,94019,USA,,Brown,William,Medium
10416,39,67.2,10,2620.8,2005-05-10,Shipped,2,5,2005,Planes,80,S700_3167,L'ordine Souveniers,0522-556555,Strada Provinciale 124,,Reggio Emilia,N/A,42100,Italy,EMEA,Moroni,Maurizio,Small
10105,39,81.14,6,3164.46,2003-02-11,Shipped,1,2,2003,Ships,100,S700_3505,Danish Wholesale Imports,31 12 3555,Vinb'ltet 34,,Kobenhavn,N/A,1734,Denmark,EMEA,Petersen,Jytte,Medium
10118,36,100.0,1,3600.0,2003-04-21,Shipped,2,4,2003,Ships,100,S700_3505,Enaco Distributors,(93) 203 4555,"Rambla de Catalu¤a, 23",,Barcelona,N/A,8022,Spain,EMEA,Saavedra,Eduardo,Medium
10129,42,91.15,6,3828.3,2003-06-12,Shipped,2,6,2003,Ships,100,S700_3505,"Stylish Desk Decors, Co.",(171) 555-0297,35 King George,,London,N/A,WX3 6FW,UK,EMEA,Brown,Ann,Medium
10142,21,100.0,3,2100.0,2003-08-08,Shipped,3,8,2003,Ships,100,S700_3505,Mini Gifts Distributors Ltd.,4155551450,5677 Strong St.,,San Rafael,CA,97562,USA,,Nelson,Valarie,Small
10153,50,88.15,2,4407.5,2003-09-28,Shipped,3,9,2003,Ships,100,S700_3505,Euro Shopping Channel,(91) 555 94 44,"C/ Moralzarzal, 86",,Madrid,N/A,28034,Spain,EMEA,Freyre,Diego,Medium
10167,24,100.0,13,2400.0,2003-10-23,Cancelled,4,10,2003,Ships,100,S700_3505,Scandinavian Gift Ideas,0695-34 6555,?kergatan 24,,Boras,N/A,S-844 67,Sweden,EMEA,Larsson,Maria,Small
10177,44,92.16,4,4055.04,2003-11-07,Shipped,4,11,2003,Ships,100,S700_3505,CAF Imports,+34 913 728 555,"Merchants House, 27-30 Merchant's Quay",,Madrid,N/A,28023,Spain,EMEA,Fernandez,Jesus,Medium
10185,37,100.0,4,3700.0,2003-11-14,Shipped,4,11,2003,Ships,100,S700_3505,Mini Creations Ltd.,5085559555,4575 Hillside Dr.,,New Bedford,MA,50553,USA,,Tam,Wing C,Medium
10197,27,92.16,10,2488.32,2003-11-26,Shipped,4,11,2003,Ships,100,S700_3505,Enaco Distributors,(93) 203 4555,"Rambla de Catalu¤a, 23",,Barcelona,N/A,8022,Spain,EMEA,Saavedra,Eduardo,Small
10208,37,100.0,4,3700.0,2004-01-02,Shipped,1,1,2004,Ships,100,S700_3505,"Saveley & Henriot, Co.",78.32.5555,"2, rue du Commerce",,Lyon,N/A,69004,France,EMEA,Saveley,Mary,Medium
10222,38,100.0,16,3800.0,2004-02-19,Shipped,1,2,2004,Ships,100,S700_3505,Collectable Mini Designs Co.,7605558146,361 Furth Circle,,San Diego,CA,91217,USA,,Thompson,Valarie,Medium
10232,48,96.16,1,4615.68,2004-03-20,Shipped,1,3,2004,Ships,100,S700_3505,giftsbymail.co.uk,(198) 555-8888,Garden House Crowther Way,,Cowes,Isle of Wight,PO31 7PJ,UK,EMEA,Bennett,Helen,Medium
10248,30,100.0,7,3000.0,2004-05-07,Cancelled,2,5,2004,Ships,100,S700_3505,Land of Toys Inc.,2125557818,897 Long Airport Avenue,,NYC,NY,10022,USA,,Yu,Kwai,Medium
10261,25,88.15,5,2203.75,2004-06-17,Shipped,2,6,2004,Ships,100,S700_3505,Quebec Home Shopping Network,(514) 555-8054,43 rue St. Laurent,,Montreal,Quebec,H1J 1C3,Canada,,Fresnisre,Jean,Small
10273,40,86.15,8,3446.0,2004-07-21,Shipped,3,7,2004,Ships,100,S700_3505,Petit Auto,(02) 5554 67,Rue Joseph-Bens 532,,Bruxelles,N/A,B-1180,Belgium,EMEA,Dewey,Catherine,Medium
10283,22,88.15,10,1939.3,2004-08-20,Shipped,3,8,2004,Ships,100,S700_3505,"Royal Canadian Collectables, Ltd.",(604) 555-4555,23 Tsawassen Blvd.,,Tsawassen,BC,T2F 8M4,Canada,,Lincoln,Elizabeth,Small
10295,34,100.0,5,3400.0,2004-09-10,Shipped,3,9,2004,Ships,100,S700_3505,Gifts4AllAges.com,6175559555,8616 Spinnaker Dr.,,Boston,MA,51003,USA,,Yoshido,Juri,Medium
10306,32,90.15,4,2884.8,2004-10-14,Shipped,4,10,2004,Ships,100,S700_3505,"AV Stores, Co.",(171) 555-1555,Fauntleroy Circus,,Manchester,N/A,EC2 5NT,UK,EMEA,Ashworth,Victoria,Small
10315,31,86.15,3,2670.65,2004-10-29,Shipped,4,10,2004,Ships,100,S700_3505,La Rochelle Gifts,40.67.8555,"67, rue des Cinquante Otages",,Nantes,N/A,44000,France,EMEA,Labrune,Janine,Small
10327,43,80.0,2,3440.0,2004-11-10,Resolved,4,11,2004,Ships,100,S700_3505,Danish Wholesale Imports,31 12 3555,Vinb'ltet 34,,Kobenhavn,N/A,1734,Denmark,EMEA,Petersen,Jytte,Medium
10337,31,89.38,1,2770.78,2004-11-21,Shipped,4,11,2004,Ships,100,S700_3505,Classic Legends Inc.,2125558493,5905 Pompton St.,Suite 750,NYC,NY,10022,USA,,Hernandez,Maria,Small
10350,31,77.34,13,2397.54,2004-12-02,Shipped,4,12,2004,Ships,100,S700_3505,Euro Shopping Channel,(91) 555 94 44,"C/ Moralzarzal, 86",,Madrid,N/A,28034,Spain,EMEA,Freyre,Diego,Small
10373,34,96.34,2,3275.56,2005-01-31,Shipped,1,1,2005,Ships,100,S700_3505,"Oulu Toy Supplies, Inc.",981-443655,Torikatu 38,,Oulu,N/A,90110,Finland,EMEA,Koskitalo,Pirkko,Medium
10386,45,92.08,2,4143.6,2005-03-01,Resolved,1,3,2005,Ships,100,S700_3505,Euro Shopping Channel,(91) 555 94 44,"C/ Moralzarzal, 86",,Madrid,N/A,28034,Spain,EMEA,Freyre,Diego,Medium
10397,48,100.0,3,4800.0,2005-03-28,Shipped,1,3,2005,Ships,100,S700_3505,Alpha Cognac,61.77.6555,1 rue Alsace-Lorraine,,Toulouse,N/A,31000,France,EMEA,Roulet,Annette,Medium
10414,28,100.0,7,2800.0,2005-05-06,On Hold,2,5,2005,Ships,100,S700_3505,Gifts4AllAges.com,6175559555,8616 Spinnaker Dr.,,Boston,MA,51003,USA,,Yoshido,Juri,Small
10105,22,99.0,7,2178.0,2003-02-11,Shipped,1,2,2003,Ships,99,S700_3962,Danish Wholesale Imports,31 12 3555,Vinb'ltet 34,,Kobenhavn,N/A,1734,Denmark,EMEA,Petersen,Jytte,Small
10117,45,83.42,1,3753.9,2003-04-16,Shipped,2,4,2003,Ships,99,S700_3962,"Dragon Souveniers, Ltd.",+65 221 7555,"Bronz Sok., Bronz Apt. 3/6 Tesvikiye",,Singapore,N/A,79903,Singapore,Japan,Natividad,Eric,Medium
10129,30,85.41,7,2562.3,2003-06-12,Shipped,2,6,2003,Ships,99,S700_3962,"Stylish Desk Decors, Co.",(171) 555-0297,35 King George,,London,N/A,WX3 6FW,UK,EMEA,Brown,Ann,Small
10142,38,85.41,4,3245.58,2003-08-08,Shipped,3,8,2003,Ships,99,S700_3962,Mini Gifts Distributors Ltd.,4155551450,5677 Strong St.,,San Rafael,CA,97562,USA,,Nelson,Valarie,Medium
10153,20,99.0,3,1980.0,2003-09-28,Shipped,3,9,2003,Ships,99,S700_3962,Euro Shopping Channel,(91) 555 94 44,"C/ Moralzarzal, 86",,Madrid,N/A,28034,Spain,EMEA,Freyre,Diego,Small
10167,28,99.0,14,2772.0,2003-10-23,Cancelled,4,10,2003,Ships,99,S700_3962,Scandinavian Gift Ideas,0695-34 6555,?kergatan 24,,Boras,N/A,S-844 67,Sweden,EMEA,Larsson,Maria,Small
10177,24,99.0,5,2376.0,2003-11-07,Shipped,4,11,2003,Ships,99,S700_3962,CAF Imports,+34 913 728 555,"Merchants House, 27-30 Merchant's Quay",,Madrid,N/A,28023,Spain,EMEA,Fernandez,Jesus,Small
10185,22,79.45,5,1747.9,2003-11-14,Shipped,4,11,2003,Ships,99,S700_3962,Mini Creations Ltd.,5085559555,4575 Hillside Dr.,,New Bedford,MA,50553,USA,,Tam,Wing C,Small
10197,35,93.35,11,3267.25,2003-11-26,Shipped,4,11,2003,Ships,99,S700_3962,Enaco Distributors,(93) 203 4555,"Rambla de Catalu¤a, 23",,Barcelona,N/A,8022,Spain,EMEA,Saavedra,Eduardo,Medium
10208,33,85.41,5,2818.53,2004-01-02,Shipped,1,1,2004,Ships,99,S700_3962,"Saveley & Henriot, Co.",78.32.5555,"2, rue du Commerce",,Lyon,N/A,69004,France,EMEA,Saveley,Mary,Small
10222,31,95.34,17,2955.54,2004-02-19,Shipped,1,2,2004,Ships,99,S700_3962,Collectable Mini Designs Co.,7605558146,361 Furth Circle,,San Diego,CA,91217,USA,,Thompson,Valarie,Small
10232,35,82.43,2,2885.05,2004-03-20,Shipped,1,3,2004,Ships,99,S700_3962,giftsbymail.co.uk,(198) 555-8888,Garden House Crowther Way,,Cowes,Isle of Wight,PO31 7PJ,UK,EMEA,Bennett,Helen,Small
10248,35,90.37,8,3162.95,2004-05-07,Cancelled,2,5,2004,Ships,99,S700_3962,Land of Toys Inc.,2125557818,897 Long Airport Avenue,,NYC,NY,10022,USA,,Yu,Kwai,Medium
10261,50,81.43,6,4071.5,2004-06-17,Shipped,2,6,2004,Ships,99,S700_3962,Quebec Home Shopping Network,(514) 555-8054,43 rue St. Laurent,,Montreal,Quebec,H1J 1C3,Canada,,Fresnisre,Jean,Medium
10273,26,99.0,9,2574.0,2004-07-21,Shipped,3,7,2004,Ships,99,S700_3962,Petit Auto,(02) 5554 67,Rue Joseph-Bens 532,,Bruxelles,N/A,B-1180,Belgium,EMEA,Dewey,Catherine,Small
10283,38,89.38,11,3396.44,2004-08-20,Shipped,3,8,2004,Ships,99,S700_3962,"Royal Canadian Collectables, Ltd.",(604) 555-4555,23 Tsawassen Blvd.,,Tsawassen,BC,T2F 8M4,Canada,,Lincoln,Elizabeth,Medium
10294,45,99.0,1,4455.0,2004-09-10,Shipped,3,9,2004,Ships,99,S700_3962,Online Mini Collectables,6175557555,7635 Spinnaker Dr.,,Brickhaven,MA,58339,USA,,Barajas,Miguel,Medium
10306,30,99.0,5,2970.0,2004-10-14,Shipped,4,10,2004,Ships,99,S700_3962,"AV Stores, Co.",(171) 555-1555,Fauntleroy Circus,,Manchester,N/A,EC2 5NT,UK,EMEA,Ashworth,Victoria,Small
10315,37,91.37,4,3380.69,2004-10-29,Shipped,4,10,2004,Ships,99,S700_3962,La Rochelle Gifts,40.67.8555,"67, rue des Cinquante Otages",,Nantes,N/A,44000,France,EMEA,Labrune,Janine,Medium
10327,37,86.61,3,3204.57,2004-11-10,Resolved,4,11,2004,Ships,99,S700_3962,Danish Wholesale Imports,31 12 3555,Vinb'ltet 34,,Kobenhavn,N/A,1734,Denmark,EMEA,Petersen,Jytte,Medium
10337,36,71.89,7,2588.04,2004-11-21,Shipped,4,11,2004,Ships,99,S700_3962,Classic Legends Inc.,2125558493,5905 Pompton St.,Suite 750,NYC,NY,10022,USA,,Hernandez,Maria,Small
10350,25,99.0,16,2475.0,2004-12-02,Shipped,4,12,2004,Ships,99,S700_3962,Euro Shopping Channel,(91) 555 94 44,"C/ Moralzarzal, 86",,Madrid,N/A,28034,Spain,EMEA,Freyre,Diego,Small
10373,37,99.0,8,3663.0,2005-01-31,Shipped,1,1,2005,Ships,99,S700_3962,"Oulu Toy Supplies, Inc.",981-443655,Torikatu 38,,Oulu,N/A,90110,Finland,EMEA,Koskitalo,Pirkko,Medium
10386,30,95.48,3,2864.4,2005-03-01,Resolved,1,3,2005,Ships,99,S700_3962,Euro Shopping Channel,(91) 555 94 44,"C/ Moralzarzal, 86",,Madrid,N/A,28034,Spain,EMEA,Freyre,Diego,Small
10397,36,99.0,2,3564.0,2005-03-28,Shipped,1,3,2005,Ships,99,S700_3962,Alpha Cognac,61.77.6555,1 rue Alsace-Lorraine,,Toulouse,N/A,31000,France,EMEA,Roulet,Annette,Medium
10414,27,90.37,8,2439.99,2005-05-06,On Hold,2,5,2005,Ships,99,S700_3962,Gifts4AllAges.com,6175559555,8616 Spinnaker Dr.,,Boston,MA,51003,USA,,Yoshido,Juri,Small
10106,48,61.44,10,2949.12,2003-02-17,Shipped,1,2,2003,Planes,74,S700_4002,Rovelli Gifts,035-640555,Via Ludovico il Moro 22,,Bergamo,N/A,24100,Italy,EMEA,Rovelli,Giovanni,Small
10119,26,59.22,1,1539.72,2003-04-28,Shipped,2,4,2003,Planes,74,S700_4002,Salzburg Collectables,6562-9555,Geislweg 14,,Salzburg,N/A,5020,Austria,EMEA,Pipps,Georg,Small
10131,26,74.0,2,1924.0,2003-06-16,Shipped,2,6,2003,Planes,74,S700_4002,Gift Ideas Corp.,2035554407,2440 Pompton St.,,Glendale,CT,97561,USA,,Lewis,Dan,Small
10143,34,74.0,5,2516.0,2003-08-10,Shipped,3,8,2003,Planes,74,S700_4002,Mini Creations Ltd.,5085559555,4575 Hillside Dr.,,New Bedford,MA,50553,USA,,Tam,Wing C,Small
10155,44,74.0,3,3256.0,2003-10-06,Shipped,4,10,2003,Planes,74,S700_4002,"Toys of Finland, Co.",90-224 8555,Keskuskatu 45,,Helsinki,N/A,21240,Finland,EMEA,Karttunen,Matti,Medium
10168,39,74.0,17,2886.0,2003-10-28,Shipped,4,10,2003,Planes,74,S700_4002,Technics Stores Inc.,6505556809,9408 Furth Circle,,Burlingame,CA,94217,USA,,Hirano,Juri,Small
10178,45,74.0,2,3330.0,2003-11-08,Shipped,4,11,2003,Planes,74,S700_4002,Alpha Cognac,61.77.6555,1 rue Alsace-Lorraine,,Toulouse,N/A,31000,France,EMEA,Roulet,Annette,Medium
10198,40,63.67,2,2546.8,2003-11-27,Shipped,4,11,2003,Planes,74,S700_4002,Cruz & Sons Co.,+63 2 555 3587,15 McCallum Street - NatWest Center #13-03,,Makati City,N/A,1227 MM,Philippines,Japan,Cruz,Arnold,Small
10210,42,70.33,15,2953.86,2004-01-12,Shipped,1,1,2004,Planes,74,S700_4002,Osaka Souveniers Co.,+81 06 6342 5555,"Dojima Avanza 4F, 1-6-20 Dojima, Kita-ku",,Osaka,Osaka,530-0003,Japan,Japan,Kentary,Mory,Small
10222,43,74.0,2,3182.0,2004-02-19,Shipped,1,2,2004,Planes,74,S700_4002,Collectable Mini Designs Co.,7605558146,361 Furth Circle,,San Diego,CA,91217,USA,,Thompson,Valarie,Medium
10235,34,72.55,11,2466.7,2004-04-02,Shipped,2,4,2004,Planes,74,S700_4002,"Royal Canadian Collectables, Ltd.",(604) 555-4555,23 Tsawassen Blvd.,,Tsawassen,BC,T2F 8M4,Canada,,Lincoln,Elizabeth,Small
10250,38,62.19,12,2363.22,2004-05-11,Shipped,2,5,2004,Planes,74,S700_4002,The Sharp Gifts Warehouse,4085553659,3086 Ingle Ln.,,San Jose,CA,94217,USA,,Frick,Sue,Small
10262,35,71.07,7,2487.45,2004-06-24,Cancelled,2,6,2004,Planes,74,S700_4002,Euro Shopping Channel,(91) 555 94 44,"C/ Moralzarzal, 86",,Madrid,N/A,28034,Spain,EMEA,Freyre,Diego,Small
10275,31,72.55,17,2249.05,2004-07-23,Shipped,3,7,2004,Planes,74,S700_4002,La Rochelle Gifts,40.67.8555,"67, rue des Cinquante Otages",,Nantes,N/A,44000,France,EMEA,Labrune,Janine,Small
10284,32,64.41,9,2061.12,2004-08-21,Shipped,3,8,2004,Planes,74,S700_4002,"Norway Gifts By Mail, Co.",+47 2212 1555,"Drammensveien 126 A, PB 744 Sentrum",,Oslo,N/A,N 0106,Norway,EMEA,Klaeboe,Jan,Small
10296,47,74.0,5,3478.0,2004-09-15,Shipped,3,9,2004,Planes,74,S700_4002,"Bavarian Collectables Imports, Co.",+49 89 61 08 9555,Hansastr. 15,,Munich,N/A,80686,Germany,EMEA,Donnermeyer,Michael,Medium
10308,39,68.11,15,2656.29,2004-10-15,Shipped,4,10,2004,Planes,74,S700_4002,Mini Classics,9145554562,3758 North Pendale Street,,White Plains,NY,24067,USA,,Frick,Steve,Small
10316,44,62.19,7,2736.36,2004-11-01,Shipped,4,11,2004,Planes,74,S700_4002,giftsbymail.co.uk,(198) 555-8888,Garden House Crowther Way,,Cowes,Isle of Wight,PO31 7PJ,UK,EMEA,Bennett,Helen,Small
10328,39,74.0,12,2886.0,2004-11-12,Shipped,4,11,2004,Planes,74,S700_4002,Rovelli Gifts,035-640555,Via Ludovico il Moro 22,,Bergamo,N/A,24100,Italy,EMEA,Rovelli,Giovanni,Small
10339,50,57.86,8,2893.0,2004-11-23,Shipped,4,11,2004,Planes,74,S700_4002,"Tokyo Collectables, Ltd",+81 3 3584 0555,2-2-8 Roppongi,,Minato-ku,Tokyo,106-0032,Japan,Japan,Shimamura,Akiko,Small
10352,22,74.0,1,1628.0,2004-12-03,Shipped,4,12,2004,Planes,74,S700_4002,Auto-Moto Classics Inc.,6175558428,16780 Pompton St.,,Brickhaven,MA,58339,USA,,Taylor,Leslie,Small
10361,35,74.0,11,2590.0,2004-12-17,Shipped,4,12,2004,Planes,74,S700_4002,Souveniers And Things Co.,+61 2 9495 8555,"Monitor Money Building, 815 Pacific Hwy",Level 6,Chatswood,NSW,2067,Australia,APAC,Huxley,Adrian,Small
10373,45,55.62,17,2502.9,2005-01-31,Shipped,1,1,2005,Planes,74,S700_4002,"Oulu Toy Supplies, Inc.",981-443655,Torikatu 38,,Oulu,N/A,90110,Finland,EMEA,Koskitalo,Pirkko,Small
10386,44,74.0,15,3256.0,2005-03-01,Resolved,1,3,2005,Planes,74,S700_4002,Euro Shopping Channel,(91) 555 94 44,"C/ Moralzarzal, 86",,Madrid,N/A,28034,Spain,EMEA,Freyre,Diego,Medium
10398,36,74.0,12,2664.0,2005-03-30,Shipped,1,3,2005,Planes,74,S700_4002,Reims Collectables,26.47.1555,59 rue de l'Abbaye,,Reims,N/A,51100,France,EMEA,Henriot,Paul,Small
10401,28,72.55,11,2031.4,2005-04-03,On Hold,2,4,2005,Planes,74,S700_4002,Tekni Collectables Inc.,2015559350,7476 Moss Rd.,,Newark,NJ,94019,USA,,Brown,William,Small
10416,43,62.19,12,2674.17,2005-05-10,Shipped,2,5,2005,Planes,74,S700_4002,L'ordine Souveniers,0522-556555,Strada Provinciale 124,,Reggio Emilia,N/A,42100,Italy,EMEA,Moroni,Maurizio,Small
10106,48,49.0,15,2352.0,2003-02-17,Shipped,1,2,2003,Planes,49,S72_1253,Rovelli Gifts,035-640555,Via Ludovico il Moro 22,,Bergamo,N/A,24100,Italy,EMEA,Rovelli,Giovanni,Small
10119,28,48.17,6,1348.76,2003-04-28,Shipped,2,4,2003,Planes,49,S72_1253,Salzburg Collectables,6562-9555,Geislweg 14,,Salzburg,N/A,5020,Austria,EMEA,Pipps,Georg,Small
10131,21,41.71,7,875.91,2003-06-16,Shipped,2,6,2003,Planes,49,S72_1253,Gift Ideas Corp.,2035554407,2440 Pompton St.,,Glendale,CT,97561,USA,,Lewis,Dan,Small
10143,37,49.0,10,1813.0,2003-08-10,Shipped,3,8,2003,Planes,49,S72_1253,Mini Creations Ltd.,5085559555,4575 Hillside Dr.,,New Bedford,MA,50553,USA,,Tam,Wing C,Small
10155,34,49.0,8,1666.0,2003-10-06,Shipped,4,10,2003,Planes,49,S72_1253,"Toys of Finland, Co.",90-224 8555,Keskuskatu 45,,Helsinki,N/A,21240,Finland,EMEA,Karttunen,Matti,Small
10167,40,41.71,4,1668.4,2003-10-23,Cancelled,4,10,2003,Planes,49,S72_1253,Scandinavian Gift Ideas,0695-34 6555,?kergatan 24,,Boras,N/A,S-844 67,Sweden,EMEA,Larsson,Maria,Small
10178,45,49.0,7,2205.0,2003-11-08,Shipped,4,11,2003,Planes,49,S72_1253,Alpha Cognac,61.77.6555,1 rue Alsace-Lorraine,,Toulouse,N/A,31000,France,EMEA,Roulet,Annette,Small
10186,28,49.0,4,1372.0,2003-11-14,Shipped,4,11,2003,Planes,49,S72_1253,"Double Decker Gift Stores, Ltd",(171) 555-7555,120 Hanover Sq.,,London,N/A,WA1 1DP,UK,EMEA,Hardy,Thomas,Small
10197,29,41.71,1,1209.59,2003-11-26,Shipped,4,11,2003,Planes,49,S72_1253,Enaco Distributors,(93) 203 4555,"Rambla de Catalu¤a, 23",,Barcelona,N/A,8022,Spain,EMEA,Saavedra,Eduardo,Small
10209,48,44.69,3,2145.12,2004-01-09,Shipped,1,1,2004,Planes,49,S72_1253,"Men 'R' US Retailers, Ltd.",2155554369,6047 Douglas Av.,,Los Angeles,CA,UNKNOWN,USA,,Chandler,Michael,Small
10222,31,45.69,7,1416.39,2004-02-19,Shipped,1,2,2004,Planes,49,S72_1253,Collectable Mini Designs Co.,7605558146,361 Furth Circle,,San Diego,CA,91217,USA,,Thompson,Valarie,Small
10249,32,49.0,3,1568.0,2004-05-08,Shipped,2,5,2004,Planes,49,S72_1253,Cambridge Collectables Co.,6175555555,4658 Baden Av.,,Cambridge,MA,51247,USA,,Tseng,Kyung,Small
10262,21,49.0,12,1029.0,2004-06-24,Cancelled,2,6,2004,Planes,49,S72_1253,Euro Shopping Channel,(91) 555 94 44,"C/ Moralzarzal, 86",,Madrid,N/A,28034,Spain,EMEA,Freyre,Diego,Small
10274,32,49.0,4,1568.0,2004-07-21,Shipped,3,7,2004,Planes,49,S72_1253,Collectables For Less Inc.,6175558555,7825 Douglas Av.,,Brickhaven,MA,58339,USA,,Nelson,Allen,Small
10283,43,49.0,1,2107.0,2004-08-20,Shipped,3,8,2004,Planes,49,S72_1253,"Royal Canadian Collectables, Ltd.",(604) 555-4555,23 Tsawassen Blvd.,,Tsawassen,BC,T2F 8M4,Canada,,Lincoln,Elizabeth,Small
10296,21,45.19,10,948.99,2004-09-15,Shipped,3,9,2004,Planes,49,S72_1253,"Bavarian Collectables Imports, Co.",+49 89 61 08 9555,Hansastr. 15,,Munich,N/A,80686,Germany,EMEA,Donnermeyer,Michael,Small
10307,34,49.0,4,1666.0,2004-10-14,Shipped,4,10,2004,Planes,49,S72_1253,"Classic Gift Ideas, Inc",2155554695,782 First Street,,Philadelphia,PA,71270,USA,,Cervantes,Francisca,Small
10316,34,43.7,12,1485.8,2004-11-01,Shipped,4,11,2004,Planes,49,S72_1253,giftsbymail.co.uk,(198) 555-8888,Garden House Crowther Way,,Cowes,Isle of Wight,PO31 7PJ,UK,EMEA,Bennett,Helen,Small
10329,44,49.0,8,2156.0,2004-11-15,Shipped,4,11,2004,Planes,49,S72_1253,Land of Toys Inc.,2125557818,897 Long Airport Avenue,,NYC,NY,10022,USA,,Yu,Kwai,Small
10339,27,49.0,6,1323.0,2004-11-23,Shipped,4,11,2004,Planes,49,S72_1253,"Tokyo Collectables, Ltd",+81 3 3584 0555,2-2-8 Roppongi,,Minato-ku,Tokyo,106-0032,Japan,Japan,Shimamura,Akiko,Small
10352,49,49.0,4,2401.0,2004-12-03,Shipped,4,12,2004,Planes,49,S72_1253,Auto-Moto Classics Inc.,6175558428,16780 Pompton St.,,Brickhaven,MA,58339,USA,,Taylor,Leslie,Small
10361,23,49.0,12,1127.0,2004-12-17,Shipped,4,12,2004,Planes,49,S72_1253,Souveniers And Things Co.,+61 2 9495 8555,"Monitor Money Building, 815 Pacific Hwy",Level 6,Chatswood,NSW,2067,Australia,APAC,Huxley,Adrian,Small
10373,25,49.0,9,1225.0,2005-01-31,Shipped,1,1,2005,Planes,49,S72_1253,"Oulu Toy Supplies, Inc.",981-443655,Torikatu 38,,Oulu,N/A,90110,Finland,EMEA,Koskitalo,Pirkko,Small
10386,50,49.0,16,2450.0,2005-03-01,Resolved,1,3,2005,Planes,49,S72_1253,Euro Shopping Channel,(91) 555 94 44,"C/ Moralzarzal, 86",,Madrid,N/A,28034,Spain,EMEA,Freyre,Diego,Small
10398,34,40.22,1,1367.48,2005-03-30,Shipped,1,3,2005,Planes,49,S72_1253,Reims Collectables,26.47.1555,59 rue de l'Abbaye,,Reims,N/A,51100,France,EMEA,Henriot,Paul,Small
10400,20,49.0,4,980.0,2005-04-01,Shipped,2,4,2005,Planes,49,S72_1253,The Sharp Gifts Warehouse,4085553659,3086 Ingle Ln.,,San Jose,CA,94217,USA,,Frick,Sue,Small
10415,42,49.0,3,2058.0,2005-05-09,Disputed,2,5,2005,Planes,49,S72_1253,"Australian Collectables, Ltd",61-9-3844-6555,7 Allen Street,,Glen Waverly,Victoria,3150,Australia,APAC,Connery,Sean,Small
10105,25,54.0,8,1350.0,2003-02-11,Shipped,1,2,2003,Ships,54,S72_3212,Danish Wholesale Imports,31 12 3555,Vinb'ltet 34,,Kobenhavn,N/A,1734,Denmark,EMEA,Petersen,Jytte,Small
10117,50,43.68,2,2184.0,2003-04-16,Shipped,2,4,2003,Ships,54,S72_3212,"Dragon Souveniers, Ltd.",+65 221 7555,"Bronz Sok., Bronz Apt. 3/6 Tesvikiye",,Singapore,N/A,79903,Singapore,Japan,Natividad,Eric,Small
10129,32,54.0,8,1728.0,2003-06-12,Shipped,2,6,2003,Ships,54,S72_3212,"Stylish Desk Decors, Co.",(171) 555-0297,35 King George,,London,N/A,WX3 6FW,UK,EMEA,Brown,Ann,Small
10142,39,44.23,5,1724.97,2003-08-08,Shipped,3,8,2003,Ships,54,S72_3212,Mini Gifts Distributors Ltd.,4155551450,5677 Strong St.,,San Rafael,CA,97562,USA,,Nelson,Valarie,Small
10153,50,54.0,4,2700.0,2003-09-28,Shipped,3,9,2003,Ships,54,S72_3212,Euro Shopping Channel,(91) 555 94 44,"C/ Moralzarzal, 86",,Madrid,N/A,28034,Spain,EMEA,Freyre,Diego,Small
10167,38,48.59,15,1846.42,2003-10-23,Cancelled,4,10,2003,Ships,54,S72_3212,Scandinavian Gift Ideas,0695-34 6555,?kergatan 24,,Boras,N/A,S-844 67,Sweden,EMEA,Larsson,Maria,Small
10177,40,50.23,6,2009.2,2003-11-07,Shipped,4,11,2003,Ships,54,S72_3212,CAF Imports,+34 913 728 555,"Merchants House, 27-30 Merchant's Quay",,Madrid,N/A,28023,Spain,EMEA,Fernandez,Jesus,Small
10185,28,54.0,6,1512.0,2003-11-14,Shipped,4,11,2003,Ships,54,S72_3212,Mini Creations Ltd.,5085559555,4575 Hillside Dr.,,New Bedford,MA,50553,USA,,Tam,Wing C,Small
10197,42,50.23,12,2109.66,2003-11-26,Shipped,4,11,2003,Ships,54,S72_3212,Enaco Distributors,(93) 203 4555,"Rambla de Catalu¤a, 23",,Barcelona,N/A,8022,Spain,EMEA,Saavedra,Eduardo,Small
10208,42,54.0,6,2268.0,2004-01-02,Shipped,1,1,2004,Ships,54,S72_3212,"Saveley & Henriot, Co.",78.32.5555,"2, rue du Commerce",,Lyon,N/A,69004,France,EMEA,Saveley,Mary,Small
10222,36,54.0,18,1944.0,2004-02-19,Shipped,1,2,2004,Ships,54,S72_3212,Collectable Mini Designs Co.,7605558146,361 Furth Circle,,San Diego,CA,91217,USA,,Thompson,Valarie,Small
10232,24,49.69,3,1192.56,2004-03-20,Shipped,1,3,2004,Ships,54,S72_3212,giftsbymail.co.uk,(198) 555-8888,Garden House Crowther Way,,Cowes,Isle of Wight,PO31 7PJ,UK,EMEA,Bennett,Helen,Small
10248,23,54.0,9,1242.0,2004-05-07,Cancelled,2,5,2004,Ships,54,S72_3212,Land of Toys Inc.,2125557818,897 Long Airport Avenue,,NYC,NY,10022,USA,,Yu,Kwai,Small
10261,29,50.78,7,1472.62,2004-06-17,Shipped,2,6,2004,Ships,54,S72_3212,Quebec Home Shopping Network,(514) 555-8054,43 rue St. Laurent,,Montreal,Quebec,H1J 1C3,Canada,,Fresnisre,Jean,Small
10273,37,45.86,10,1696.82,2004-07-21,Shipped,3,7,2004,Ships,54,S72_3212,Petit Auto,(02) 5554 67,Rue Joseph-Bens 532,,Bruxelles,N/A,B-1180,Belgium,EMEA,Dewey,Catherine,Small
10283,33,51.32,12,1693.56,2004-08-20,Shipped,3,8,2004,Ships,54,S72_3212,"Royal Canadian Collectables, Ltd.",(604) 555-4555,23 Tsawassen Blvd.,,Tsawassen,BC,T2F 8M4,Canada,,Lincoln,Elizabeth,Small
10293,32,54.0,1,1728.0,2004-09-09,Shipped,3,9,2004,Ships,54,S72_3212,Amica Models & Co.,011-4988555,Via Monte Bianco 34,,Torino,N/A,10100,Italy,EMEA,Accorti,Paolo,Small
10306,35,54.0,6,1890.0,2004-10-14,Shipped,4,10,2004,Ships,54,S72_3212,"AV Stores, Co.",(171) 555-1555,Fauntleroy Circus,,Manchester,N/A,EC2 5NT,UK,EMEA,Ashworth,Victoria,Small
10315,40,54.0,5,2160.0,2004-10-29,Shipped,4,10,2004,Ships,54,S72_3212,La Rochelle Gifts,40.67.8555,"67, rue des Cinquante Otages",,Nantes,N/A,44000,France,EMEA,Labrune,Janine,Small
10327,37,54.0,4,1998.0,2004-11-10,Resolved,4,11,2004,Ships,54,S72_3212,Danish Wholesale Imports,31 12 3555,Vinb'ltet 34,,Kobenhavn,N/A,1734,Denmark,EMEA,Petersen,Jytte,Small
10337,42,54.0,5,2268.0,2004-11-21,Shipped,4,11,2004,Ships,54,S72_3212,Classic Legends Inc.,2125558493,5905 Pompton St.,Suite 750,NYC,NY,10022,USA,,Hernandez,Maria,Small
10350,20,54.0,15,1080.0,2004-12-02,Shipped,4,12,2004,Ships,54,S72_3212,Euro Shopping Channel,(91) 555 94 44,"C/ Moralzarzal, 86",,Madrid,N/A,28034,Spain,EMEA,Freyre,Diego,Small
10373,29,54.0,1,1566.0,2005-01-31,Shipped,1,1,2005,Ships,54,S72_3212,"Oulu Toy Supplies, Inc.",981-443655,Torikatu 38,,Oulu,N/A,90110,Finland,EMEA,Koskitalo,Pirkko,Small
10386,43,54.0,4,2322.0,2005-03-01,Resolved,1,3,2005,Ships,54,S72_3212,Euro Shopping Channel,(91) 555 94 44,"C/ Moralzarzal, 86",,Madrid,N/A,28034,Spain,EMEA,Freyre,Diego,Small
10397,34,54.0,1,1836.0,2005-03-28,Shipped,1,3,2005,Ships,54,S72_3212,Alpha Cognac,61.77.6555,1 rue Alsace-Lorraine,,Toulouse,N/A,31000,France,EMEA,Roulet,Annette,Small
10414,47,54.0,9,2538.0,2005-05-06,On Hold,2,5,2005,Ships,54,S72_3212,Gifts4AllAges.com,6175559555,8616 Spinnaker Dr.,,Boston,MA,51003,USA,,Yoshido,Juri,Small
